frame,joint,x,y,z
0,0,0.000000,0.000000,0.030000
0,1,0.025569,0.032838,0.352861
0,2,-0.009530,-0.027856,0.331050
0,3,0.032003,0.010184,0.365547
0,4,0.034488,0.012795,0.314205
0,5,-0.176029,0.000000,0.628181
0,6,0.228232,0.000000,0.627393
0,7,0.010057,0.029688,0.327448
0,8,0.052098,-0.027528,0.316690
0,9,0.013345,-0.015514,0.342302
0,10,0.012462,-0.010682,0.326221
0,11,-0.105440,0.000000,0.021537
0,12,0.196602,0.000000,0.020024
0,13,0.034809,-0.005046,0.313975
0,14,0.057635,-0.008625,0.322156
0,15,0.051011,0.008491,0.319426
0,16,0.083132,-0.013274,0.337054
0,17,0.041531,-0.019159,0.335374
0,18,0.039902,-0.007753,0.281401
0,19,0.005351,0.012686,0.283849
0,20,0.061030,0.036963,0.302803
0,21,0.020628,0.007884,0.318253
0,22,0.035189,0.000349,0.327629
0,23,0.062594,0.014200,0.281496
0,24,0.032700,0.012058,0.292493
1,0,0.003507,0.000000,0.029926
1,1,-0.003731,-0.015308,0.317065
1,2,-0.000086,-0.009022,0.352253
1,3,0.002077,0.017738,0.337182
1,4,0.025448,-0.016548,0.319045
1,5,-0.173010,0.000000,0.627390
1,6,0.231057,0.000000,0.626467
1,7,0.074285,0.001981,0.336179
1,8,0.051484,0.021113,0.319487
1,9,0.029046,-0.001192,0.317725
1,10,0.059678,0.003792,0.326319
1,11,-0.103959,0.000000,0.020019
1,12,0.197758,0.000000,0.018408
1,13,0.051898,0.024567,0.305853
1,14,0.040180,0.017703,0.312794
1,15,0.057218,-0.014580,0.313532
1,16,0.058390,-0.026549,0.297245
1,17,0.057470,0.044976,0.318414
1,18,0.046597,-0.016904,0.314981
1,19,-0.003964,-0.000991,0.298490
1,20,0.033505,0.046407,0.253542
1,21,0.040838,0.001380,0.310264
1,22,0.006227,-0.009332,0.268909
1,23,0.032304,0.003918,0.300014
1,24,0.027144,0.003719,0.298194
2,0,0.006997,0.000000,0.029705
2,1,0.020006,0.000505,0.293681
2,2,0.000399,0.006911,0.310622
2,3,0.005347,0.002267,0.327266
2,4,0.043600,0.010237,0.318685
2,5,-0.170124,0.000000,0.626464
2,6,0.233729,0.000000,0.625411
2,7,0.039531,-0.057177,0.308286
2,8,0.037441,-0.047745,0.316489
2,9,0.048163,0.020699,0.329587
2,10,0.083125,0.030559,0.287328
2,11,-0.102704,0.000000,0.018403
2,12,0.198679,0.000000,0.016701
2,13,0.045055,-0.003124,0.316750
2,14,0.038522,0.012208,0.327960
2,15,0.019394,0.018907,0.298188
2,16,0.070409,0.011293,0.306552
2,17,0.087961,0.017804,0.307789
2,18,0.051603,0.048303,0.333430
2,19,0.063581,0.004304,0.314262
2,20,0.045075,-0.030516,0.318625
2,21,0.047499,-0.027012,0.285966
2,22,0.030950,0.006514,0.331296
2,23,0.032611,-0.038825,0.307637
2,24,0.024919,-0.034855,0.246955
3,0,0.010453,0.000000,0.029337
3,1,-0.006005,0.007566,0.313660
3,2,0.031953,-0.005622,0.331849
3,3,0.038494,0.011578,0.306336
3,4,0.067230,-0.039546,0.322702
3,5,-0.167385,0.000000,0.625408
3,6,0.236235,0.000000,0.624230
3,7,0.019062,0.023803,0.296723
3,8,0.021675,-0.022780,0.293959
3,9,0.033342,0.003604,0.300618
3,10,0.012911,-0.005622,0.317484
3,11,-0.101683,0.000000,0.016695
3,12,0.199360,0.000000,0.014911
3,13,0.063843,-0.016492,0.309006
3,14,0.067805,-0.020152,0.308916
3,15,0.042022,-0.029111,0.306555
3,16,0.070753,0.044618,0.277995
3,17,0.065533,0.022056,0.329208
3,18,0.036340,0.006123,0.290608
3,19,0.053934,0.023805,0.295783
3,20,0.044372,0.017024,0.312993
3,21,0.023536,0.027247,0.306247
3,22,0.036312,0.000656,0.308464
3,23,0.049947,-0.025481,0.275116
3,24,-0.009269,0.008796,0.298215
4,0,0.013857,0.000000,0.028825
4,1,0.011549,-0.021976,0.354325
4,2,0.055093,0.031547,0.328358
4,3,0.030224,0.002743,0.323738
4,4,0.006904,-0.012134,0.341710
4,5,-0.164807,0.000000,0.624226
4,6,0.238563,0.000000,0.622930
4,7,0.041487,-0.009536,0.316481
4,8,0.079107,0.029739,0.342048
4,9,0.049776,-0.024202,0.322274
4,10,0.041460,0.012392,0.337159
4,11,-0.100900,0.000000,0.014906
4,12,0.199798,0.000000,0.013049
4,13,0.036348,0.026365,0.312284
4,14,0.051497,-0.011165,0.305430
4,15,0.050771,-0.003994,0.300796
4,16,0.039731,0.040752,0.300964
4,17,0.060972,0.001548,0.244577
4,18,0.106069,0.000029,0.289867
4,19,0.067286,0.029694,0.287394
4,20,0.021277,-0.017730,0.303703
4,21,0.037740,0.015681,0.292351
4,22,0.020437,0.002384,0.281149
4,23,0.039792,0.008337,0.301685
4,24,0.031279,-0.008386,0.254132
5,0,0.017193,0.000000,0.028171
5,1,0.047138,0.021698,0.312506
5,2,0.044162,0.003102,0.324989
5,3,0.030168,-0.016616,0.322784
5,4,0.035161,0.004061,0.311698
5,5,-0.162402,0.000000,0.622926
5,6,0.240700,0.000000,0.621516
5,7,0.051054,-0.011652,0.309907
5,8,0.047244,-0.009265,0.297706
5,9,0.036861,-0.014063,0.319212
5,10,0.062234,0.011606,0.301378
5,11,-0.100358,0.000000,0.013043
5,12,0.199990,0.000000,0.011121
5,13,0.042562,0.005225,0.276607
5,14,0.066157,0.024251,0.320769
5,15,0.004223,0.005142,0.267807
5,16,0.064723,-0.043748,0.274368
5,17,0.051267,-0.028855,0.245402
5,18,0.019755,0.008516,0.274755
5,19,0.016545,0.003133,0.296298
5,20,0.060076,0.016786,0.287510
5,21,0.017240,0.021205,0.278587
5,22,0.005503,0.008963,0.278068
5,23,-0.007903,0.011995,0.306345
5,24,-0.005368,-0.007675,0.276844
6,0,0.020444,0.000000,0.027378
6,1,0.021351,-0.009193,0.296003
6,2,0.029578,-0.006874,0.327919
6,3,0.046166,0.016215,0.332655
6,4,-0.016244,-0.020868,0.324603
6,5,-0.160183,0.000000,0.621512
6,6,0.242637,0.000000,0.619997
6,7,0.061436,-0.020749,0.302574
6,8,0.081546,-0.051267,0.309871
6,9,0.034769,-0.008365,0.307543
6,10,0.062240,0.019066,0.374832
6,11,-0.100061,0.000000,0.011116
6,12,0.199936,0.000000,0.009140
6,13,0.085408,-0.001145,0.312268
6,14,0.069670,0.053751,0.301526
6,15,0.055211,-0.003447,0.327097
6,16,0.017910,0.003146,0.274472
6,17,0.048367,0.016336,0.290999
6,18,0.035369,0.023083,0.294808
6,19,0.048149,-0.004569,0.276157
6,20,0.024877,0.042419,0.287159
6,21,0.030508,0.024431,0.298374
6,22,0.036058,0.046472,0.307522
6,23,0.004628,0.014132,0.275173
6,24,0.009187,0.021914,0.286579
7,0,0.023594,0.000000,0.026450
7,1,0.022390,-0.010968,0.328659
7,2,0.026790,0.019842,0.328633
7,3,0.032807,0.062153,0.329675
7,4,0.024725,-0.024560,0.299123
7,5,-0.158160,0.000000,0.619992
7,6,0.244364,0.000000,0.618379
7,7,0.019245,-0.001600,0.316304
7,8,0.060185,-0.020129,0.305583
7,9,0.037703,0.033092,0.315947
7,10,0.058738,0.022413,0.315789
7,11,-0.100011,0.000000,0.009134
7,12,0.199637,0.000000,0.007113
7,13,0.047677,-0.008568,0.299264
7,14,0.046769,-0.004660,0.298416
7,15,0.083880,-0.026588,0.259732
7,16,0.051033,0.027648,0.293501
7,17,0.057513,0.033248,0.292215
7,18,0.041979,-0.016266,0.282041
7,19,0.026211,0.014864,0.322536
7,20,0.044265,-0.017063,0.275165
7,21,0.019061,0.000517,0.300634
7,22,-0.007800,-0.020603,0.322844
7,23,0.027013,0.008886,0.257453
7,24,0.033542,0.011547,0.254483
8,0,0.026628,0.000000,0.025392
8,1,0.006771,0.013426,0.298650
8,2,0.047309,-0.009955,0.337044
8,3,0.057048,0.037969,0.286983
8,4,0.012441,-0.001347,0.354598
8,5,-0.156343,0.000000,0.618374
8,6,0.245873,0.000000,0.616670
8,7,0.058622,-0.026476,0.333834
8,8,0.048075,0.026506,0.290466
8,9,0.068959,0.028464,0.291949
8,10,0.053568,0.009679,0.313959
8,11,-0.100206,0.000000,0.007107
8,12,0.199092,0.000000,0.005051
8,13,0.031311,0.021107,0.285448
8,14,0.048820,0.010726,0.308997
8,15,0.056912,-0.035626,0.253932
8,16,0.046756,0.007459,0.325383
8,17,0.034561,-0.002700,0.265191
8,18,0.043632,0.029234,0.285074
8,19,0.041266,0.024342,0.314794
8,20,0.046710,0.021123,0.221583
8,21,-0.013761,0.007984,0.253492
8,22,0.038610,-0.010955,0.253946
8,23,0.031922,-0.012412,0.263937
8,24,0.024414,-0.003917,0.257707
9,0,0.029531,0.000000,0.024208
9,1,0.012077,-0.032445,0.355851
9,2,0.063647,0.001148,0.308007
9,3,0.050026,-0.003808,0.335930
9,4,0.055709,0.001355,0.313027
9,5,-0.154740,0.000000,0.616665
9,6,0.247155,0.000000,0.614880
9,7,0.060853,0.000238,0.280061
9,8,0.055390,0.036225,0.303863
9,9,0.055469,-0.006463,0.314960
9,10,0.044136,0.047614,0.316716
9,11,-0.100647,0.000000,0.005045
9,12,0.198306,0.000000,0.002964
9,13,0.047722,0.006713,0.303268
9,14,0.074648,-0.013628,0.282938
9,15,0.053836,-0.003773,0.284421
9,16,0.002475,0.000039,0.283262
9,17,0.058201,-0.021425,0.301219
9,18,0.031998,-0.013108,0.316685
9,19,0.058421,-0.005425,0.285053
9,20,-0.016847,0.019312,0.284527
9,21,0.044161,-0.007564,0.297017
9,22,0.025583,0.011436,0.275547
9,23,-0.001385,-0.021274,0.286508
9,24,-0.010138,0.011347,0.242670
10,0,0.032289,0.000000,0.022906
10,1,0.064120,0.011630,0.324035
10,2,0.024594,-0.015368,0.311673
10,3,0.056215,0.005141,0.327561
10,4,0.063993,0.013768,0.334363
10,5,-0.153361,0.000000,0.614874
10,6,0.248205,0.000000,0.613016
10,7,0.049320,-0.019642,0.340133
10,8,0.077152,-0.033174,0.305645
10,9,0.097516,0.026767,0.329267
10,10,0.004743,-0.006265,0.290804
10,11,-0.101331,0.000000,0.002958
10,12,0.197282,0.000000,0.000863
10,13,0.044392,-0.000770,0.320547
10,14,0.033602,-0.003280,0.278977
10,15,0.011527,0.008111,0.317174
10,16,0.037210,0.028879,0.284653
10,17,0.044844,-0.040152,0.298198
10,18,0.065342,-0.013781,0.298816
10,19,0.033998,-0.005866,0.291608
10,20,0.017626,-0.014191,0.284545
10,21,0.010853,0.002014,0.238284
10,22,0.003854,0.021766,0.294918
10,23,0.031434,-0.001081,0.300691
10,24,0.034986,-0.009085,0.276488
11,0,0.034887,0.000000,0.021491
11,1,0.098126,-0.008955,0.282509
11,2,0.073078,0.003671,0.288996
11,3,0.018924,0.007918,0.288950
11,4,0.030361,-0.028867,0.317036
11,5,-0.152212,0.000000,0.613010
11,6,0.249018,0.000000,0.611088
11,7,0.049067,-0.035949,0.339887
11,8,0.030171,-0.008400,0.349266
11,9,0.045825,-0.010762,0.293503
11,10,0.065498,-0.011676,0.262692
11,11,-0.102254,0.000000,0.000857
11,12,0.196025,0.000000,-0.001243
11,13,0.017359,-0.013154,0.293183
11,14,0.008684,0.002504,0.284350
11,15,0.016499,-0.005965,0.330291
11,16,0.027184,-0.003509,0.307321
11,17,0.026508,0.008954,0.296684
11,18,0.000367,0.010479,0.273141
11,19,0.014328,-0.001481,0.260692
11,20,0.032447,0.016101,0.327866
11,21,0.002495,-0.007456,0.315615
11,22,-0.026452,-0.012641,0.309397
11,23,-0.013514,0.047630,0.268354
11,24,-0.023669,0.000450,0.276808
12,0,0.037313,0.000000,0.019969
12,1,0.029658,-0.009878,0.320508
12,2,0.033668,-0.020151,0.316378
12,3,0.042738,-0.032748,0.320629
12,4,0.044533,0.026929,0.302810
12,5,-0.151298,0.000000,0.611082
12,6,0.249589,0.000000,0.609105
12,7,0.028062,-0.016774,0.331036
12,8,0.060388,-0.001868,0.281998
12,9,0.037933,0.000242,0.314308
12,10,0.039194,0.026044,0.295422
12,11,-0.103413,0.000000,-0.001249
12,12,0.194541,0.000000,-0.003342
12,13,0.066173,-0.028999,0.307033
12,14,0.031916,-0.041058,0.306287
12,15,0.023600,0.021249,0.266734
12,16,0.030429,0.006750,0.256117
12,17,0.021710,0.011264,0.269974
12,18,0.010365,0.016861,0.340896
12,19,0.006622,0.009510,0.270235
12,20,0.045577,-0.011378,0.286045
12,21,0.034221,-0.021188,0.291300
12,22,-0.000289,-0.034284,0.266221
12,23,0.000013,-0.010995,0.294357
12,24,-0.012239,0.004075,0.285021
13,0,0.039556,0.000000,0.018350
13,1,0.084688,0.013497,0.301574
13,2,0.076411,0.003111,0.320297
13,3,0.022752,-0.006029,0.317923
13,4,0.017200,-0.007087,0.311412
13,5,-0.150624,0.000000,0.609099
13,6,0.249915,0.000000,0.607077
13,7,0.035087,0.028185,0.338221
13,8,0.022264,-0.038809,0.274908
13,9,0.075549,-0.024341,0.296210
13,10,0.074951,0.013923,0.318228
13,11,-0.104802,0.000000,-0.003348
13,12,0.192838,0.000000,-0.005425
13,13,0.041920,0.045165,0.283798
13,14,0.012618,0.002444,0.347658
13,15,0.065402,-0.005153,0.256242
13,16,0.030812,0.010505,0.299187
13,17,0.023207,-0.020466,0.274149
13,18,0.029118,0.028258,0.303957
13,19,0.011346,-0.004223,0.305311
13,20,0.033242,0.010158,0.234475
13,21,-0.021556,0.014804,0.301300
13,22,0.010992,0.002337,0.276752
13,23,0.004015,-0.029028,0.261598
13,24,0.003165,-0.005867,0.271185
14,0,0.041604,0.000000,0.016640
14,1,0.043508,0.007223,0.303934
14,2,0.024760,0.006158,0.278507
14,3,0.044535,-0.028594,0.332614
14,4,0.096777,-0.023352,0.327487
14,5,-0.150193,0.000000,0.607071
14,6,0.249996,0.000000,0.605015
14,7,0.039822,-0.012284,0.293707
14,8,0.056233,0.012577,0.286803
14,9,0.034962,0.022236,0.326538
14,10,0.024650,-0.006507,0.317004
14,11,-0.106413,0.000000,-0.005431
14,12,0.190924,0.000000,-0.007482
14,13,0.079901,0.004934,0.300466
14,14,0.016710,0.020789,0.298583
14,15,0.023616,0.000381,0.331671
14,16,0.057419,0.031010,0.267028
14,17,-0.002105,-0.031370,0.296104
14,18,-0.005650,-0.020721,0.305223
14,19,-0.023940,0.010819,0.255633
14,20,0.010578,0.047786,0.285598
14,21,-0.001911,-0.004014,0.272666
14,22,-0.012522,-0.033313,0.258466
14,23,0.020797,0.025446,0.287518
14,24,-0.012308,0.013113,0.279025
15,0,0.043447,0.000000,0.014848
15,1,0.058389,0.031476,0.338614
15,2,0.041273,-0.016929,0.270111
15,3,0.034656,-0.001252,0.306966
15,4,0.049435,0.008977,0.327820
15,5,-0.150008,0.000000,0.605009
15,6,0.249831,0.000000,0.602928
15,7,0.019206,-0.019152,0.281727
15,8,0.062322,0.037017,0.303558
15,9,0.056026,-0.009356,0.277945
15,10,0.031703,0.032675,0.294493
15,11,-0.108239,0.000000,-0.007488
15,12,0.188808,0.000000,-0.009501
15,13,0.032067,0.013434,0.291243
15,14,0.054203,0.000840,0.293261
15,15,0.038876,-0.011033,0.277619
15,16,0.036969,0.003501,0.272603
15,17,0.019650,0.051381,0.278659
15,18,-0.000495,0.009158,0.313726
15,19,0.006440,-0.003974,0.270418
15,20,-0.020829,-0.001325,0.299235
15,21,0.008443,0.002787,0.242265
15,22,-0.012067,-0.021809,0.221254
15,23,-0.022019,0.012513,0.254612
15,24,-0.032037,0.035500,0.286406
16,0,0.045076,0.000000,0.012983
16,1,0.072808,0.026826,0.324631
16,2,0.047687,0.009667,0.338663
16,3,0.054957,0.003305,0.311496
16,4,0.068621,-0.009907,0.338970
16,5,-0.150069,0.000000,0.602922
16,6,0.249420,0.000000,0.600826
16,7,0.067882,-0.012822,0.334618
16,8,0.013093,-0.046335,0.308893
16,9,0.029732,-0.012398,0.305220
16,10,0.064586,0.045134,0.302379
16,11,-0.110270,0.000000,-0.009507
16,12,0.186501,0.000000,-0.011474
16,13,0.018670,0.011878,0.280197
16,14,0.017946,0.021895,0.310615
16,15,-0.012852,0.020672,0.285989
16,16,0.030675,-0.020122,0.259584
16,17,0.005480,0.010275,0.275642
16,18,0.002744,0.017621,0.261341
16,19,-0.033507,0.008345,0.252022
16,20,0.003455,0.020867,0.257163
16,21,-0.016854,-0.028926,0.271528
16,22,-0.026052,-0.038423,0.266568
16,23,0.004059,-0.027372,0.275145
16,24,-0.034373,-0.039135,0.297522
17,0,0.046482,0.000000,0.011054
17,1,0.055270,0.000617,0.291759
17,2,0.010069,0.015914,0.290797
17,3,0.084370,-0.016558,0.295811
17,4,0.044961,-0.007128,0.309361
17,5,-0.150376,0.000000,0.600820
17,6,0.248766,0.000000,0.598721
17,7,0.043928,0.000806,0.282956
17,8,0.073895,-0.000191,0.286200
17,9,0.043449,-0.020991,0.282400
17,10,0.043731,0.003701,0.324349
17,11,-0.112497,0.000000,-0.011479
17,12,0.184014,0.000000,-0.013390
17,13,0.027656,0.005726,0.263950
17,14,0.049515,-0.006465,0.321336
17,15,-0.014764,0.027065,0.275810
17,16,0.011427,-0.023917,0.290820
17,17,0.035160,-0.027501,0.281720
17,18,-0.008134,0.004617,0.281320
17,19,-0.023617,-0.038173,0.270613
17,20,0.011656,-0.025300,0.272222
17,21,0.003456,-0.014273,0.248032
17,22,-0.021648,0.014211,0.270665
17,23,0.007042,-0.026493,0.317863
17,24,-0.016847,-0.015671,0.297615
18,0,0.047660,0.000000,0.009070
18,1,0.038397,-0.015302,0.295965
18,2,-0.003113,0.012984,0.299885
18,3,0.039321,-0.023121,0.331064
18,4,0.046897,-0.009895,0.315133
18,5,-0.150927,0.000000,0.598715
18,6,0.247871,0.000000,0.596621
18,7,0.033345,-0.012609,0.310506
18,8,0.056667,0.010444,0.303033
18,9,0.039933,-0.020269,0.287455
18,10,0.072262,-0.007174,0.307778
18,11,-0.114909,0.000000,-0.013395
18,12,0.181359,0.000000,-0.015240
18,13,0.012351,0.004962,0.267771
18,14,0.026371,-0.011329,0.245642
18,15,0.010948,0.017748,0.265709
18,16,0.002074,-0.009817,0.268071
18,17,0.024177,0.002169,0.270861
18,18,-0.019838,0.027712,0.271745
18,19,-0.008539,-0.025812,0.285189
18,20,-0.002443,-0.000708,0.240712
18,21,-0.043085,-0.007097,0.316671
18,22,-0.018736,0.014972,0.309475
18,23,0.007635,0.003521,0.234770
18,24,-0.019745,0.013839,0.279085
19,0,0.048603,0.000000,0.007042
19,1,0.040061,-0.026187,0.316809
19,2,0.072759,0.000074,0.298900
19,3,0.056856,-0.027773,0.287556
19,4,0.047600,-0.028002,0.312699
19,5,-0.151720,0.000000,0.596615
19,6,0.246741,0.000000,0.594539
19,7,0.045456,0.013246,0.262626
19,8,0.048034,-0.018696,0.296645
19,9,0.019306,0.005374,0.336819
19,10,0.020235,0.006804,0.295070
19,11,-0.117494,0.000000,-0.015245
19,12,0.178550,0.000000,-0.017015
19,13,0.046525,0.014918,0.297693
19,14,-0.006527,-0.009093,0.252823
19,15,-0.005829,0.027396,0.274137
19,16,-0.012521,-0.005808,0.297288
19,17,-0.011451,-0.006446,0.257564
19,18,-0.018468,0.009268,0.301187
19,19,-0.017788,0.033053,0.256406
19,20,0.029194,0.005018,0.311988
19,21,-0.035086,0.017543,0.291264
19,22,-0.038053,-0.021852,0.267989
19,23,-0.038413,0.021487,0.260307
19,24,-0.031276,0.001667,0.306788
20,0,0.049307,0.000000,0.004979
20,1,0.072214,0.016443,0.304617
20,2,0.057587,-0.038623,0.297118
20,3,0.028764,0.001450,0.297309
20,4,0.036656,0.002099,0.300238
20,5,-0.152751,0.000000,0.594533
20,6,0.245380,0.000000,0.592483
20,7,0.020908,0.014508,0.298191
20,8,0.037419,0.008182,0.314213
20,9,0.060462,0.019339,0.292158
20,10,0.079316,0.035411,0.245704
20,11,-0.120239,0.000000,-0.017020
20,12,0.175601,0.000000,-0.018706
20,13,0.038487,-0.043675,0.300464
20,14,0.037729,0.002313,0.278665
20,15,0.022194,0.015793,0.281997
20,16,-0.021494,-0.010978,0.297455
20,17,0.005649,0.001401,0.301528
20,18,-0.007705,-0.018147,0.253680
20,19,0.025212,-0.011338,0.301452
20,20,-0.010155,-0.003720,0.282139
20,21,-0.023422,-0.021508,0.287524
20,22,-0.006600,-0.012900,0.254720
20,23,0.017467,0.006159,0.287998
20,24,-0.046585,-0.018007,0.306688
21,0,0.049767,0.000000,0.002891
21,1,0.025359,-0.030520,0.313777
21,2,0.046323,-0.019059,0.277349
21,3,0.055242,0.003986,0.293797
21,4,0.034672,0.026926,0.260285
21,5,-0.154015,0.000000,0.592477
21,6,0.243796,0.000000,0.590464
21,7,0.062645,0.054697,0.281837
21,8,0.048388,-0.023146,0.272640
21,9,0.081036,0.012642,0.308956
21,10,0.050210,-0.036739,0.248927
21,11,-0.123131,0.000000,-0.018711
21,12,0.172525,0.000000,-0.020305
21,13,0.005637,0.014654,0.243901
21,14,0.026418,0.000250,0.307019
21,15,0.001640,-0.014065,0.265223
21,16,-0.005976,-0.015540,0.250661
21,17,0.003863,0.048741,0.283015
21,18,0.024865,-0.021313,0.292287
21,19,-0.005550,0.019421,0.280117
21,20,-0.030742,-0.017173,0.279038
21,21,-0.030807,0.016311,0.255796
21,22,-0.026349,0.009732,0.275336
21,23,-0.023814,0.004833,0.233480
21,24,-0.080748,0.023744,0.298171
22,0,0.049983,0.000000,0.000790
22,1,0.065892,0.019312,0.292095
22,2,-0.002574,-0.007259,0.322927
22,3,0.040532,-0.008207,0.308431
22,4,0.037370,-0.006890,0.277843
22,5,-0.155505,0.000000,0.590458
22,6,0.241996,0.000000,0.588493
22,7,0.034414,0.008686,0.317581
22,8,0.065585,-0.009212,0.281082
22,9,0.045129,-0.008641,0.238618
22,10,0.064835,-0.019655,0.284322
22,11,-0.126155,0.000000,-0.020310
22,12,0.169338,0.000000,-0.021804
22,13,0.012605,0.002955,0.268421
22,14,0.013038,-0.034952,0.278762
22,15,-0.008739,-0.005559,0.289135
22,16,-0.000278,0.017860,0.266933
22,17,0.037929,-0.011020,0.260642
22,18,-0.017568,0.009299,0.258856
22,19,0.000890,-0.005946,0.275734
22,20,-0.030977,0.029897,0.247763
22,21,-0.045661,0.020979,0.269424
22,22,-0.014561,0.028257,0.285926
22,23,-0.047403,0.001362,0.234996
22,24,-0.045692,-0.012515,0.253377
23,0,0.049952,0.000000,-0.001316
23,1,0.033547,-0.001931,0.302081
23,2,-0.007635,0.024049,0.288051
23,3,0.043123,0.009059,0.339831
23,4,0.091255,-0.012073,0.310920
23,5,-0.157215,0.000000,0.588487
23,6,0.239989,0.000000,0.586577
23,7,0.043284,-0.000216,0.267687
23,8,0.025958,0.010312,0.287623
23,9,0.078082,-0.016098,0.282216
23,10,0.027002,0.023651,0.284491
23,11,-0.129297,0.000000,-0.021809
23,12,0.166056,0.000000,-0.023196
23,13,0.023051,-0.015321,0.284669
23,14,0.000472,0.010567,0.314969
23,15,0.018551,-0.012565,0.263032
23,16,-0.004561,0.010003,0.286114
23,17,-0.027193,0.025954,0.273655
23,18,-0.029586,-0.034917,0.251078
23,19,-0.056036,0.022713,0.273277
23,20,-0.014779,-0.023473,0.215820
23,21,-0.030658,-0.006795,0.261914
23,22,-0.032476,-0.003986,0.223463
23,23,-0.032396,0.015648,0.265112
23,24,-0.084497,-0.002726,0.251879
24,0,0.049675,0.000000,-0.003415
24,1,0.056073,0.044708,0.262633
24,2,0.007431,0.015237,0.252793
24,3,0.063509,-0.000612,0.276689
24,4,0.008770,-0.008908,0.280318
24,5,-0.159135,0.000000,0.586572
24,6,0.237785,0.000000,0.584729
24,7,0.041063,0.029766,0.265096
24,8,0.046821,0.017978,0.269464
24,9,0.013046,0.013130,0.234449
24,10,0.027791,-0.029480,0.267333
24,11,-0.132540,0.000000,-0.023200
24,12,0.162695,0.000000,-0.024473
24,13,0.007645,-0.013689,0.263756
24,14,-0.003756,0.025336,0.227547
24,15,0.030603,0.017157,0.234118
24,16,0.003045,-0.009940,0.251017
24,17,-0.011069,0.010021,0.278872
24,18,-0.050286,-0.016483,0.255884
24,19,-0.013473,0.015190,0.264528
24,20,-0.008853,0.002308,0.278703
24,21,-0.046055,0.032825,0.290318
24,22,-0.024034,-0.032206,0.280342
24,23,-0.021847,0.011635,0.249435
24,24,-0.054102,0.042831,0.246962
25,0,0.049153,0.000000,-0.005497
25,1,0.026676,0.006269,0.321614
25,2,0.044206,0.006679,0.303527
25,3,0.004477,-0.015490,0.276623
25,4,0.034428,-0.017685,0.282086
25,5,-0.161256,0.000000,0.584723
25,6,0.235395,0.000000,0.582955
25,7,0.070437,0.004332,0.307137
25,8,0.029141,0.003520,0.279273
25,9,0.045263,-0.009309,0.275049
25,10,-0.014441,0.013581,0.258120
25,11,-0.135870,0.000000,-0.024477
25,12,0.159272,0.000000,-0.025630
25,13,0.016950,0.011115,0.276368
25,14,-0.001912,-0.014877,0.261977
25,15,-0.016324,0.013396,0.279132
25,16,-0.015415,0.017575,0.291812
25,17,-0.075949,-0.017443,0.297404
25,18,-0.007479,-0.007757,0.284134
25,19,-0.005552,0.017612,0.252043
25,20,-0.039987,0.012218,0.273702
25,21,-0.025448,-0.043105,0.288733
25,22,-0.037112,-0.014602,0.261722
25,23,-0.054711,0.026582,0.255196
25,24,-0.033855,-0.012971,0.253255
26,0,0.048390,0.000000,-0.007552
26,1,0.041943,0.016867,0.271628
26,2,0.005576,0.007533,0.264969
26,3,0.044441,0.027206,0.298401
26,4,0.050169,-0.048816,0.279637
26,5,-0.163569,0.000000,0.582950
26,6,0.232830,0.000000,0.581265
26,7,0.039523,0.000151,0.282029
26,8,0.007989,0.024774,0.259346
26,9,0.012697,-0.023286,0.284854
26,10,0.025817,-0.005787,0.264372
26,11,-0.139269,0.000000,-0.025633
26,12,0.155802,0.000000,-0.026661
26,13,-0.002521,0.051150,0.225450
26,14,-0.010794,0.014755,0.275347
26,15,-0.016292,0.002416,0.261030
26,16,-0.034063,-0.010317,0.296635
26,17,-0.002018,-0.009663,0.270449
26,18,-0.020764,0.015201,0.249908
26,19,-0.004116,-0.013138,0.281712
26,20,-0.023957,-0.023221,0.281100
26,21,-0.011775,0.043953,0.282096
26,22,-0.045300,-0.003345,0.296132
26,23,-0.003534,0.009384,0.273542
26,24,-0.030475,0.011855,0.270802
27,0,0.047387,0.000000,-0.009570
27,1,0.031963,-0.013154,0.266953
27,2,0.060071,0.004055,0.302056
27,3,0.008179,-0.003839,0.284661
27,4,0.043578,-0.014817,0.306449
27,5,-0.166061,0.000000,0.581260
27,6,0.230104,0.000000,0.579668
27,7,0.010422,-0.039589,0.254713
27,8,0.013377,0.011111,0.231585
27,9,0.014617,0.019873,0.295104
27,10,0.008356,0.023841,0.272143
27,11,-0.142721,0.000000,-0.026664
27,12,0.152305,0.000000,-0.027560
27,13,0.004504,-0.004725,0.271244
27,14,0.034094,0.012985,0.288821
27,15,-0.017145,-0.019713,0.263271
27,16,-0.011285,-0.014235,0.288862
27,17,-0.061042,0.039056,0.267298
27,18,0.014786,0.039310,0.306215
27,19,-0.030850,0.011986,0.248317
27,20,-0.030182,-0.000672,0.231790
27,21,-0.055073,0.026522,0.246280
27,22,-0.021662,0.000108,0.267661
27,23,-0.073229,0.008355,0.285128
27,24,0.005098,-0.004672,0.260672
28,0,0.046152,0.000000,-0.011541
28,1,0.056275,0.002312,0.275388
28,2,0.058283,0.004236,0.289805
28,3,0.063220,-0.016041,0.302274
28,4,0.021062,0.008646,0.279994
28,5,-0.168720,0.000000,0.579663
28,6,0.227230,0.000000,0.578170
28,7,0.019804,-0.075241,0.272028
28,8,-0.003382,-0.003081,0.270469
28,9,0.023444,-0.036693,0.269416
28,10,0.024957,-0.019529,0.276651
28,11,-0.146208,0.000000,-0.027562
28,12,0.148795,0.000000,-0.028323
28,13,0.029249,0.003252,0.281849
28,14,-0.019049,-0.029410,0.255002
28,15,-0.004765,0.042171,0.244460
28,16,-0.039825,-0.005448,0.242771
28,17,-0.026957,0.007591,0.272596
28,18,-0.038295,-0.037911,0.285143
28,19,-0.048449,0.000175,0.258979
28,20,-0.056802,-0.013449,0.258115
28,21,-0.076462,-0.029162,0.275014
28,22,-0.028607,-0.003898,0.247840
28,23,-0.051084,0.017750,0.258767
28,24,-0.026401,-0.008825,0.272350
29,0,0.044689,0.000000,-0.013455
29,1,0.022445,0.006714,0.310091
29,2,0.028418,0.005203,0.265357
29,3,0.041507,0.007797,0.297837
29,4,0.024548,-0.036937,0.281605
29,5,-0.171533,0.000000,0.578166
29,6,0.224221,0.000000,0.576781
29,7,0.016662,-0.017647,0.291435
29,8,0.007915,0.003480,0.274563
29,9,0.019755,0.013067,0.260249
29,10,0.012095,0.018295,0.288286
29,11,-0.149715,0.000000,-0.028325
29,12,0.145292,0.000000,-0.028947
29,13,0.005578,-0.040117,0.257594
29,14,-0.017284,-0.005278,0.256535
29,15,-0.018953,0.050155,0.260608
29,16,-0.030272,0.016982,0.238237
29,17,-0.046712,-0.023480,0.270644
29,18,-0.051379,-0.007812,0.243846
29,19,-0.032734,0.029106,0.267025
29,20,-0.049637,-0.001803,0.266727
29,21,-0.024589,0.030886,0.249963
29,22,-0.039048,0.041633,0.285435
29,23,-0.072063,0.025541,0.259078
29,24,-0.062487,-0.007398,0.256334
30,0,0.043006,0.000000,-0.015303
30,1,0.041792,0.004492,0.294285
30,2,0.043127,0.004412,0.286369
30,3,0.049837,0.006169,0.253414
30,4,0.003659,-0.015199,0.273376
30,5,-0.174487,0.000000,0.576777
30,6,0.221093,0.000000,0.575505
30,7,0.019391,-0.048466,0.271637
30,8,0.020100,0.015297,0.266258
30,9,-0.002028,0.008032,0.292841
30,10,0.017427,-0.000958,0.277670
30,11,-0.153223,0.000000,-0.028949
30,12,0.141812,0.000000,-0.029429
30,13,-0.005128,-0.012969,0.243962
30,14,-0.040272,0.006837,0.283073
30,15,-0.050093,0.020353,0.275628
30,16,-0.030201,-0.011013,0.268331
30,17,-0.049961,0.028207,0.239244
30,18,-0.036152,-0.018235,0.284114
30,19,-0.077776,-0.017445,0.258009
30,20,-0.015350,0.014085,0.283293
30,21,-0.062243,0.027188,0.259303
30,22,-0.041964,0.010117,0.268900
30,23,-0.056266,0.000206,0.226042
30,24,-0.028003,-0.009205,0.263422
31,0,0.041111,0.000000,-0.017075
31,1,0.074873,0.008510,0.293622
31,2,0.051747,0.027920,0.255361
31,3,0.078813,0.009388,0.253092
31,4,0.029860,0.029983,0.261397
31,5,-0.177566,0.000000,0.575502
31,6,0.217861,0.000000,0.574351
31,7,0.014764,-0.013084,0.223142
31,8,-0.006174,-0.018682,0.255609
31,9,0.025788,-0.004073,0.289692
31,10,0.012063,-0.013741,0.259140
31,11,-0.156715,0.000000,-0.029430
31,12,0.138372,0.000000,-0.029765
31,13,-0.034364,0.022884,0.237926
31,14,-0.048506,0.006220,0.260812
31,15,0.006447,-0.020107,0.268202
31,16,-0.029144,-0.024383,0.267325
31,17,-0.030670,-0.004439,0.259894
31,18,-0.000383,-0.004127,0.256153
31,19,-0.036501,0.016078,0.251787
31,20,-0.066433,0.014688,0.269609
31,21,-0.015548,0.033060,0.265019
31,22,-0.056968,-0.001798,0.276955
31,23,-0.034336,-0.000349,0.289331
31,24,-0.043547,-0.037442,0.253110
32,0,0.039013,0.000000,-0.018763
32,1,0.066116,0.007198,0.260184
32,2,0.075545,0.026888,0.249691
32,3,0.025462,0.006212,0.270193
32,4,0.005352,0.014358,0.270895
32,5,-0.180755,0.000000,0.574348
32,6,0.214541,0.000000,0.573322
32,7,0.005164,0.034643,0.271746
32,8,-0.016541,-0.001761,0.284370
32,9,0.025953,0.008327,0.239381
32,10,-0.026413,-0.011024,0.255396
32,11,-0.160174,0.000000,-0.029766
32,12,0.134990,0.000000,-0.029954
32,13,-0.008504,-0.017435,0.290373
32,14,0.000400,-0.000407,0.240362
32,15,-0.013628,0.008488,0.264290
32,16,-0.040744,-0.006049,0.256557
32,17,-0.044806,0.014819,0.260628
32,18,-0.013176,-0.024748,0.299762
32,19,-0.028233,0.004345,0.262134
32,20,-0.068047,0.023107,0.268633
32,21,-0.068605,0.007320,0.250635
32,22,-0.041540,0.004165,0.314289
32,23,-0.103047,0.011887,0.270007
32,24,-0.047705,0.003280,0.281114
33,0,0.036724,0.000000,-0.020359
33,1,0.031061,0.004206,0.265246
33,2,0.005846,-0.025343,0.284847
33,3,0.039529,0.006183,0.255626
33,4,0.047731,-0.014110,0.257221
33,5,-0.184040,0.000000,0.573320
33,6,0.211150,0.000000,0.572426
33,7,-0.004939,0.007544,0.230565
33,8,-0.023143,0.034379,0.253924
33,9,-0.027587,-0.022087,0.236253
33,10,-0.007643,-0.007343,0.279435
33,11,-0.163583,0.000000,-0.029955
33,12,0.131681,0.000000,-0.029997
33,13,-0.083602,0.013858,0.256907
33,14,0.005450,-0.037738,0.275069
33,15,-0.049941,-0.021126,0.266173
33,16,-0.037015,-0.039014,0.258253
33,17,0.011630,-0.010842,0.298112
33,18,-0.070706,-0.000864,0.314437
33,19,-0.033724,-0.019431,0.243798
33,20,-0.039134,-0.007802,0.268494
33,21,-0.080742,0.023495,0.247150
33,22,-0.052504,-0.000992,0.298483
33,23,-0.065614,-0.035323,0.280912
33,24,-0.057571,-0.028996,0.266485
34,0,0.034253,0.000000,-0.021855
34,1,0.032515,0.012508,0.295061
34,2,0.048755,0.014896,0.259876
34,3,0.021778,-0.006028,0.255985
34,4,-0.020649,-0.006935,0.286415
34,5,-0.187403,0.000000,0.572423
34,6,0.207703,0.000000,0.571665
34,7,-0.014098,0.013324,0.261629
34,8,0.001813,-0.002171,0.292644
34,9,-0.015478,0.055907,0.277743
34,10,-0.036224,-0.005043,0.243692
34,11,-0.166925,0.000000,-0.029996
34,12,0.128463,0.000000,-0.029891
34,13,-0.029952,-0.012307,0.301510
34,14,-0.006399,0.010734,0.262861
34,15,-0.029145,-0.003742,0.315980
34,16,-0.026624,0.007177,0.256235
34,17,-0.056304,-0.020246,0.273709
34,18,-0.017959,-0.030511,0.253672
34,19,-0.060740,0.028644,0.296245
34,20,-0.037558,-0.005152,0.256375
34,21,-0.020685,-0.017735,0.281206
34,22,-0.040098,-0.005251,0.309753
34,23,-0.039285,-0.038060,0.294359
34,24,-0.079829,-0.028412,0.284399
35,0,0.031614,0.000000,-0.023242
35,1,0.053103,0.007925,0.272800
35,2,0.021557,-0.001466,0.270480
35,3,-0.021206,0.020943,0.226692
35,4,0.006670,0.027653,0.285116
35,5,-0.190828,0.000000,0.571663
35,6,0.204219,0.000000,0.571043
35,7,-0.015461,0.031285,0.298372
35,8,-0.022528,-0.001945,0.269164
35,9,-0.015629,-0.001528,0.272634
35,10,0.013422,0.002036,0.305222
35,11,-0.170183,0.000000,-0.029890
35,12,0.125351,0.000000,-0.029638
35,13,-0.038478,-0.004437,0.311039
35,14,-0.070811,-0.012876,0.259885
35,15,-0.028999,0.009903,0.247383
35,16,-0.033966,-0.028909,0.238148
35,17,-0.035211,0.032167,0.286353
35,18,-0.057651,-0.012100,0.276796
35,19,-0.084865,-0.006666,0.260142
35,20,-0.044793,0.008703,0.247549
35,21,-0.042062,-0.018591,0.248887
35,22,-0.044311,0.004275,0.277075
35,23,-0.040045,0.014895,0.295370
35,24,-0.042169,-0.018917,0.252750
36,0,0.028818,0.000000,-0.024516
36,1,-0.013190,0.013651,0.270153
36,2,0.039355,0.003939,0.260953
36,3,0.005224,0.008023,0.268378
36,4,0.011638,0.024908,0.248864
36,5,-0.194299,0.000000,0.571042
36,6,0.200714,0.000000,0.570564
36,7,-0.000354,0.006327,0.269392
36,8,-0.001110,-0.045404,0.281378
36,9,-0.014421,0.004723,0.301483
36,10,-0.022804,-0.000029,0.262354
36,11,-0.173342,0.000000,-0.029637
36,12,0.122360,0.000000,-0.029239
36,13,-0.065554,-0.027029,0.251848
36,14,-0.037737,-0.002336,0.276370
36,15,-0.027628,0.015424,0.266574
36,16,-0.025400,-0.010717,0.268814
36,17,-0.067802,0.030336,0.285122
36,18,-0.024770,-0.010417,0.284105
36,19,-0.062452,-0.017019,0.282729
36,20,-0.060252,0.017615,0.262637
36,21,-0.088400,0.007772,0.288604
36,22,-0.068517,0.030656,0.294661
36,23,-0.017753,0.005796,0.257916
36,24,-0.040891,-0.002584,0.287319
37,0,0.025881,0.000000,-0.025668
37,1,0.029458,-0.000358,0.267529
37,2,-0.000409,0.024423,0.297230
37,3,0.014089,0.000269,0.269484
37,4,0.005327,-0.042728,0.262352
37,5,-0.197797,0.000000,0.570563
37,6,0.197205,0.000000,0.570231
37,7,0.016704,0.005745,0.292587
37,8,-0.020490,-0.036280,0.281133
37,9,0.007353,0.011335,0.224773
37,10,-0.028203,0.013637,0.243524
37,11,-0.176386,0.000000,-0.029238
37,12,0.119505,0.000000,-0.028696
37,13,-0.042351,-0.016833,0.299996
37,14,-0.062978,0.007857,0.229348
37,15,-0.048226,0.027013,0.243832
37,16,-0.021078,0.018003,0.284163
37,17,-0.020990,0.001542,0.284347
37,18,-0.070412,-0.013333,0.286480
37,19,-0.080442,0.008195,0.305807
37,20,-0.063477,-0.015895,0.288456
37,21,-0.036505,-0.025638,0.276056
37,22,-0.041544,-0.000062,0.292839
37,23,-0.044954,0.006625,0.281247
37,24,-0.021028,-0.004876,0.293868
38,0,0.022817,0.000000,-0.026694
38,1,0.010804,0.000299,0.251355
38,2,0.014374,0.021629,0.265730
38,3,-0.002406,-0.020361,0.245942
38,4,-0.011557,-0.013117,0.275807
38,5,-0.201306,0.000000,0.570230
38,6,0.193710,0.000000,0.570044
38,7,-0.009577,-0.029844,0.293953
38,8,-0.030900,0.007902,0.237372
38,9,-0.049805,0.017679,0.278336
38,10,-0.024772,0.021267,0.284425
38,11,-0.179301,0.000000,-0.028694
38,12,0.116801,0.000000,-0.028012
38,13,-0.055304,-0.025607,0.286383
38,14,-0.069457,0.019379,0.277179
38,15,-0.050247,0.006977,0.273826
38,16,-0.047220,0.029068,0.284331
38,17,-0.039986,-0.018757,0.293535
38,18,-0.036023,-0.011692,0.268379
38,19,-0.028545,-0.002025,0.242894
38,20,-0.023667,-0.010892,0.292533
38,21,-0.032372,0.011567,0.278379
38,22,-0.063655,0.025122,0.257656
38,23,-0.035797,0.010321,0.288914
38,24,-0.062031,0.021043,0.297733
39,0,0.019640,0.000000,-0.027589
39,1,0.009608,0.005955,0.249977
39,2,-0.018430,0.000509,0.268085
39,3,0.018420,0.010511,0.251044
39,4,0.009677,0.001012,0.257818
39,5,-0.204809,0.000000,0.570043
39,6,0.190246,0.000000,0.570004
39,7,-0.004353,0.004489,0.269720
39,8,-0.036062,-0.007356,0.302605
39,9,-0.030455,-0.017446,0.263368
39,10,-0.030424,0.031056,0.247686
39,11,-0.182070,0.000000,-0.028009
39,12,0.114260,0.000000,-0.027189
39,13,-0.050895,0.025833,0.284148
39,14,-0.052522,-0.028969,0.258982
39,15,-0.017861,0.028947,0.269177
39,16,-0.031429,0.002176,0.293458
39,17,-0.057328,0.010198,0.273508
39,18,-0.045801,-0.004398,0.300109
39,19,-0.013627,-0.023771,0.293629
39,20,-0.045783,-0.014839,0.309863
39,21,-0.077245,-0.029570,0.298586
39,22,-0.065091,-0.007872,0.303426
39,23,-0.050746,-0.028962,0.276584
39,24,-0.047049,-0.038145,0.269639
40,0,0.016366,0.000000,-0.028347
40,1,0.032644,-0.001049,0.297776
40,2,0.009904,0.009212,0.231211
40,3,0.010100,-0.014671,0.253059
40,4,0.019922,0.025490,0.274512
40,5,-0.208288,0.000000,0.570004
40,6,0.186830,0.000000,0.570112
40,7,-0.016112,0.019623,0.255303
40,8,0.021661,-0.020351,0.268842
40,9,-0.047440,-0.002475,0.314185
40,10,-0.018435,0.011558,0.306067
40,11,-0.184682,0.000000,-0.027187
40,12,0.111896,0.000000,-0.026233
40,13,-0.064916,0.003055,0.259941
40,14,-0.087962,0.019315,0.320028
40,15,-0.035582,-0.025503,0.306174
40,16,-0.065288,0.016081,0.292095
40,17,-0.049823,0.021234,0.280710
40,18,-0.039542,0.043897,0.261878
40,19,-0.057434,-0.012896,0.281724
40,20,-0.058126,0.029253,0.266227
40,21,-0.033529,0.014337,0.299199
40,22,-0.065015,0.016372,0.286643
40,23,-0.021738,0.012706,0.306766
40,24,-0.051111,0.004076,0.315778
41,0,0.013012,0.000000,-0.028966
41,1,0.008448,-0.020835,0.335200
41,2,-0.015465,-0.000888,0.247741
41,3,-0.039133,-0.016468,0.282696
41,4,0.023404,0.038862,0.281542
41,5,-0.211727,0.000000,0.570113
41,6,0.183480,0.000000,0.570368
41,7,0.013413,-0.027911,0.255206
41,8,0.011514,0.017867,0.264538
41,9,-0.038930,0.011081,0.286705
41,10,-0.002934,0.001022,0.282781
41,11,-0.187123,0.000000,-0.026230
41,12,0.109719,0.000000,-0.025147
41,13,-0.042277,0.018784,0.293531
41,14,-0.055248,0.019277,0.239169
41,15,-0.043658,-0.009403,0.248428
41,16,-0.067674,-0.020640,0.273377
41,17,-0.045135,-0.012403,0.289572
41,18,-0.026644,-0.015080,0.261279
41,19,-0.007121,0.002671,0.276484
41,20,-0.060383,0.006678,0.319333
41,21,-0.028110,0.008915,0.287422
41,22,-0.061837,-0.019067,0.302908
41,23,-0.049439,0.008786,0.313508
41,24,-0.015233,-0.007245,0.268298
42,0,0.009593,0.000000,-0.029443
42,1,0.035730,-0.021684,0.271269
42,2,-0.003639,0.020174,0.288690
42,3,0.012052,-0.004879,0.269778
42,4,0.004216,-0.009971,0.278344
42,5,-0.215107,0.000000,0.570369
42,6,0.180210,0.000000,0.570769
42,7,-0.020161,0.014170,0.254623
42,8,-0.044145,0.009460,0.250836
42,9,-0.037671,-0.014591,0.259420
42,10,-0.052054,0.007686,0.273664
42,11,-0.189381,0.000000,-0.025144
42,12,0.107740,0.000000,-0.023938
42,13,-0.027470,0.002157,0.281334
42,14,-0.010241,0.028022,0.273834
42,15,-0.046913,0.021390,0.245478
42,16,-0.052994,-0.007010,0.258319
42,17,-0.052120,-0.033784,0.331752
42,18,-0.051518,0.000162,0.256853
42,19,-0.046033,0.038655,0.282694
42,20,-0.030662,0.020969,0.235446
42,21,-0.055481,-0.005823,0.277058
42,22,-0.073446,-0.015097,0.259579
42,23,-0.037092,0.010061,0.312228
42,24,-0.046371,-0.016859,0.321912
43,0,0.006127,0.000000,-0.029774
43,1,-0.002486,0.006308,0.290700
43,2,-0.021695,0.002653,0.290504
43,3,-0.005744,-0.003403,0.292262
43,4,-0.030016,-0.017868,0.275927
43,5,-0.218413,0.000000,0.570771
43,6,0.177038,0.000000,0.571315
43,7,-0.045865,-0.001674,0.260003
43,8,-0.038519,0.013896,0.281564
43,9,-0.042093,-0.004513,0.273363
43,10,-0.037957,-0.005180,0.268289
43,11,-0.191445,0.000000,-0.023934
43,12,0.105970,0.000000,-0.022611
43,13,-0.013867,-0.001925,0.280892
43,14,-0.076779,-0.013656,0.315331
43,15,-0.012549,-0.004222,0.252564
43,16,-0.031886,-0.016637,0.308659
43,17,-0.053129,-0.009840,0.281405
43,18,-0.030318,-0.006231,0.266685
43,19,-0.074840,-0.002925,0.283277
43,20,-0.046476,-0.007382,0.291250
43,21,-0.053473,0.022584,0.287556
43,22,-0.033471,0.003851,0.279956
43,23,-0.069006,0.012068,0.296724
43,24,-0.009955,-0.007864,0.312607
44,0,0.002631,0.000000,-0.029958
44,1,-0.021158,-0.007226,0.256057
44,2,-0.012080,0.000571,0.259351
44,3,-0.012430,0.012468,0.246513
44,4,-0.018047,-0.012503,0.258316
44,5,-0.221629,0.000000,0.571317
44,6,0.173979,0.000000,0.572002
44,7,-0.018233,0.001280,0.288836
44,8,-0.038668,0.000450,0.261558
44,9,-0.031534,-0.001288,0.267937
44,10,-0.023519,-0.029874,0.256235
44,11,-0.193305,0.000000,-0.022607
44,12,0.104416,0.000000,-0.021172
44,13,-0.070257,0.000185,0.278114
44,14,-0.044933,-0.002247,0.282498
44,15,-0.024053,-0.002918,0.281350
44,16,-0.063077,0.037864,0.266059
44,17,-0.048904,-0.012586,0.257573
44,18,-0.060796,-0.022694,0.273389
44,19,-0.045103,0.014182,0.295463
44,20,-0.026850,0.009259,0.265970
44,21,-0.033547,0.000633,0.311857
44,22,-0.036525,-0.008603,0.281093
44,23,-0.041023,0.011307,0.300919
44,24,-0.026986,0.007639,0.279659
45,0,-0.000878,0.000000,-0.029995
45,1,-0.017608,-0.035206,0.262761
45,2,-0.031381,0.006572,0.286860
45,3,-0.027250,-0.006239,0.280225
45,4,-0.034632,0.013018,0.223405
45,5,-0.224738,0.000000,0.572004
45,6,0.171048,0.000000,0.572826
45,7,-0.045064,0.001953,0.239312
45,8,-0.012205,-0.010479,0.272274
45,9,-0.042319,-0.001530,0.268705
45,10,-0.066491,0.007249,0.282260
45,11,-0.194952,0.000000,-0.021167
45,12,0.103087,0.000000,-0.019629
45,13,-0.052335,-0.013453,0.268661
45,14,-0.062048,-0.002290,0.284297
45,15,-0.032734,0.032025,0.337131
45,16,-0.079685,0.008000,0.313898
45,17,-0.053931,0.014227,0.266404
45,18,-0.039654,-0.003555,0.325533
45,19,-0.064792,0.031262,0.302160
45,20,-0.060504,-0.016793,0.301745
45,21,-0.004791,0.035047,0.266416
45,22,-0.037255,0.020226,0.302068
45,23,-0.041429,-0.011653,0.329768
45,24,-0.033419,0.027708,0.309816
46,0,-0.004382,0.000000,-0.029885
46,1,0.005872,-0.002072,0.272541
46,2,-0.001079,0.032144,0.274215
46,3,-0.008305,0.003543,0.278638
46,4,0.011829,0.000591,0.266845
46,5,-0.227725,0.000000,0.572829
46,6,0.168260,0.000000,0.573785
46,7,-0.047254,-0.015023,0.275569
46,8,-0.069907,0.010647,0.313481
46,9,-0.034265,0.014227,0.274718
46,10,-0.016163,0.018200,0.269146
46,11,-0.196377,0.000000,-0.019624
46,12,0.101989,0.000000,-0.017989
46,13,-0.008551,-0.007291,0.287411
46,14,-0.042674,0.029849,0.272442
46,15,-0.038545,-0.021208,0.267660
46,16,-0.076305,0.028400,0.286497
46,17,-0.061312,-0.023974,0.324811
46,18,-0.072509,-0.000499,0.298805
46,19,-0.032630,0.004112,0.328393
46,20,-0.027028,0.032520,0.302538
46,21,-0.015610,-0.013971,0.275420
46,22,-0.039766,-0.001021,0.294215
46,23,-0.054440,0.027359,0.327153
46,24,-0.042358,-0.013698,0.325695
47,0,-0.007865,0.000000,-0.029627
47,1,-0.014636,-0.014499,0.259321
47,2,-0.014182,0.010045,0.307143
47,3,-0.042923,0.016742,0.290125
47,4,-0.021636,-0.002939,0.281526
47,5,-0.230575,0.000000,0.573788
47,6,0.165628,0.000000,0.574873
47,7,-0.044510,-0.000109,0.268993
47,8,-0.037344,-0.038799,0.282120
47,9,-0.061886,-0.006036,0.254411
47,10,-0.061233,0.036619,0.298656
47,11,-0.197573,0.000000,-0.017984
47,12,0.101128,0.000000,-0.016261
47,13,-0.081591,-0.002774,0.320465
47,14,-0.038231,-0.003709,0.305607
47,15,-0.051217,0.015059,0.275957
47,16,-0.050287,-0.025756,0.284602
47,17,-0.032389,0.005202,0.292864
47,18,-0.065496,-0.011730,0.281210
47,19,-0.054448,-0.032740,0.323249
47,20,-0.023302,0.000336,0.305845
47,21,-0.036429,-0.015182,0.268111
47,22,-0.042499,-0.011986,0.285671
47,23,0.007706,-0.012871,0.298319
47,24,-0.016606,-0.012535,0.292586
48,0,-0.011309,0.000000,-0.029223
48,1,-0.038967,0.016699,0.254841
48,2,-0.030014,-0.011487,0.247351
48,3,-0.038411,-0.007798,0.278091
48,4,-0.027247,0.035590,0.288024
48,5,-0.233275,0.000000,0.574876
48,6,0.163166,0.000000,0.576084
48,7,-0.022107,-0.005394,0.268993
48,8,-0.011052,-0.002861,0.252921
48,9,-0.066525,0.002678,0.266459
48,10,-0.053020,-0.002921,0.274889
48,11,-0.198535,0.000000,-0.016255
48,12,0.100508,0.000000,-0.014452
48,13,-0.057899,0.053025,0.267260
48,14,-0.033985,0.002443,0.290847
48,15,-0.059969,-0.001400,0.296128
48,16,-0.068916,-0.009184,0.300265
48,17,-0.024690,0.019501,0.282165
48,18,-0.030917,0.019686,0.301100
48,19,-0.048667,0.037146,0.272200
48,20,-0.044254,0.012094,0.314235
48,21,-0.044828,0.008521,0.290439
48,22,-0.042186,0.004080,0.287843
48,23,-0.028608,-0.015685,0.329527
48,24,-0.033807,-0.014423,0.312116
49,0,-0.014698,0.000000,-0.028675
49,1,-0.028169,-0.032216,0.275214
49,2,-0.042040,-0.004821,0.308788
49,3,-0.027041,-0.065932,0.271228
49,4,-0.055445,-0.044411,0.280493
49,5,-0.235811,0.000000,0.576088
49,6,0.160885,0.000000,0.577413
49,7,-0.046042,0.008345,0.286578
49,8,-0.046870,0.031451,0.284779
49,9,-0.085975,-0.046635,0.282376
49,10,-0.065447,0.000386,0.266534
49,11,-0.199259,0.000000,-0.014447
49,12,0.100131,0.000000,-0.012572
49,13,-0.073190,-0.017843,0.308393
49,14,-0.045002,-0.013691,0.298310
49,15,-0.046671,-0.033490,0.288748
49,16,-0.035474,0.004748,0.301124
49,17,-0.038887,0.007001,0.270084
49,18,-0.047760,-0.013548,0.291719
49,19,-0.046529,-0.014028,0.301094
49,20,-0.035899,-0.021549,0.275804
49,21,-0.059855,-0.044002,0.311932
49,22,-0.039196,0.002604,0.295022
49,23,-0.013033,-0.005943,0.307183
49,24,-0.015097,0.047743,0.273281
50,0,-0.018014,0.000000,-0.027985
50,1,-0.039803,0.001252,0.259043
50,2,-0.019108,-0.015571,0.260835
50,3,-0.012135,0.010365,0.261747
50,4,-0.028665,0.001219,0.289905
50,5,-0.238170,0.000000,0.577417
50,6,0.158796,0.000000,0.578854
50,7,-0.056069,-0.016180,0.292316
50,8,-0.053166,-0.015957,0.257107
50,9,-0.041800,-0.011426,0.282603
50,10,-0.040776,0.029316,0.285038
50,11,-0.199739,0.000000,-0.012567
50,12,0.100000,0.000000,-0.010631
50,13,-0.040198,0.007964,0.269524
50,14,-0.044903,0.004149,0.303707
50,15,-0.047091,0.011581,0.299473
50,16,-0.020904,0.031209,0.312081
50,17,-0.050816,-0.009364,0.333858
50,18,-0.047349,-0.017359,0.302563
50,19,-0.040973,-0.002797,0.307857
50,20,-0.024340,-0.002481,0.342405
50,21,-0.024007,0.009511,0.330460
50,22,0.008398,0.022319,0.297876
50,23,-0.032094,-0.002152,0.280333
50,24,-0.015328,-0.003732,0.269821
51,0,-0.021241,0.000000,-0.027158
51,1,-0.001141,0.003593,0.270804
51,2,-0.045426,-0.033733,0.265281
51,3,0.000791,-0.006237,0.261860
51,4,-0.036379,-0.009159,0.268889
51,5,-0.240342,0.000000,0.578858
51,6,0.156911,0.000000,0.580399
51,7,-0.011272,-0.024179,0.247129
51,8,-0.022017,0.032360,0.297912
51,9,-0.081935,0.009514,0.292233
51,10,-0.079670,-0.010276,0.251734
51,11,-0.199974,0.000000,-0.010625
51,12,0.100115,0.000000,-0.008637
51,13,-0.029994,0.014445,0.322624
51,14,-0.039468,0.005603,0.299908
51,15,-0.036678,-0.026771,0.270913
51,16,-0.089963,-0.007986,0.302237
51,17,-0.042793,0.024682,0.313675
51,18,-0.035000,-0.004421,0.325996
51,19,-0.044637,-0.007142,0.325348
51,20,0.001660,0.037790,0.307178
51,21,-0.031234,0.057931,0.308060
51,22,-0.008767,0.019829,0.340004
51,23,-0.017337,0.007811,0.353932
51,24,0.002469,-0.028301,0.300616
52,0,-0.024364,0.000000,-0.026197
52,1,-0.012153,0.011054,0.263087
52,2,-0.035914,-0.007784,0.298073
52,3,-0.039265,-0.007935,0.268452
52,4,-0.115145,0.006876,0.299758
52,5,-0.242314,0.000000,0.580404
52,6,0.155238,0.000000,0.582040
52,7,-0.034188,0.008560,0.283457
52,8,-0.064860,0.009588,0.259958
52,9,-0.025522,0.008795,0.289921
52,10,-0.058020,0.006164,0.246186
52,11,-0.199964,0.000000,-0.008631
52,12,0.100477,0.000000,-0.006600
52,13,-0.023349,-0.034159,0.309731
52,14,-0.036885,0.024421,0.288624
52,15,-0.032675,-0.030735,0.278553
52,16,-0.023127,-0.001025,0.272241
52,17,-0.022958,-0.026504,0.340523
52,18,-0.055335,0.018913,0.301152
52,19,-0.068334,-0.000252,0.299567
52,20,-0.034192,0.035283,0.318022
52,21,-0.008240,-0.016865,0.319253
52,22,-0.022693,0.021182,0.341533
52,23,-0.002048,-0.039637,0.296504
52,24,-0.057618,-0.015237,0.296885
53,0,-0.027367,0.000000,-0.025107
53,1,-0.029542,0.003363,0.276126
53,2,-0.009964,-0.010979,0.295829
53,3,-0.028325,0.014261,0.327724
53,4,-0.018665,0.046840,0.263735
53,5,-0.244078,0.000000,0.582045
53,6,0.153785,0.000000,0.583770
53,7,-0.046484,0.027411,0.288930
53,8,-0.038471,-0.013340,0.296998
53,9,-0.008750,0.006334,0.299873
53,10,-0.129360,0.030329,0.337094
53,11,-0.199707,0.000000,-0.006594
53,12,0.101082,0.000000,-0.004531
53,13,-0.018277,-0.005643,0.342318
53,14,-0.050160,0.001392,0.288845
53,15,-0.041906,0.014573,0.323846
53,16,-0.023072,0.053558,0.282078
53,17,-0.061616,0.001387,0.290646
53,18,-0.049785,-0.033442,0.290439
53,19,-0.031875,0.007058,0.309377
53,20,-0.002101,0.016821,0.320402
53,21,-0.027682,0.015030,0.343698
53,22,-0.008701,0.014666,0.326702
53,23,-0.007831,0.025486,0.324909
53,24,-0.016034,-0.037708,0.319601
54,0,-0.030235,0.000000,-0.023894
54,1,-0.001233,-0.036814,0.256985
54,2,-0.021069,-0.010937,0.253395
54,3,-0.004338,-0.000087,0.297466
54,4,-0.072150,-0.023174,0.313494
54,5,-0.245626,0.000000,0.583775
54,6,0.152561,0.000000,0.585580
54,7,-0.043797,0.000148,0.237018
54,8,-0.019136,0.028521,0.302796
54,9,-0.070080,0.009493,0.291578
54,10,-0.072977,0.002870,0.261384
54,11,-0.199205,0.000000,-0.004525
54,12,0.101928,0.000000,-0.002440
54,13,-0.018453,0.017445,0.311187
54,14,-0.067875,0.002469,0.287285
54,15,-0.032866,0.000313,0.296154
54,16,-0.021878,-0.006436,0.328830
54,17,-0.042851,-0.011231,0.333178
54,18,-0.025323,0.029493,0.289610
54,19,-0.076333,0.008069,0.316020
54,20,-0.055734,0.014649,0.325413
54,21,0.004774,-0.009482,0.324150
54,22,-0.036880,0.023435,0.314844
54,23,0.007034,0.007428,0.323960
54,24,0.019026,-0.022963,0.337032
55,0,-0.032954,0.000000,-0.022562
55,1,-0.016265,0.007921,0.261699
55,2,-0.030629,0.003299,0.235749
55,3,-0.056224,-0.022246,0.302125
55,4,-0.061426,0.014656,0.294730
55,5,-0.246948,0.000000,0.585585
55,6,0.151569,0.000000,0.587461
55,7,-0.048461,-0.007667,0.313899
55,8,-0.050042,0.025315,0.295630
55,9,-0.053633,-0.016939,0.329119
55,10,-0.040648,-0.027983,0.318817
55,11,-0.198461,0.000000,-0.002434
55,12,0.103011,0.000000,-0.000336
55,13,-0.044909,-0.006845,0.308668
55,14,-0.049725,-0.019428,0.306650
55,15,-0.022993,-0.014301,0.298743
55,16,-0.033273,0.024084,0.315638
55,17,-0.010608,-0.004622,0.312960
55,18,-0.030339,-0.013811,0.314808
55,19,-0.031406,0.007767,0.320936
55,20,0.012857,-0.017983,0.314466
55,21,-0.051982,-0.011259,0.310936
55,22,-0.025720,0.011838,0.334358
55,23,0.008823,0.024391,0.307273
55,24,-0.014091,0.007227,0.345538
56,0,-0.035510,0.000000,-0.021120
56,1,-0.056053,0.051524,0.251516
56,2,-0.035105,0.016443,0.275634
56,3,-0.021655,0.015213,0.304531
56,4,-0.041942,-0.001522,0.290270
56,5,-0.248039,0.000000,0.587466
56,6,0.150817,0.000000,0.589403
56,7,-0.043436,-0.006532,0.275955
56,8,-0.035900,0.031889,0.284347
56,9,-0.023645,0.000442,0.315408
56,10,-0.078074,0.014109,0.304823
56,11,-0.197478,0.000000,-0.000330
56,12,0.104325,0.000000,0.001769
56,13,-0.022203,-0.038172,0.283573
56,14,-0.036654,0.024754,0.291050
56,15,-0.055155,0.000100,0.285880
56,16,-0.066065,-0.002989,0.316519
56,17,-0.013522,0.011644,0.342323
56,18,-0.026297,-0.021805,0.287196
56,19,-0.063315,0.016280,0.312980
56,20,-0.057656,0.008587,0.325809
56,21,-0.030030,0.028892,0.309499
56,22,0.010588,-0.002179,0.335667
56,23,0.006409,-0.011097,0.307317
56,24,0.034567,-0.022688,0.316382
57,0,-0.037892,0.000000,-0.019573
57,1,-0.054782,-0.007453,0.276128
57,2,-0.043274,0.032374,0.302871
57,3,-0.069026,0.026271,0.322342
57,4,-0.060300,0.016323,0.297296
57,5,-0.248893,0.000000,0.589409
57,6,0.150307,0.000000,0.591398
57,7,-0.064692,0.008877,0.290253
57,8,-0.052383,0.019855,0.257983
57,9,-0.031563,-0.022566,0.310152
57,10,-0.087643,0.005092,0.302959
57,11,-0.196261,0.000000,0.001775
57,12,0.105864,0.000000,0.003865
57,13,-0.053620,-0.011857,0.312246
57,14,-0.045932,0.033188,0.293971
57,15,-0.043066,-0.011121,0.304779
57,16,-0.014044,0.027661,0.313350
57,17,-0.025589,0.024274,0.307348
57,18,-0.018311,0.023206,0.309247
57,19,-0.016595,0.005579,0.328447
57,20,0.013535,0.006374,0.313980
57,21,-0.035129,0.019545,0.329988
57,22,-0.004594,0.000248,0.345337
57,23,0.027977,0.011525,0.347992
57,24,-0.016371,-0.016715,0.344046
58,0,-0.040087,0.000000,-0.017930
58,1,-0.057831,-0.044310,0.281740
58,2,-0.055831,-0.007199,0.336573
58,3,-0.075060,-0.000689,0.272118
58,4,-0.034982,0.031745,0.300345
58,5,-0.249507,0.000000,0.591404
58,6,0.150041,0.000000,0.593435
58,7,-0.071588,-0.011059,0.316882
58,8,-0.022589,0.004137,0.330488
58,9,-0.054741,0.005926,0.289826
58,10,-0.056252,0.005856,0.314319
58,11,-0.194816,0.000000,0.003871
58,12,0.107621,0.000000,0.005942
58,13,-0.035004,0.022933,0.306149
58,14,-0.044734,-0.002627,0.276509
58,15,-0.016644,-0.000992,0.317788
58,16,-0.008545,-0.009678,0.354913
58,17,-0.011064,0.019794,0.302164
58,18,-0.017694,-0.044433,0.304771
58,19,-0.059684,0.025209,0.309618
58,20,-0.006916,0.002553,0.327918
58,21,-0.022150,0.016903,0.336742
58,22,0.029968,-0.015844,0.343733
58,23,0.034196,-0.007773,0.355954
58,24,-0.031558,0.005843,0.313054
59,0,-0.042084,0.000000,-0.016199
59,1,-0.075200,-0.003224,0.318716
59,2,-0.034379,0.006729,0.268735
59,3,-0.057912,-0.010451,0.278626
59,4,-0.050989,-0.012889,0.294241
59,5,-0.249876,0.000000,0.593441
59,6,0.150022,0.000000,0.595505
59,7,-0.089981,0.002203,0.261974
59,8,-0.027737,0.013500,0.262605
59,9,-0.030524,0.020649,0.298094
59,10,-0.053414,0.026573,0.316968
59,11,-0.193150,0.000000,0.005948
59,12,0.109587,0.000000,0.007990
59,13,-0.077328,0.030520,0.289047
59,14,0.010466,-0.004226,0.331143
59,15,-0.024866,0.010709,0.308178
59,16,-0.036957,-0.008188,0.331997
59,17,0.006868,-0.034884,0.317598
59,18,-0.014368,0.021461,0.296539
59,19,-0.007121,0.001401,0.332180
59,20,0.004577,-0.016491,0.366169
59,21,-0.007759,0.012775,0.328173
59,22,-0.010489,-0.004086,0.338089
59,23,0.017503,0.052176,0.334466
59,24,0.014231,0.016677,0.291068
60,0,-0.043874,0.000000,-0.014388
60,1,-0.040766,-0.036935,0.278356
60,2,-0.057789,-0.020453,0.285431
60,3,-0.039234,-0.017872,0.284631
60,4,-0.051891,-0.033404,0.323043
60,5,-0.250000,0.000000,0.595511
60,6,0.150249,0.000000,0.597597
60,7,-0.060069,-0.000187,0.281800
60,8,-0.070346,0.002541,0.308726
60,9,-0.053225,-0.022650,0.322315
60,10,-0.042518,0.040276,0.276428
60,11,-0.191272,0.000000,0.007996
60,12,0.111752,0.000000,0.009999
60,13,-0.024150,-0.006054,0.322849
60,14,-0.032546,-0.022922,0.313852
60,15,-0.025282,0.029410,0.307870
60,16,-0.033758,-0.001060,0.289302
60,17,-0.025967,-0.004103,0.320669
60,18,-0.031299,-0.030422,0.326049
60,19,-0.025044,-0.040214,0.319265
60,20,-0.016891,-0.011826,0.342955
60,21,-0.012442,0.014705,0.333763
60,22,0.002089,-0.016647,0.354051
60,23,0.007037,0.008734,0.292820
60,24,0.010335,0.003771,0.303483
61,0,-0.045448,0.000000,-0.012506
61,1,-0.048212,-0.022303,0.324112
61,2,-0.050976,-0.017592,0.272537
61,3,-0.079439,-0.023494,0.273151
61,4,-0.054939,0.033524,0.296118
61,5,-0.249878,0.000000,0.597603
61,6,0.150721,0.000000,0.599700
61,7,-0.032804,-0.010196,0.278585
61,8,-0.054665,0.025432,0.311785
61,9,-0.057424,0.005271,0.311641
61,10,-0.023375,-0.020906,0.333142
61,11,-0.189191,0.000000,0.010005
61,12,0.114105,0.000000,0.011958
61,13,-0.054364,0.009380,0.339636
61,14,-0.029138,0.036456,0.340048
61,15,-0.041974,-0.035651,0.295673
61,16,-0.044936,0.009429,0.319920
61,17,-0.002655,-0.012324,0.340287
61,18,0.031601,0.007763,0.289882
61,19,0.002577,0.018744,0.350504
61,20,-0.009372,-0.016878,0.324446
61,21,0.006100,0.025672,0.316725
61,22,0.015982,-0.000743,0.352114
61,23,0.014925,0.009747,0.322562
61,24,0.023689,0.014990,0.288689
62,0,-0.046799,0.000000,-0.010562
62,1,-0.052088,-0.014731,0.274462
62,2,-0.046249,0.002907,0.309972
62,3,-0.017687,-0.018669,0.288980
62,4,-0.039507,0.002193,0.329974
62,5,-0.249509,0.000000,0.599706
62,6,0.151436,0.000000,0.601805
62,7,-0.063528,0.009969,0.285046
62,8,-0.025706,0.024184,0.308832
62,9,-0.039315,-0.040956,0.293575
62,10,-0.050520,-0.063514,0.298946
62,11,-0.186916,0.000000,0.011964
62,12,0.116635,0.000000,0.013859
62,13,-0.032369,0.016665,0.289167
62,14,-0.008529,0.000337,0.345248
62,15,0.007952,0.032168,0.328564
62,16,-0.023059,0.025139,0.318612
62,17,-0.017676,-0.008850,0.322146
62,18,0.004781,0.021374,0.315308
62,19,0.012616,-0.033670,0.318850
62,20,0.025732,-0.006099,0.315966
62,21,-0.004974,-0.012601,0.306430
62,22,-0.027715,-0.008583,0.310634
62,23,-0.016553,0.007354,0.309284
62,24,0.056998,-0.038480,0.331386
63,0,-0.047918,0.000000,-0.008567
63,1,-0.018532,0.020247,0.257302
63,2,-0.045436,0.005834,0.309973
63,3,-0.052477,0.007930,0.327847
63,4,-0.056380,0.013843,0.270066
63,5,-0.248897,0.000000,0.601811
63,6,0.152390,0.000000,0.603901
63,7,-0.054930,-0.010548,0.338150
63,8,-0.007234,-0.022569,0.311297
63,9,-0.047567,0.008462,0.296603
63,10,-0.033461,0.000479,0.329298
63,11,-0.184460,0.000000,0.013864
63,12,0.119329,0.000000,0.015691
63,13,-0.062539,0.024913,0.309209
63,14,-0.048446,0.011133,0.310638
63,15,0.015820,-0.021189,0.318089
63,16,0.006334,-0.010004,0.310073
63,17,0.027753,0.000855,0.321318
63,18,-0.014690,-0.011433,0.316844
63,19,-0.002546,-0.007269,0.312473
63,20,0.026782,-0.028032,0.281839
63,21,0.018079,0.000016,0.305884
63,22,-0.010186,0.014801,0.341869
63,23,0.008423,-0.002605,0.336587
63,24,0.000954,0.003848,0.352264
64,0,-0.048802,0.000000,-0.006529
64,1,-0.044122,0.014720,0.315894
64,2,-0.045247,-0.009409,0.304353
64,3,-0.041540,-0.008350,0.298697
64,4,-0.062412,0.022134,0.281078
64,5,-0.248044,0.000000,0.603907
64,6,0.153578,0.000000,0.605978
64,7,-0.057849,-0.011025,0.323012
64,8,-0.014110,-0.014769,0.310630
64,9,-0.016900,-0.012142,0.285182
64,10,-0.036088,-0.011293,0.332537
64,11,-0.181834,0.000000,0.015696
64,12,0.122174,0.000000,0.017446
64,13,-0.011727,0.029241,0.315625
64,14,-0.045700,-0.000633,0.342688
64,15,-0.049228,0.000760,0.355805
64,16,-0.029103,0.017433,0.290663
64,17,0.002080,0.007181,0.325557
64,18,0.013221,0.004552,0.349820
64,19,-0.004353,0.025222,0.292935
64,20,0.055821,0.022224,0.353347
64,21,0.019669,-0.004568,0.322488
64,22,0.049728,0.019361,0.342610
64,23,0.003948,0.004764,0.332805
64,24,0.027052,-0.008781,0.305008
65,0,-0.049445,0.000000,-0.004459
65,1,0.007353,0.011314,0.327083
65,2,-0.087928,0.051550,0.271790
65,3,-0.037974,-0.000208,0.317508
65,4,-0.044205,0.024414,0.282049
65,5,-0.246955,0.000000,0.605984
65,6,0.154995,0.000000,0.608026
65,7,-0.043967,0.003187,0.277469
65,8,-0.074501,-0.015856,0.328399
65,9,-0.032841,0.039224,0.355405
65,10,-0.045437,0.004483,0.301768
65,11,-0.179051,0.000000,0.017451
65,12,0.125157,0.000000,0.019115
65,13,-0.013929,-0.004866,0.293118
65,14,-0.030470,0.013101,0.313911
65,15,-0.032146,0.035109,0.363774
65,16,-0.009859,0.022994,0.346747
65,17,0.007334,-0.034809,0.324540
65,18,0.019883,-0.002600,0.361608
65,19,0.008839,0.001454,0.312853
65,20,0.012742,0.003975,0.329437
65,21,0.034830,0.033200,0.356037
65,22,0.052851,0.001119,0.291556
65,23,0.005066,-0.014739,0.332490
65,24,0.003279,0.012036,0.325912
66,0,-0.049844,0.000000,-0.002367
66,1,-0.035367,0.031655,0.278630
66,2,-0.040144,-0.028729,0.295812
66,3,-0.042382,-0.000984,0.278808
66,4,-0.041859,0.001482,0.293641
66,5,-0.245634,0.000000,0.608032
66,6,0.156634,0.000000,0.610034
66,7,-0.037331,0.014409,0.348635
66,8,-0.040060,0.006292,0.273419
66,9,-0.034571,0.000683,0.337948
66,10,-0.030341,0.018220,0.294022
66,11,-0.176125,0.000000,0.019120
66,12,0.128262,0.000000,0.020690
66,13,0.002444,0.036819,0.322419
66,14,-0.022205,0.026240,0.325084
66,15,0.023910,0.027661,0.320355
66,16,0.013595,-0.013545,0.275528
66,17,-0.012318,-0.015500,0.302179
66,18,-0.034472,0.001827,0.344887
66,19,0.037804,-0.000827,0.305642
66,20,0.035380,-0.001776,0.318096
66,21,0.025643,0.008277,0.315011
66,22,0.026915,-0.019892,0.321159
66,23,0.004569,0.011124,0.349851
66,24,0.040995,0.020975,0.303369
67,0,-0.049998,0.000000,-0.000263
67,1,-0.025663,-0.008384,0.316129
67,2,-0.047297,0.007384,0.315771
67,3,-0.032906,0.026197,0.279464
67,4,-0.048820,-0.027077,0.300099
67,5,-0.244088,0.000000,0.610039
67,6,0.158487,0.000000,0.611992
67,7,-0.033859,0.009687,0.349759
67,8,-0.030082,0.003017,0.310676
67,9,-0.049289,-0.017338,0.334712
67,10,-0.010550,0.015132,0.339164
67,11,-0.173070,0.000000,0.020694
67,12,0.131474,0.000000,0.022163
67,13,-0.009495,0.007066,0.286855
67,14,0.003120,0.011819,0.320419
67,15,0.006644,0.015543,0.336601
67,16,-0.006429,-0.031389,0.316882
67,17,-0.005513,0.005424,0.304229
67,18,-0.026601,-0.011839,0.308209
67,19,0.033369,-0.027993,0.339284
67,20,-0.001779,0.012188,0.350971
67,21,0.035461,-0.001045,0.319637
67,22,0.024648,0.009578,0.344417
67,23,0.032999,0.033038,0.298953
67,24,0.008349,-0.032510,0.295790
68,0,-0.049906,0.000000,0.001842
68,1,-0.044422,-0.005183,0.292119
68,2,-0.080963,0.007151,0.302357
68,3,-0.051581,-0.008154,0.299602
68,4,-0.013837,0.019130,0.346537
68,5,-0.242325,0.000000,0.611998
68,6,0.160544,0.000000,0.613891
68,7,-0.015266,-0.011400,0.342177
68,8,-0.003373,0.016909,0.332306
68,9,-0.006790,0.025170,0.309300
68,10,0.005074,0.016849,0.325876
68,11,-0.169902,0.000000,0.022167
68,12,0.134777,0.000000,0.023526
68,13,-0.011672,-0.028142,0.337772
68,14,-0.015688,0.002808,0.299762
68,15,0.003937,-0.009009,0.273506
68,16,-0.000646,-0.002570,0.343948
68,17,0.018739,0.012632,0.322166
68,18,-0.003224,-0.002732,0.354762
68,19,0.027548,-0.002025,0.321192
68,20,0.047696,0.034268,0.350689
68,21,0.016181,-0.014529,0.316127
68,22,0.047914,0.015205,0.329440
68,23,0.015982,-0.020123,0.317970
68,24,0.054554,-0.003703,0.332113
69,0,-0.049567,0.000000,0.003938
69,1,-0.017124,-0.010934,0.342650
69,2,-0.020854,0.004897,0.350715
69,3,-0.081426,0.004058,0.316930
69,4,-0.033385,0.001910,0.296868
69,5,-0.240353,0.000000,0.613897
69,6,0.162796,0.000000,0.615722
69,7,-0.004889,0.011925,0.350768
69,8,-0.015817,-0.006423,0.272043
69,9,-0.024858,0.006318,0.301144
69,10,-0.015711,-0.014505,0.330241
69,11,-0.166635,0.000000,0.023530
69,12,0.138155,0.000000,0.024774
69,13,-0.021040,0.030627,0.327317
69,14,0.014927,-0.011424,0.321028
69,15,0.018497,-0.010876,0.326153
69,16,-0.004184,-0.030035,0.335821
69,17,0.028311,-0.007411,0.370942
69,18,0.024631,0.000554,0.300039
69,19,0.001810,0.010020,0.344347
69,20,0.033913,-0.022144,0.288722
69,21,0.025568,0.031822,0.342393
69,22,0.041336,0.015631,0.331450
69,23,0.000399,0.011591,0.327045
69,24,-0.004263,0.015981,0.281773
70,0,-0.048985,0.000000,0.006014
70,1,-0.039533,-0.007706,0.297492
70,2,-0.057649,0.005919,0.321512
70,3,-0.006488,0.020164,0.337921
70,4,-0.063674,-0.006125,0.313693
70,5,-0.238183,0.000000,0.615728
70,6,0.165231,0.000000,0.617476
70,7,-0.039275,-0.004612,0.348726
70,8,-0.009914,0.026141,0.328332
70,9,-0.032432,0.005643,0.339780
70,10,-0.018104,0.040738,0.354736
70,11,-0.163287,0.000000,0.024778
70,12,0.141592,0.000000,0.025900
70,13,0.003556,0.006505,0.353860
70,14,0.020812,0.024947,0.293397
70,15,-0.037862,-0.001204,0.327145
70,16,-0.018879,0.022630,0.325383
70,17,0.015202,-0.013841,0.310804
70,18,0.034409,0.000350,0.327192
70,19,0.017373,0.012087,0.342258
70,20,0.003714,0.002547,0.292106
70,21,0.042351,0.008615,0.335001
70,22,0.003542,-0.047586,0.311785
70,23,0.036274,-0.024718,0.302955
70,24,0.051430,-0.038480,0.367326
71,0,-0.048161,0.000000,0.008061
71,1,-0.027359,0.016667,0.323773
71,2,-0.051564,0.002583,0.312653
71,3,0.000207,0.003966,0.316745
71,4,-0.050046,0.010433,0.334274
71,5,-0.235825,0.000000,0.617481
71,6,0.167837,0.000000,0.619143
71,7,-0.052910,0.030101,0.305763
71,8,-0.031937,-0.009100,0.330590
71,9,0.011104,-0.001932,0.326495
71,10,0.001487,0.051480,0.371157
71,11,-0.159873,0.000000,0.025903
71,12,0.145070,0.000000,0.026898
71,13,0.011924,-0.027911,0.300950
71,14,0.008728,-0.047854,0.338032
71,15,-0.004582,0.011176,0.334091
71,16,0.027654,-0.019484,0.352520
71,17,-0.008489,-0.020122,0.322737
71,18,0.065096,-0.017291,0.313037
71,19,0.109442,-0.047175,0.291610
71,20,0.035717,-0.004584,0.359929
71,21,0.029733,0.013023,0.343764
71,22,0.034620,-0.014921,0.353578
71,23,0.049106,-0.008888,0.338507
71,24,0.073693,-0.011880,0.374311
72,0,-0.047100,0.000000,0.010068
72,1,-0.004692,0.008773,0.326671
72,2,-0.053351,0.004681,0.319851
72,3,-0.007657,0.003893,0.303008
72,4,-0.028371,-0.007012,0.308334
72,5,-0.233290,0.000000,0.619148
72,6,0.170601,0.000000,0.620716
72,7,0.004139,0.029070,0.341111
72,8,-0.027140,-0.027352,0.287963
72,9,-0.026321,-0.006873,0.308728
72,10,-0.036431,0.000508,0.350424
72,11,-0.156410,0.000000,0.026901
72,12,0.148572,0.000000,0.027764
72,13,-0.028988,-0.003974,0.339286
72,14,0.045890,0.022416,0.332104
72,15,-0.003013,0.004107,0.363884
72,16,-0.033236,-0.005076,0.354894
72,17,0.027601,0.009509,0.339389
72,18,0.009696,0.017062,0.328497
72,19,0.037662,-0.017501,0.345348
72,20,0.017721,0.000201,0.341545
72,21,0.035991,0.021899,0.325326
72,22,0.040614,-0.034965,0.301146
72,23,0.041707,-0.008646,0.336788
72,24,0.054142,0.027894,0.337366
73,0,-0.045807,0.000000,0.012025
73,1,-0.027887,0.010382,0.320146
73,2,-0.056337,-0.006567,0.304967
73,3,-0.075513,-0.020405,0.331265
73,4,-0.024969,-0.005624,0.315837
73,5,-0.230591,0.000000,0.620721
73,6,0.173511,0.000000,0.622187
73,7,-0.040367,0.008846,0.326843
73,8,-0.012170,0.003933,0.335614
73,9,-0.033906,-0.016371,0.332450
73,10,0.019173,-0.028527,0.332377
73,11,-0.152916,0.000000,0.027766
73,12,0.152082,0.000000,0.028493
73,13,0.009706,0.005124,0.343448
73,14,0.008185,-0.012620,0.329126
73,15,0.037128,-0.003175,0.328300
73,16,0.044614,-0.004264,0.320549
73,17,0.016954,0.018863,0.319629
73,18,0.021766,-0.038214,0.353836
73,19,0.040034,0.024861,0.341213
73,20,0.002472,-0.031043,0.330122
73,21,0.060960,0.034009,0.317045
73,22,0.067025,-0.007983,0.335339
73,23,0.035227,-0.021097,0.333792
73,24,0.053172,-0.024726,0.331570
74,0,-0.044288,0.000000,0.013924
74,1,-0.006765,0.032497,0.287752
74,2,-0.071297,0.030662,0.307257
74,3,-0.044238,-0.033032,0.357651
74,4,-0.027287,-0.031244,0.343909
74,5,-0.227741,0.000000,0.622191
74,6,0.176550,0.000000,0.623549
74,7,-0.023604,-0.023776,0.324310
74,8,-0.050320,0.001956,0.343760
74,9,0.004402,0.012695,0.333913
74,10,0.003114,-0.008182,0.328883
74,11,-0.149407,0.000000,0.028494
74,12,0.155581,0.000000,0.029081
74,13,0.017801,-0.010356,0.302751
74,14,0.026084,0.002425,0.332485
74,15,0.006630,-0.026816,0.347189
74,16,-0.024226,0.002654,0.308827
74,17,0.019145,-0.032024,0.328360
74,18,0.032829,0.036105,0.290580
74,19,0.023406,-0.009514,0.326418
74,20,0.014317,0.009252,0.357475
74,21,0.032750,-0.010905,0.361472
74,22,0.025911,0.009774,0.311253
74,23,0.061935,0.003367,0.370998
74,24,0.020941,-0.017583,0.287445
75,0,-0.042552,0.000000,0.015753
75,1,-0.072388,-0.014397,0.319145
75,2,-0.027104,0.005465,0.314874
75,3,-0.036227,-0.006281,0.313390
75,4,-0.053180,0.005105,0.317580
75,5,-0.224755,0.000000,0.623553
75,6,0.179706,0.000000,0.624795
75,7,-0.003238,-0.024781,0.321693
75,8,-0.029683,-0.025173,0.296363
75,9,0.015029,0.000896,0.291281
75,10,-0.015246,-0.017905,0.336974
75,11,-0.145902,0.000000,0.029083
75,12,0.159053,0.000000,0.029526
75,13,0.002111,-0.008601,0.328003
75,14,0.056462,-0.002919,0.336009
75,15,0.048092,-0.002168,0.327899
75,16,-0.006292,-0.020481,0.404371
75,17,0.016452,-0.017215,0.308332
75,18,0.060615,-0.008741,0.328888
75,19,0.028033,0.007090,0.336996
75,20,0.055532,-0.027905,0.350828
75,21,0.094828,-0.025659,0.314220
75,22,0.069899,0.002889,0.342131
75,23,0.075721,-0.027471,0.324985
75,24,0.067859,0.005713,0.319236
76,0,-0.040605,0.000000,0.017506
76,1,-0.029157,0.024472,0.335169
76,2,-0.000542,0.015861,0.314883
76,3,-0.052327,0.027443,0.335101
76,4,-0.028834,-0.013362,0.325266
76,5,-0.221647,0.000000,0.624798
76,6,0.182961,0.000000,0.625918
76,7,-0.028028,-0.009395,0.342718
76,8,-0.023846,-0.010325,0.354091
76,9,-0.002898,0.033762,0.328949
76,10,-0.013873,0.015135,0.330852
76,11,-0.142417,0.000000,0.029527
76,12,0.162480,0.000000,0.029826
76,13,0.024794,0.022185,0.356182
76,14,0.069868,0.025573,0.309884
76,15,0.006259,0.018484,0.309368
76,16,0.004366,-0.010179,0.320378
76,17,0.039325,0.002140,0.302869
76,18,0.053741,-0.035769,0.343963
76,19,0.020560,0.009452,0.302231
76,20,0.043713,-0.058763,0.322759
76,21,0.046475,-0.007084,0.370705
76,22,0.048353,-0.015374,0.336596
76,23,0.078400,-0.014110,0.292452
76,24,0.057863,-0.002390,0.327764
77,0,-0.038458,0.000000,0.019171
77,1,-0.027556,-0.016612,0.283370
77,2,0.008747,-0.022911,0.317367
77,3,-0.016418,-0.017885,0.321175
77,4,-0.013463,-0.032603,0.334308
77,5,-0.218432,0.000000,0.625921
77,6,0.186300,0.000000,0.626914
77,7,-0.022360,0.015625,0.306813
77,8,-0.024271,0.006057,0.326672
77,9,0.023894,-0.033641,0.345505
77,10,0.017681,-0.012762,0.316462
77,11,-0.138969,0.000000,0.029827
77,12,0.165845,0.000000,0.029979
77,13,0.031715,0.001137,0.349127
77,14,0.001184,0.033280,0.319397
77,15,0.041834,0.025182,0.323419
77,16,0.029426,-0.027815,0.344550
77,17,0.046640,-0.019274,0.338996
77,18,0.071661,0.032084,0.341701
77,19,0.051447,-0.018059,0.313219
77,20,0.064423,0.016313,0.343093
77,21,0.051313,-0.028964,0.315305
77,22,0.036422,0.008552,0.324522
77,23,0.048202,0.025481,0.361642
77,24,0.068199,-0.010013,0.327521
78,0,-0.036122,0.000000,0.020743
78,1,-0.016355,-0.044211,0.322567
78,2,-0.044709,-0.031380,0.333671
78,3,-0.031973,0.054499,0.320770
78,4,0.021219,0.045213,0.307944
78,5,-0.215126,0.000000,0.626917
78,6,0.189707,0.000000,0.627778
78,7,-0.015868,0.013230,0.337072
78,8,-0.031779,0.005002,0.334146
78,9,0.038391,0.002528,0.330455
78,10,-0.004810,-0.030347,0.358149
78,11,-0.135575,0.000000,0.029979
78,12,0.169133,0.000000,0.029984
78,13,-0.011668,0.014516,0.310755
78,14,0.011744,-0.005084,0.346182
78,15,0.065449,-0.008802,0.304435
78,16,0.043167,0.026072,0.318526
78,17,0.023574,-0.014943,0.314331
78,18,0.010044,-0.009891,0.358818
78,19,0.014250,0.009436,0.320048
78,20,0.053068,0.025607,0.323304
78,21,0.080522,-0.001860,0.356308
78,22,0.026171,0.018955,0.331554
78,23,0.063142,-0.029462,0.344943
78,24,0.044026,0.001783,0.318407
79,0,-0.033608,0.000000,0.022212
79,1,-0.013760,0.009205,0.309192
79,2,-0.027862,-0.005999,0.340102
79,3,-0.031898,-0.005714,0.326055
79,4,-0.015865,0.012823,0.342553
79,5,-0.211746,0.000000,0.627780
79,6,0.193165,0.000000,0.628504
79,7,-0.019225,0.021813,0.341685
79,8,-0.000404,-0.032801,0.334198
79,9,0.004852,0.037508,0.299571
79,10,0.013558,0.004196,0.354668
79,11,-0.132252,0.000000,0.029984
79,12,0.172326,0.000000,0.029841
79,13,0.024168,0.024530,0.322566
79,14,0.029532,0.039037,0.295350
79,15,0.025290,-0.041380,0.336738
79,16,0.058789,0.025174,0.318675
79,17,0.016465,-0.008659,0.298915
79,18,0.035073,0.029687,0.313798
79,19,0.040757,-0.000880,0.341222
79,20,0.042222,0.008437,0.326243
79,21,0.049983,0.030758,0.352749
79,22,0.040330,-0.013478,0.307805
79,23,0.017637,0.005039,0.287181
79,24,0.048594,-0.001040,0.311454
80,0,-0.030929,0.000000,0.023572
80,1,-0.037821,0.005858,0.324991
80,2,-0.012956,0.008054,0.346984
80,3,-0.025563,0.001916,0.295708
80,4,0.001773,-0.013823,0.324689
80,5,-0.208308,0.000000,0.628506
80,6,0.196656,0.000000,0.629090
80,7,0.002187,0.046558,0.327384
80,8,0.010614,-0.017422,0.332905
80,9,-0.001591,-0.008452,0.318733
80,10,-0.002044,0.013631,0.357935
80,11,-0.129017,0.000000,0.029841
80,12,0.175409,0.000000,0.029552
80,13,-0.011825,0.011939,0.317069
80,14,0.038494,-0.002233,0.343751
80,15,0.047380,-0.001426,0.332580
80,16,0.062286,0.014232,0.335547
80,17,0.013431,0.003221,0.322190
80,18,0.059308,-0.004606,0.319741
80,19,0.017131,0.024804,0.319871
80,20,0.044893,-0.005652,0.327140
80,21,0.046427,0.000995,0.332986
80,22,0.028109,0.012876,0.315524
80,23,0.030538,0.005303,0.296955
80,24,0.032315,0.014818,0.340257
81,0,-0.028097,0.000000,0.024815
81,1,-0.035151,-0.006048,0.332070
81,2,-0.025185,0.009804,0.316182
81,3,-0.026328,-0.008506,0.355704
81,4,-0.001900,0.010516,0.362619
81,5,-0.204829,0.000000,0.629092
81,6,0.200164,0.000000,0.629533
81,7,-0.009186,0.012870,0.339233
81,8,-0.040047,0.023112,0.304726
81,9,0.008627,-0.023758,0.342131
81,10,0.033275,0.005456,0.311113
81,11,-0.125885,0.000000,0.029551
81,12,0.178367,0.000000,0.029117
81,13,0.019422,0.006437,0.329249
81,14,0.042614,-0.007542,0.328584
81,15,0.028842,-0.015252,0.331893
81,16,0.030542,0.031759,0.334820
81,17,0.008119,0.002715,0.337172
81,18,0.078476,-0.007742,0.337076
81,19,0.046659,-0.026788,0.290262
81,20,0.042733,0.013630,0.331387
81,21,0.065331,-0.005912,0.283714
81,22,0.055679,-0.045510,0.328662
81,23,0.079597,0.009956,0.301221
81,24,0.049463,0.003394,0.319069
82,0,-0.025127,0.000000,0.025937
82,1,-0.013409,0.003033,0.335542
82,2,-0.014721,-0.024160,0.302770
82,3,-0.002629,0.021791,0.309825
82,4,-0.011089,-0.021162,0.337256
82,5,-0.201326,0.000000,0.629534
82,6,0.203671,0.000000,0.629830
82,7,0.002205,-0.025063,0.331471
82,8,0.005827,-0.003298,0.339539
82,9,0.015440,0.000685,0.293753
82,10,0.053375,0.018556,0.346822
82,11,-0.122872,0.000000,0.029115
82,12,0.181185,0.000000,0.028538
82,13,0.033225,-0.050666,0.347681
82,14,0.045465,0.023856,0.325698
82,15,0.054386,0.011557,0.324285
82,16,0.056049,0.013365,0.339407
82,17,0.009207,-0.005401,0.322765
82,18,0.051477,0.023314,0.284741
82,19,0.050554,-0.006856,0.322886
82,20,0.058519,0.018443,0.333907
82,21,0.012712,-0.001130,0.317806
82,22,0.044645,-0.008198,0.333355
82,23,0.023219,0.010484,0.310947
82,24,0.039042,-0.045731,0.314779
83,0,-0.022032,0.000000,0.026930
83,1,-0.016238,0.027916,0.348682
83,2,-0.020658,0.013857,0.367566
83,3,-0.054036,-0.002489,0.334710
83,4,0.026669,-0.009046,0.325396
83,5,-0.197817,0.000000,0.629831
83,6,0.207159,0.000000,0.629980
83,7,0.000636,0.011937,0.353548
83,8,0.010955,-0.003315,0.339574
83,9,0.003002,-0.018782,0.308694
83,10,0.059508,0.002078,0.341336
83,11,-0.119993,0.000000,0.028536
83,12,0.183850,0.000000,0.027819
83,13,0.059700,-0.004433,0.330749
83,14,0.037978,-0.028049,0.331134
83,15,0.034456,-0.004083,0.350501
83,16,0.034734,0.044762,0.341093
83,17,0.063778,0.022829,0.293405
83,18,0.040678,-0.002034,0.307499
83,19,0.029737,-0.009067,0.336735
83,20,0.064465,0.003816,0.321821
83,21,0.065277,-0.015214,0.318611
83,22,0.054234,0.028254,0.323680
83,23,0.068901,0.036313,0.301809
83,24,0.054092,0.031556,0.273184
84,0,-0.018830,0.000000,0.027791
84,1,-0.024148,0.041214,0.369249
84,2,-0.010915,0.021480,0.321933
84,3,-0.028656,-0.000207,0.331782
84,4,0.015870,-0.000694,0.356593
84,5,-0.194318,0.000000,0.629980
84,6,0.210613,0.000000,0.629983
84,7,-0.001887,-0.012930,0.334897
84,8,0.014006,-0.007744,0.369136
84,9,0.007572,0.013844,0.325308
84,10,0.013427,-0.017127,0.338462
84,11,-0.117261,0.000000,0.027817
84,12,0.186348,0.000000,0.026963
84,13,0.036517,0.025302,0.330257
84,14,-0.001557,0.028443,0.346412
84,15,0.099931,-0.006153,0.320601
84,16,0.010115,-0.014244,0.329500
84,17,0.049548,-0.006498,0.343689
84,18,0.045281,-0.003919,0.322350
84,19,0.041071,-0.006208,0.307904
84,20,0.034655,0.018209,0.331667
84,21,0.026549,0.001173,0.304046
84,22,0.082324,-0.002184,0.319533
84,23,0.063896,0.025560,0.303723
84,24,0.046164,-0.015350,0.312855
85,0,-0.015534,0.000000,0.028515
85,1,0.002291,0.033846,0.334461
85,2,-0.009515,-0.030228,0.328666
85,3,0.026465,-0.027454,0.321133
85,4,0.021004,-0.027613,0.345826
85,5,-0.190848,0.000000,0.629983
85,6,0.214014,0.000000,0.629838
85,7,0.039787,0.027226,0.339650
85,8,0.035451,0.049760,0.353944
85,9,0.031453,0.009855,0.308232
85,10,0.081067,-0.012340,0.332813
85,11,-0.114691,0.000000,0.026960
85,12,0.188667,0.000000,0.025973
85,13,0.072411,0.003741,0.358604
85,14,0.028760,0.040015,0.332167
85,15,0.063802,-0.007215,0.360366
85,16,0.089779,-0.041297,0.336322
85,17,0.072521,0.007843,0.306099
85,18,0.060869,0.013703,0.292213
85,19,0.056908,0.002815,0.304260
85,20,0.042142,0.005126,0.349541
85,21,0.040753,-0.044574,0.313102
85,22,0.042761,0.023521,0.299588
85,23,0.060663,0.025300,0.302964
85,24,0.033131,0.024060,0.291657
86,0,-0.012162,0.000000,0.029099
86,1,-0.003266,-0.022938,0.292490
86,2,0.022367,-0.014598,0.307626
86,3,0.030477,-0.011095,0.338851
86,4,0.054565,0.000293,0.346050
86,5,-0.187422,0.000000,0.629837
86,6,0.217346,0.000000,0.629546
86,7,-0.013169,-0.016062,0.332180
86,8,-0.002795,-0.007420,0.327325
86,9,0.032394,0.014729,0.296645
86,10,0.044184,0.014602,0.356725
86,11,-0.112295,0.000000,0.025970
86,12,0.190795,0.000000,0.024856
86,13,0.061521,0.009622,0.352649
86,14,0.053355,-0.025423,0.341965
86,15,0.053386,0.019497,0.344675
86,16,0.076794,0.012706,0.303805
86,17,0.042453,0.052596,0.296597
86,18,0.066758,0.012343,0.315909
86,19,0.066412,0.018329,0.324715
86,20,0.041205,0.009185,0.323730
86,21,0.065172,-0.023167,0.305249
86,22,0.038987,-0.014758,0.303348
86,23,0.036791,0.026487,0.315755
86,24,0.057106,0.001639,0.317328
87,0,-0.008730,0.000000,0.029539
87,1,0.008982,0.017917,0.347370
87,2,-0.000793,-0.030931,0.338727
87,3,0.016959,-0.030202,0.341292
87,4,0.003015,0.000472,0.321533
87,5,-0.184059,0.000000,0.629544
87,6,0.220593,0.000000,0.629108
87,7,0.022670,0.015446,0.362529
87,8,0.044327,-0.002830,0.270436
87,9,0.026238,-0.007475,0.320471
87,10,0.014615,-0.016289,0.347902
87,11,-0.110084,0.000000,0.024853
87,12,0.192723,0.000000,0.023617
87,13,0.060614,-0.001278,0.338571
87,14,0.038728,0.029207,0.307912
87,15,0.041537,0.013848,0.311820
87,16,0.048560,-0.017342,0.342332
87,17,0.044831,-0.000458,0.290929
87,18,0.072862,-0.030488,0.352465
87,19,0.052788,-0.048073,0.320952
87,20,0.008766,0.018339,0.343059
87,21,0.026133,-0.016543,0.309763
87,22,0.059401,0.016534,0.286575
87,23,0.028709,-0.046183,0.285407
87,24,0.031093,0.008767,0.317578
88,0,-0.005256,0.000000,0.029834
88,1,0.011881,-0.008454,0.311525
88,2,-0.007506,-0.009063,0.350873
88,3,0.023100,0.031837,0.348152
88,4,-0.002575,-0.021350,0.339651
88,5,-0.180774,0.000000,0.629106
88,6,0.223738,0.000000,0.628527
88,7,0.023181,0.034736,0.332183
88,8,0.050005,0.007486,0.309170
88,9,0.024884,0.005709,0.282495
88,10,0.012606,0.028640,0.333635
88,11,-0.108070,0.000000,0.023613
88,12,0.194439,0.000000,0.022261
88,13,0.007731,0.021789,0.264671
88,14,0.078654,0.033447,0.352619
88,15,0.064919,0.014098,0.299743
88,16,0.062370,-0.013894,0.307996
88,17,0.020631,0.030991,0.307251
88,18,0.009749,-0.015692,0.295948
88,19,0.048473,0.004862,0.286036
88,20,0.072317,0.014338,0.294233
88,21,0.039477,0.009192,0.315521
88,22,0.037059,-0.005408,0.265185
88,23,0.044369,-0.037371,0.320535
88,24,0.030592,-0.012035,0.335988
89,0,-0.001755,0.000000,0.029982
89,1,-0.038612,-0.020390,0.343769
89,2,0.018374,0.017808,0.338956
89,3,0.026579,-0.018182,0.296775
89,4,-0.016830,-0.000060,0.327179
89,5,-0.177583,0.000000,0.628525
89,6,0.226767,0.000000,0.627805
89,7,0.060064,-0.015924,0.305614
89,8,0.059062,-0.021674,0.328773
89,9,0.016322,-0.017351,0.356386
89,10,0.003767,-0.000269,0.340157
89,11,-0.106263,0.000000,0.022257
89,12,0.195937,0.000000,0.020796
89,13,0.018232,-0.013217,0.309786
89,14,0.027206,-0.018376,0.349967
89,15,0.033215,0.002895,0.309605
89,16,0.059803,-0.004002,0.280047
89,17,0.051076,0.006062,0.281352
89,18,0.039819,0.026729,0.339451
89,19,0.048011,-0.009988,0.339112
89,20,0.009650,-0.044391,0.309890
89,21,-0.004336,0.005487,0.314667
89,22,0.054414,-0.016428,0.341012
89,23,0.031676,-0.039160,0.316988
89,24,0.037582,-0.026322,0.314197
90,0,0.001755,0.000000,0.029982
90,1,0.030255,-0.017336,0.326692
90,2,-0.022702,-0.007906,0.324948
90,3,0.030124,0.004505,0.328062
90,4,0.020576,-0.019450,0.354218
90,5,-0.174504,0.000000,0.627803
90,6,0.229663,0.000000,0.626947
90,7,0.048912,-0.044272,0.335732
90,8,0.037922,-0.031538,0.350072
90,9,0.068811,-0.025999,0.277435
90,10,0.079447,-0.010750,0.329607
90,11,-0.104671,0.000000,0.020791
90,12,0.197209,0.000000,0.019228
90,13,0.017893,0.022028,0.337042
90,14,0.040159,0.023986,0.305219
90,15,0.036565,-0.001572,0.314655
90,16,0.062111,-0.000140,0.303894
90,17,0.041783,0.035533,0.312134
90,18,0.042096,-0.028692,0.282423
90,19,0.067442,0.023923,0.302171
90,20,0.049731,0.005012,0.292472
90,21,0.054066,0.011495,0.339610
90,22,0.040363,0.008607,0.329674
90,23,0.032293,0.022910,0.274259
90,24,0.047786,0.005394,0.322761
91,0,0.005256,0.000000,0.029834
91,1,-0.021641,-0.002871,0.333292
91,2,0.053268,0.006390,0.331788
91,3,-0.015151,0.023570,0.314472
91,4,0.019341,0.024506,0.322294
91,5,-0.171549,0.000000,0.626944
91,6,0.232413,0.000000,0.625955
91,7,0.062017,0.005153,0.347526
91,8,0.037612,0.048553,0.293484
91,9,0.052106,-0.007048,0.343132
91,10,0.059518,-0.005573,0.322018
91,11,-0.103303,0.000000,0.019223
91,12,0.198248,0.000000,0.017565
91,13,0.073639,0.013508,0.311429
91,14,0.056015,-0.005992,0.357782
91,15,0.074053,-0.034917,0.306675
91,16,0.041397,0.004365,0.314895
91,17,0.029898,0.000791,0.341496
91,18,0.058426,-0.003310,0.293306
91,19,0.019265,-0.034280,0.294779
91,20,0.034981,-0.021898,0.298634
91,21,0.044555,-0.015089,0.309295
91,22,0.031837,0.002900,0.284873
91,23,0.015264,-0.028392,0.284344
91,24,0.014342,-0.016168,0.296012
92,0,0.008730,0.000000,0.029539
92,1,0.035592,0.017681,0.294200
92,2,0.015506,0.001781,0.348294
92,3,0.023901,-0.000625,0.344117
92,4,0.028415,0.017727,0.317570
92,5,-0.168735,0.000000,0.625952
92,6,0.235004,0.000000,0.624836
92,7,0.074765,0.005733,0.320139
92,8,0.055083,-0.026187,0.309422
92,9,0.058299,-0.021585,0.322875
92,10,0.053053,-0.015095,0.300938
92,11,-0.102164,0.000000,0.017560
92,12,0.199050,0.000000,0.015816
92,13,0.032433,-0.022984,0.339151
92,14,0.068501,-0.010817,0.288588
92,15,0.030758,0.003595,0.297181
92,16,0.086191,-0.059936,0.279990
92,17,0.033553,0.009421,0.354658
92,18,0.040410,-0.006164,0.284318
92,19,0.042871,0.000981,0.311071
92,20,0.012627,-0.014915,0.305267
92,21,0.043751,0.017863,0.308470
92,22,0.019535,-0.010796,0.282838
92,23,0.023227,-0.017801,0.286769
92,24,0.061125,-0.001409,0.293932
93,0,0.012162,0.000000,0.029099
93,1,0.053417,0.005192,0.343164
93,2,0.030405,-0.000561,0.305032
93,3,0.007039,0.018571,0.317501
93,4,0.033751,-0.001677,0.327316
93,5,-0.166075,0.000000,0.624833
93,6,0.237422,0.000000,0.623594
93,7,0.030975,0.018778,0.291669
93,8,0.042914,-0.004338,0.354455
93,9,0.025490,0.016575,0.291501
93,10,0.017552,-0.003262,0.305306
93,11,-0.101261,0.000000,0.015810
93,12,0.199609,0.000000,0.013989
93,13,0.072922,0.021196,0.301312
93,14,0.046038,0.001057,0.304651
93,15,0.079285,-0.004345,0.303306
93,16,0.066663,0.003454,0.279149
93,17,0.088222,0.029773,0.313019
93,18,0.005677,-0.004158,0.298325
93,19,0.035389,-0.000730,0.307839
93,20,0.010338,0.049386,0.331359
93,21,0.030765,0.012674,0.311603
93,22,0.035217,-0.009294,0.249384
93,23,0.015340,-0.004322,0.306702
93,24,0.047297,-0.013261,0.300855
94,0,0.015534,0.000000,0.028515
94,1,0.006965,0.010224,0.331116
94,2,0.028702,0.021932,0.341951
94,3,0.059876,-0.005656,0.365400
94,4,0.042784,-0.003300,0.297304
94,5,-0.163582,0.000000,0.623591
94,6,0.239656,0.000000,0.622237
94,7,0.029703,-0.015263,0.326732
94,8,0.063339,-0.015646,0.331238
94,9,0.075385,-0.017850,0.336040
94,10,0.002608,0.021465,0.345300
94,11,-0.100599,0.000000,0.013983
94,12,0.199925,0.000000,0.012092
94,13,0.069703,-0.028731,0.330452
94,14,0.048660,0.004264,0.317528
94,15,0.040672,0.016600,0.302453
94,16,0.048504,-0.004105,0.299107
94,17,0.027668,0.025230,0.309614
94,18,0.042601,-0.017183,0.275272
94,19,0.050852,-0.000952,0.297892
94,20,0.048050,0.003112,0.321116
94,21,0.016081,-0.000780,0.301027
94,22,0.006227,0.040196,0.281372
94,23,0.005091,-0.008861,0.241241
94,24,0.032783,-0.006185,0.287680
95,0,0.018830,0.000000,0.027791
95,1,0.008979,0.023192,0.321642
95,2,0.006602,0.034245,0.322871
95,3,0.024265,0.014481,0.324011
95,4,0.006101,0.035111,0.342990
95,5,-0.161269,0.000000,0.622232
95,6,0.241694,0.000000,0.620769
95,7,0.031570,0.015610,0.334517
95,8,0.036453,-0.001266,0.325201
95,9,0.046237,0.007831,0.271857
95,10,0.022721,0.010318,0.330927
95,11,-0.100179,0.000000,0.012087
95,12,0.199994,0.000000,0.010137
95,13,0.031645,0.034070,0.296755
95,14,0.071215,0.031687,0.306356
95,15,0.024035,0.012045,0.285683
95,16,0.012114,0.001010,0.333309
95,17,0.057393,0.008814,0.308678
95,18,0.009648,-0.037588,0.290211
95,19,0.044818,0.015711,0.321080
95,20,0.018073,-0.019956,0.268610
95,21,0.007727,-0.005711,0.298300
95,22,-0.002510,-0.005804,0.297796
95,23,0.009358,0.005154,0.283446
95,24,0.048745,-0.005458,0.276344
96,0,0.022032,0.000000,0.026930
96,1,0.006812,-0.000452,0.314375
96,2,0.026965,0.026690,0.286895
96,3,0.042497,-0.005327,0.323579
96,4,0.026063,-0.020611,0.325656
96,5,-0.159146,0.000000,0.620765
96,6,0.243528,0.000000,0.619199
96,7,0.051042,-0.020228,0.296802
96,8,0.040252,0.008111,0.304389
96,9,0.040305,0.013870,0.335483
96,10,0.044311,-0.009379,0.270452
96,11,-0.100005,0.000000,0.010131
96,12,0.199817,0.000000,0.008131
96,13,0.070697,0.005802,0.298095
96,14,0.036905,-0.027148,0.343871
96,15,0.048220,-0.010341,0.321961
96,16,0.038387,-0.014837,0.266467
96,17,0.069337,0.028762,0.269961
96,18,0.058762,-0.037056,0.316281
96,19,0.075504,-0.010755,0.294329
96,20,0.060851,-0.016793,0.343090
96,21,0.057245,-0.019008,0.292499
96,22,0.012823,0.013634,0.274888
96,23,0.020965,0.042715,0.271151
96,24,0.039728,-0.031866,0.311619
97,0,0.025127,0.000000,0.025937
97,1,0.022630,-0.009873,0.311173
97,2,0.030499,0.048133,0.335277
97,3,0.019843,0.010555,0.299949
97,4,0.062026,0.026655,0.316391
97,5,-0.157225,0.000000,0.619195
97,6,0.245146,0.000000,0.617535
97,7,0.042614,0.018798,0.290851
97,8,0.053177,0.015219,0.296697
97,9,0.045958,-0.012079,0.290914
97,10,0.063601,-0.033106,0.297915
97,11,-0.100078,0.000000,0.008125
97,12,0.199395,0.000000,0.006086
97,13,0.026629,-0.016974,0.318105
97,14,0.053148,0.013642,0.334844
97,15,0.059165,0.005179,0.334106
97,16,0.052082,0.019306,0.325509
97,17,0.041595,-0.001190,0.321400
97,18,0.015096,-0.032016,0.302349
97,19,0.038386,0.027209,0.275560
97,20,0.027835,0.008036,0.298379
97,21,0.011078,0.046022,0.268507
97,22,0.029814,-0.005321,0.279030
97,23,0.027577,-0.033320,0.274286
97,24,0.043916,-0.032469,0.297697
98,0,0.028097,0.000000,0.024815
98,1,0.016600,0.034888,0.334524
98,2,0.038615,-0.017649,0.322507
98,3,0.047562,0.028594,0.316067
98,4,0.052375,-0.031554,0.330061
98,5,-0.155514,0.000000,0.617530
98,6,0.246542,0.000000,0.615785
98,7,0.072644,0.004613,0.316465
98,8,0.037338,0.010625,0.295713
98,9,0.055033,0.016383,0.262765
98,10,0.039985,-0.016345,0.295333
98,11,-0.100396,0.000000,0.006080
98,12,0.198729,0.000000,0.004010
98,13,0.041931,0.020189,0.315080
98,14,0.044116,0.017521,0.260395
98,15,0.019786,0.005281,0.314201
98,16,0.042710,-0.037760,0.256495
98,17,0.072503,0.007242,0.281710
98,18,0.047277,-0.004204,0.328926
98,19,-0.008606,-0.032144,0.293499
98,20,0.009422,-0.001086,0.286502
98,21,-0.007693,-0.015894,0.247138
98,22,0.003597,0.012032,0.293698
98,23,0.015173,-0.015139,0.306239
98,24,0.026027,-0.000465,0.285794
99,0,0.030929,0.000000,0.023572
99,1,0.037985,0.005210,0.301791
99,2,0.007145,0.015555,0.373884
99,3,0.018900,0.020430,0.314931
99,4,0.032154,-0.015732,0.323740
99,5,-0.154023,0.000000,0.615779
99,6,0.247709,0.000000,0.613956
99,7,0.052321,0.037840,0.339926
99,8,0.068806,0.002651,0.298034
99,9,0.066468,-0.002288,0.315358
99,10,0.039277,0.001592,0.345153
99,11,-0.100959,0.000000,0.004004
99,12,0.197824,0.000000,0.001915
99,13,0.038770,0.022368,0.295039
99,14,0.030641,0.022382,0.301101
99,15,0.033191,-0.001976,0.297670
99,16,0.025417,0.015789,0.292605
99,17,0.026776,-0.012028,0.319923
99,18,0.047312,-0.026862,0.285286
99,19,0.024441,0.033222,0.266558
99,20,0.024996,0.021320,0.261477
99,21,0.002591,-0.026122,0.290684
99,22,0.007323,0.029427,0.291109
99,23,0.011344,0.019221,0.307117
99,24,-0.001021,-0.016479,0.245139
100,0,0.033608,0.000000,0.022212
100,1,0.032849,-0.007931,0.316941
100,2,0.051429,-0.000873,0.356704
100,3,0.031932,0.007760,0.325966
100,4,0.046585,0.009897,0.332939
100,5,-0.152758,0.000000,0.613951
100,6,0.248641,0.000000,0.612059
100,7,0.048417,-0.009051,0.324666
100,8,0.057913,-0.012832,0.314112
100,9,0.039614,-0.009553,0.296133
100,10,0.033497,-0.017278,0.287391
100,11,-0.101763,0.000000,0.001909
100,12,0.196682,0.000000,-0.000190
100,13,0.069078,0.012434,0.271027
100,14,0.047799,-0.007746,0.273462
100,15,0.053320,0.016310,0.275551
100,16,0.039381,0.003738,0.289173
100,17,0.019069,-0.024871,0.268351
100,18,-0.000073,-0.036734,0.265369
100,19,-0.003731,-0.033237,0.287920
100,20,0.030217,0.000983,0.238717
100,21,0.003517,-0.006632,0.266540
100,22,0.007751,0.003770,0.242683
100,23,-0.002857,0.026734,0.269505
100,24,0.029153,-0.000681,0.276017
101,0,0.036122,0.000000,0.020743
101,1,0.046771,0.025002,0.326051
101,2,0.016755,-0.045999,0.312828
101,3,0.053795,0.002623,0.316606
101,4,0.033874,-0.022212,0.340120
101,5,-0.151725,0.000000,0.612053
101,6,0.249334,0.000000,0.610102
101,7,0.055766,-0.007511,0.323931
101,8,0.060523,0.014641,0.303435
101,9,0.064626,-0.010622,0.328666
101,10,0.072223,-0.021616,0.290320
101,11,-0.102805,0.000000,-0.000196
101,12,0.195311,0.000000,-0.002294
101,13,0.044981,-0.014410,0.285331
101,14,0.029893,0.028306,0.282715
101,15,0.032694,-0.007990,0.299732
101,16,0.026019,-0.045980,0.293294
101,17,0.020945,0.055242,0.279438
101,18,0.015344,0.018665,0.317331
101,19,0.059067,-0.019327,0.275770
101,20,0.026967,0.014684,0.292100
101,21,-0.001088,-0.001997,0.294620
101,22,0.001429,-0.008801,0.281078
101,23,0.013963,-0.002672,0.262047
101,24,-0.009459,-0.004233,0.276634
102,0,0.038458,0.000000,0.019171
102,1,0.030709,-0.004430,0.307950
102,2,0.050664,-0.024983,0.302028
102,3,0.061842,-0.045220,0.316756
102,4,0.050402,-0.031309,0.313499
102,5,-0.150931,0.000000,0.610097
102,6,0.249783,0.000000,0.608096
102,7,0.007170,0.047289,0.335529
102,8,0.077851,-0.008311,0.317535
102,9,0.079185,0.011242,0.321230
102,10,0.067087,0.002761,0.305659
102,11,-0.104079,0.000000,-0.002300
102,12,0.193716,0.000000,-0.004387
102,13,0.052571,-0.032762,0.302068
102,14,0.033998,0.023081,0.283157
102,15,0.032046,-0.007638,0.290435
102,16,0.049590,0.018229,0.278522
102,17,0.057268,0.008991,0.275687
102,18,0.032363,0.003648,0.245663
102,19,0.009309,0.003024,0.222652
102,20,0.046907,-0.006051,0.301510
102,21,0.012214,0.003139,0.260394
102,22,0.014536,-0.003935,0.275839
102,23,-0.014701,-0.011712,0.301337
102,24,0.013316,0.012283,0.274650
103,0,0.040605,0.000000,0.017506
103,1,0.039265,0.028908,0.301440
103,2,0.049187,-0.010172,0.319205
103,3,0.078603,-0.023561,0.328827
103,4,0.063611,-0.014658,0.324699
103,5,-0.150378,0.000000,0.608090
103,6,0.249987,0.000000,0.606050
103,7,0.059745,0.008430,0.304205
103,8,0.050319,0.009744,0.287838
103,9,0.064936,-0.015851,0.342645
103,10,0.035643,0.020730,0.268396
103,11,-0.105580,0.000000,-0.004393
103,12,0.191907,0.000000,-0.006457
103,13,0.010723,-0.013787,0.277460
103,14,0.060174,0.004615,0.244455
103,15,0.043274,0.018293,0.281983
103,16,-0.034990,-0.031868,0.235489
103,17,0.024617,-0.017182,0.266160
103,18,0.033932,-0.004485,0.283506
103,19,-0.004408,0.005111,0.276064
103,20,0.000123,-0.013320,0.262627
103,21,-0.006041,-0.031181,0.303726
103,22,0.031739,0.015545,0.240993
103,23,-0.021104,-0.028702,0.296601
103,24,-0.002888,0.027221,0.280918
104,0,0.042552,0.000000,0.015753
104,1,0.043938,0.000603,0.318751
104,2,0.034239,0.029434,0.290420
104,3,0.079459,0.016651,0.323231
104,4,0.054265,0.003268,0.308671
104,5,-0.150070,0.000000,0.606044
104,6,0.249944,0.000000,0.603974
104,7,0.049308,-0.014933,0.305334
104,8,0.069197,0.015364,0.303166
104,9,0.075123,0.053982,0.300179
104,10,0.047687,-0.015691,0.325031
104,11,-0.107299,0.000000,-0.006463
104,12,0.189890,0.000000,-0.008497
104,13,0.026681,-0.018936,0.282923
104,14,0.016236,0.014900,0.304419
104,15,0.038089,-0.003508,0.263460
104,16,0.008425,0.024032,0.268621
104,17,-0.014447,-0.014533,0.267311
104,18,0.048485,-0.010075,0.271600
104,19,-0.031552,0.003644,0.294474
104,20,0.001494,0.002628,0.267864
104,21,0.018099,0.054753,0.273118
104,22,0.001221,-0.004215,0.257128
104,23,-0.010822,-0.000253,0.273917
104,24,-0.021528,0.027164,0.257765
105,0,0.044288,0.000000,0.013924
105,1,0.056783,0.018155,0.314307
105,2,0.070050,0.017271,0.308720
105,3,0.055268,-0.018620,0.263225
105,4,0.055469,-0.013795,0.306699
105,5,-0.150008,0.000000,0.603968
105,6,0.249656,0.000000,0.601878
105,7,0.054456,0.013414,0.329035
105,8,0.047728,-0.020928,0.316591
105,9,0.061331,0.024562,0.259582
105,10,0.037257,-0.026123,0.309787
105,11,-0.109229,0.000000,-0.008502
105,12,0.187677,0.000000,-0.010494
105,13,0.039613,0.019524,0.297959
105,14,0.029037,0.006070,0.288264
105,15,0.013865,0.004297,0.266235
105,16,0.029864,0.002899,0.297289
105,17,-0.003990,-0.019635,0.281794
105,18,-0.000513,-0.016891,0.294545
105,19,0.029019,0.025319,0.259031
105,20,-0.003112,-0.000836,0.249442
105,21,-0.006763,0.013626,0.243249
105,22,0.020719,0.024174,0.282357
105,23,0.017498,0.012475,0.292757
105,24,-0.029414,-0.011993,0.226616
106,0,0.045807,0.000000,0.012025
106,1,0.073445,-0.038660,0.332600
106,2,0.052840,-0.010868,0.296094
106,3,0.043085,-0.029645,0.314618
106,4,0.108662,-0.018684,0.293232
106,5,-0.150192,0.000000,0.601872
106,6,0.249123,0.000000,0.599773
106,7,0.046385,-0.047614,0.329090
106,8,0.017075,-0.002961,0.302811
106,9,0.059766,-0.003965,0.288408
106,10,0.054079,-0.009342,0.295723
106,11,-0.111360,0.000000,-0.010500
106,12,0.185279,0.000000,-0.012439
106,13,0.031510,0.007406,0.318373
106,14,0.046251,0.003638,0.280016
106,15,0.025957,-0.028545,0.275308
106,16,-0.032903,-0.016303,0.244376
106,17,0.011724,-0.021806,0.284138
106,18,0.020055,0.007437,0.239448
106,19,0.028845,0.008625,0.311885
106,20,0.025475,-0.042870,0.271357
106,21,0.007982,0.000539,0.306813
106,22,0.026826,0.004021,0.247312
106,23,-0.012068,-0.007060,0.260405
106,24,0.027975,-0.040872,0.268227
107,0,0.047100,0.000000,0.010068
107,1,0.041626,0.007246,0.313677
107,2,0.076132,0.009920,0.325078
107,3,0.047144,-0.044376,0.350611
107,4,0.035107,0.013123,0.311272
107,5,-0.150621,0.000000,0.599767
107,6,0.248348,0.000000,0.597670
107,7,0.051953,0.009609,0.306566
107,8,0.060389,-0.003837,0.298763
107,9,0.042132,-0.022345,0.269895
107,10,0.035241,-0.000646,0.282464
107,11,-0.113681,0.000000,-0.012445
107,12,0.182707,0.000000,-0.014324
107,13,0.041659,0.002495,0.315889
107,14,0.033101,-0.026607,0.307822
107,15,0.011331,0.011691,0.284139
107,16,0.001600,0.040162,0.265679
107,17,-0.010939,0.022143,0.286813
107,18,-0.023975,0.027765,0.249122
107,19,-0.031912,0.009802,0.304813
107,20,0.022639,-0.001199,0.274164
107,21,-0.005020,0.014948,0.289545
107,22,0.008231,-0.023227,0.255205
107,23,-0.024588,-0.016722,0.307246
107,24,-0.048864,-0.001447,0.264358
108,0,0.048161,0.000000,0.008061
108,1,0.045275,-0.059275,0.315970
108,2,0.059130,-0.021606,0.283168
108,3,0.034659,0.030988,0.318315
108,4,0.030480,-0.011314,0.330610
108,5,-0.151294,0.000000,0.597664
108,6,0.247335,0.000000,0.595577
108,7,0.055973,-0.053775,0.258910
108,8,0.022252,-0.014088,0.317533
108,9,0.005856,0.036890,0.309700
108,10,0.023216,0.010867,0.258396
108,11,-0.116181,0.000000,-0.014329
108,12,0.179973,0.000000,-0.016137
108,13,0.028072,0.017277,0.305745
108,14,0.002964,0.021378,0.273100
108,15,0.025787,-0.029724,0.260951
108,16,-0.002876,0.030496,0.263482
108,17,0.008420,-0.005579,0.274311
108,18,0.001088,0.003842,0.315430
108,19,0.007884,-0.004612,0.261830
108,20,-0.034656,-0.013403,0.283766
108,21,-0.049400,0.008068,0.274130
108,22,-0.026873,-0.011144,0.262176
108,23,-0.014094,-0.005009,0.268022
108,24,-0.012770,-0.004483,0.238100
109,0,0.048985,0.000000,0.006014
109,1,0.058910,-0.005335,0.335841
109,2,0.071305,0.002686,0.279583
109,3,0.049986,0.008722,0.325471
109,4,0.061554,0.044142,0.329642
109,5,-0.152206,0.000000,0.595571
109,6,0.246089,0.000000,0.593507
109,7,0.051795,-0.001459,0.287459
109,8,0.043287,-0.009239,0.342495
109,9,0.014550,-0.008044,0.287216
109,10,0.026758,0.016890,0.269899
109,11,-0.118848,0.000000,-0.016143
109,12,0.177092,0.000000,-0.017872
109,13,0.022906,0.001968,0.306833
109,14,0.000451,-0.012524,0.240755
109,15,-0.003276,0.034336,0.262672
109,16,0.012617,-0.017164,0.281580
109,17,-0.020905,-0.013677,0.282132
109,18,-0.012074,-0.008073,0.303585
109,19,0.004483,-0.002812,0.273286
109,20,-0.039376,0.008119,0.242290
109,21,-0.023889,0.024045,0.278766
109,22,-0.026419,0.004575,0.267271
109,23,-0.017888,-0.007149,0.274047
109,24,-0.025221,0.045731,0.303291
110,0,0.049567,0.000000,0.003938
110,1,0.029800,-0.022251,0.319418
110,2,0.117748,0.030026,0.336687
110,3,0.018791,0.009235,0.314997
110,4,0.083236,-0.023327,0.301824
110,5,-0.153354,0.000000,0.593501
110,6,0.244615,0.000000,0.591468
110,7,0.026002,0.024899,0.309432
110,8,0.029347,0.001244,0.293242
110,9,0.039206,0.016699,0.288457
110,10,0.030490,0.006347,0.237143
110,11,-0.121668,0.000000,-0.017877
110,12,0.174078,0.000000,-0.019518
110,13,0.015636,0.007205,0.324167
110,14,0.007322,0.034025,0.276527
110,15,-0.004644,0.002720,0.282831
110,16,0.065652,0.023453,0.297589
110,17,-0.055245,-0.018500,0.293640
110,18,-0.000673,-0.029003,0.282227
110,19,-0.036015,0.023944,0.300121
110,20,-0.006479,-0.016202,0.254712
110,21,-0.054771,-0.019782,0.256909
110,22,0.001381,0.009839,0.265612
110,23,-0.019517,0.007407,0.260745
110,24,-0.067207,0.004341,0.226844
111,0,0.049906,0.000000,0.001842
111,1,0.024046,-0.032744,0.299871
111,2,0.047821,0.014589,0.318218
111,3,0.021824,-0.001280,0.286424
111,4,0.030988,0.010942,0.301737
111,5,-0.154732,0.000000,0.591462
111,6,0.242922,0.000000,0.589472
111,7,0.052352,0.004278,0.298113
111,8,0.017398,0.006465,0.297523
111,9,0.049212,0.016639,0.303190
111,10,0.053550,0.026557,0.260910
111,11,-0.124627,0.000000,-0.019522
111,12,0.170945,0.000000,-0.021068
111,13,0.013924,-0.000493,0.267996
111,14,0.040140,0.009457,0.292343
111,15,0.040002,0.014795,0.250230
111,16,-0.006265,-0.012899,0.260984
111,17,-0.020392,-0.023176,0.266192
111,18,-0.048816,-0.020902,0.290743
111,19,-0.033718,0.012387,0.263806
111,20,-0.034806,0.007951,0.251802
111,21,-0.057464,0.026007,0.269962
111,22,-0.021150,0.033178,0.276408
111,23,-0.039585,-0.043825,0.253897
111,24,-0.080921,-0.018964,0.269088
112,0,0.049998,0.000000,-0.000263
112,1,0.043789,-0.007077,0.275340
112,2,0.035723,0.006019,0.262258
112,3,0.034415,-0.003808,0.276326
112,4,0.029225,0.016461,0.275663
112,5,-0.156333,0.000000,0.589466
112,6,0.241017,0.000000,0.587527
112,7,0.025848,0.016157,0.302817
112,8,0.025110,-0.018780,0.271634
112,9,0.026884,0.001842,0.303097
112,10,0.011683,-0.029888,0.298128
112,11,-0.127712,0.000000,-0.021072
112,12,0.167708,0.000000,-0.022514
112,13,0.033234,-0.003587,0.282223
112,14,0.010096,-0.000105,0.296431
112,15,0.008993,0.000406,0.251501
112,16,-0.004545,0.010785,0.260728
112,17,-0.018974,-0.013692,0.269492
112,18,-0.059442,-0.003322,0.279236
112,19,-0.043811,0.023035,0.265171
112,20,0.024694,0.046247,0.253412
112,21,-0.021680,0.028184,0.257151
112,22,-0.028536,0.004623,0.245284
112,23,-0.033223,-0.000616,0.287809
112,24,-0.013927,0.016096,0.261865
113,0,0.049844,0.000000,-0.002367
113,1,0.024780,-0.000097,0.290510
113,2,0.074085,-0.002430,0.323573
113,3,0.064282,0.018464,0.292874
113,4,0.011346,0.007376,0.301889
113,5,-0.158149,0.000000,0.587522
113,6,0.238911,0.000000,0.585644
113,7,0.028109,0.007969,0.307720
113,8,0.020234,-0.019139,0.291479
113,9,0.043878,-0.012487,0.331208
113,10,-0.002807,-0.014102,0.279826
113,11,-0.130907,0.000000,-0.022518
113,12,0.164385,0.000000,-0.023849
113,13,0.020941,-0.029508,0.306241
113,14,0.002170,0.005247,0.291492
113,15,0.009615,0.026926,0.291707
113,16,-0.038944,-0.024962,0.260050
113,17,-0.012111,0.010021,0.245402
113,18,0.005246,0.021075,0.285777
113,19,-0.046635,-0.001114,0.248186
113,20,-0.049457,0.017090,0.260240
113,21,0.003185,0.006344,0.260807
113,22,-0.022769,-0.022598,0.257733
113,23,-0.046632,0.004742,0.245351
113,24,-0.040979,0.017547,0.280114
114,0,0.049445,0.000000,-0.004459
114,1,0.053357,-0.013744,0.287561
114,2,0.048708,0.010568,0.319102
114,3,0.034385,-0.027064,0.240792
114,4,0.062560,0.016189,0.284727
114,5,-0.160171,0.000000,0.585639
114,6,0.236612,0.000000,0.583832
114,7,0.040109,0.025388,0.299530
114,8,0.002516,-0.018897,0.239377
114,9,0.026912,0.007268,0.257062
114,10,0.009891,0.002530,0.290736
114,11,-0.134195,0.000000,-0.023853
114,12,0.160990,0.000000,-0.025067
114,13,0.010199,-0.012817,0.275358
114,14,0.027047,-0.003026,0.269245
114,15,0.040331,0.012171,0.263986
114,16,-0.013656,0.017688,0.315392
114,17,-0.045353,0.014632,0.269676
114,18,-0.033701,0.031034,0.233895
114,19,-0.038496,0.028854,0.260129
114,20,-0.013796,0.012827,0.247989
114,21,-0.049624,-0.014220,0.277113
114,22,-0.030897,0.005308,0.284187
114,23,-0.044797,-0.039460,0.256773
114,24,-0.040758,-0.026785,0.278457
115,0,0.048802,0.000000,-0.006529
115,1,0.045637,0.002044,0.301408
115,2,0.045302,0.026447,0.332349
115,3,0.047518,0.011659,0.247641
115,4,0.045198,0.003039,0.300989
115,5,-0.162389,0.000000,0.583827
115,6,0.234134,0.000000,0.582099
115,7,0.017844,-0.011198,0.293342
115,8,0.012983,-0.009638,0.288892
115,9,0.035383,-0.000646,0.284587
115,10,-0.018061,-0.006954,0.235844
115,11,-0.137561,0.000000,-0.025071
115,12,0.157542,0.000000,-0.026162
115,13,-0.007043,-0.015130,0.249243
115,14,-0.007181,0.005418,0.264692
115,15,-0.019663,-0.036743,0.234890
115,16,-0.034082,-0.011754,0.283426
115,17,-0.016866,0.000487,0.263006
115,18,-0.020054,-0.041072,0.286070
115,19,-0.022082,-0.027137,0.238201
115,20,-0.062387,0.011967,0.254754
115,21,-0.034334,-0.039347,0.272506
115,22,-0.043356,-0.013817,0.258976
115,23,-0.036189,0.008274,0.250663
115,24,-0.087590,0.038741,0.248721
116,0,0.047918,0.000000,-0.008567
116,1,0.040453,0.004033,0.290809
116,2,0.053824,0.022908,0.285040
116,3,0.031820,0.027259,0.331324
116,4,0.049692,0.000786,0.267985
116,5,-0.164793,0.000000,0.582094
116,6,0.231487,0.000000,0.580454
116,7,0.047154,-0.016108,0.308531
116,8,0.038753,0.002746,0.297295
116,9,0.010504,-0.022974,0.267473
116,10,0.026461,0.001916,0.273124
116,11,-0.140989,0.000000,-0.026165
116,12,0.154056,0.000000,-0.027127
116,13,0.002673,-0.025876,0.258732
116,14,0.014530,-0.003399,0.294365
116,15,-0.009893,0.001346,0.275423
116,16,-0.015868,0.008754,0.280569
116,17,-0.022547,-0.023911,0.300483
116,18,-0.023991,-0.006553,0.228053
116,19,-0.026752,-0.010826,0.290100
116,20,-0.009796,-0.005365,0.295787
116,21,-0.035899,0.067655,0.273794
116,22,-0.047001,0.029640,0.250644
116,23,-0.053813,-0.003088,0.292762
116,24,-0.034099,0.013964,0.249707
117,0,0.046799,0.000000,-0.010562
117,1,0.028162,0.019091,0.294361
117,2,0.039200,0.011513,0.290821
117,3,0.058099,-0.003976,0.277513
117,4,0.045851,0.004367,0.268841
117,5,-0.167370,0.000000,0.580450
117,6,0.228685,0.000000,0.578906
117,7,0.013777,0.002701,0.295809
117,8,0.034289,-0.005605,0.247827
117,9,0.040805,-0.015843,0.285943
117,10,0.017084,0.008433,0.266657
117,11,-0.144461,0.000000,-0.027130
117,12,0.150550,0.000000,-0.027959
117,13,-0.002735,0.022484,0.310392
117,14,-0.058907,-0.007790,0.284416
117,15,0.004216,-0.008584,0.276573
117,16,-0.045351,0.011256,0.257028
117,17,0.003059,-0.016252,0.299738
117,18,-0.032655,-0.019477,0.272460
117,19,-0.006368,-0.019954,0.282959
117,20,-0.042921,-0.000728,0.299147
117,21,-0.059648,0.040708,0.273992
117,22,-0.065448,-0.004360,0.299967
117,23,-0.037220,-0.010126,0.271583
117,24,-0.050756,0.013327,0.291794
118,0,0.045448,0.000000,-0.012506
118,1,0.043901,-0.019858,0.264952
118,2,0.030642,0.015618,0.262539
118,3,0.082059,-0.000646,0.304269
118,4,0.052543,0.014062,0.264584
118,5,-0.170108,0.000000,0.578902
118,6,0.225741,0.000000,0.577462
118,7,0.035943,0.025493,0.248698
118,8,0.009601,0.020284,0.246311
118,9,0.004983,-0.000296,0.268887
118,10,0.004326,-0.023863,0.265356
118,11,-0.147961,0.000000,-0.027961
118,12,0.147042,0.000000,-0.028653
118,13,0.012419,-0.030026,0.268465
118,14,-0.004497,-0.006172,0.251211
118,15,-0.031624,-0.009819,0.265516
118,16,-0.004903,0.008343,0.268657
118,17,-0.007235,-0.003873,0.295622
118,18,-0.002368,0.014423,0.318931
118,19,-0.038711,-0.018369,0.287715
118,20,-0.017449,0.029728,0.264152
118,21,-0.039403,0.021111,0.272493
118,22,-0.024400,-0.008707,0.248805
118,23,-0.059773,-0.023853,0.266002
118,24,-0.039637,-0.029957,0.296689
119,0,0.043874,0.000000,-0.014388
119,1,0.025217,-0.023507,0.275537
119,2,0.050177,0.002901,0.253049
119,3,0.024869,0.025186,0.278935
119,4,0.066317,0.022377,0.288445
119,5,-0.172993,0.000000,0.577458
119,6,0.222671,0.000000,0.576128
119,7,0.036500,0.011613,0.279317
119,8,0.000835,-0.005266,0.283299
119,9,-0.032151,-0.004851,0.268271
119,10,0.008156,0.001313,0.287652
119,11,-0.151470,0.000000,-0.028655
119,12,0.143548,0.000000,-0.029206
119,13,0.000498,-0.000245,0.267811
119,14,0.002564,0.009231,0.271726
119,15,-0.027142,-0.004637,0.271548
119,16,-0.032502,-0.014676,0.266799
119,17,-0.016064,-0.028799,0.294750
119,18,-0.051091,-0.023895,0.263958
119,19,-0.040308,-0.000158,0.245465
119,20,-0.067931,0.032911,0.258875
119,21,-0.062714,-0.011631,0.272013
119,22,-0.015357,-0.026763,0.268546
119,23,-0.100227,0.003523,0.280560
119,24,-0.075018,0.015219,0.272874
120,0,0.042084,0.000000,-0.016199
120,1,0.035423,0.022705,0.297557
120,2,0.040687,0.022646,0.290611
120,3,0.036397,0.020296,0.262984
120,4,0.056543,0.005923,0.225492
120,5,-0.176011,0.000000,0.576125
120,6,0.219489,0.000000,0.574913
120,7,0.014522,-0.015718,0.269428
120,8,0.038250,0.005176,0.321022
120,9,-0.007389,-0.000524,0.278490
120,10,0.021373,0.002580,0.288445
120,11,-0.154972,0.000000,-0.029207
120,12,0.140086,0.000000,-0.029615
120,13,-0.036126,0.010362,0.312868
120,14,-0.003873,0.002640,0.269857
120,15,0.003203,0.001660,0.284864
120,16,-0.032677,0.000091,0.266474
120,17,-0.040654,0.002620,0.292996
120,18,-0.049830,0.009664,0.285387
120,19,-0.003304,-0.006188,0.222282
120,20,-0.062053,0.026223,0.261599
120,21,-0.050777,-0.034628,0.285678
120,22,-0.049689,-0.030750,0.293583
120,23,-0.058240,-0.019129,0.270277
120,24,-0.038188,-0.005150,0.246208
121,0,0.040087,0.000000,-0.017930
121,1,0.026095,0.031823,0.275432
121,2,0.017581,0.040773,0.277447
121,3,0.038364,-0.006092,0.294892
121,4,0.026269,-0.017901,0.298193
121,5,-0.179148,0.000000,0.574909
121,6,0.216211,0.000000,0.573820
121,7,0.019966,0.001323,0.275730
121,8,0.002161,-0.000931,0.267687
121,9,-0.007982,-0.039022,0.289367
121,10,-0.030843,-0.003106,0.300861
121,11,-0.158450,0.000000,-0.029616
121,12,0.136673,0.000000,-0.029878
121,13,-0.015326,-0.026081,0.272308
121,14,-0.019810,-0.020199,0.297348
121,15,-0.030081,0.017354,0.279080
121,16,-0.012897,0.019331,0.318452
121,17,-0.024649,-0.036017,0.283466
121,18,-0.051021,-0.018412,0.199203
121,19,-0.043992,0.012369,0.283491
121,20,-0.062723,-0.008070,0.277765
121,21,-0.056735,0.045537,0.265919
121,22,-0.035390,0.005628,0.292420
121,23,-0.060373,-0.016369,0.284456
121,24,-0.056431,0.018617,0.286505
122,0,0.037892,0.000000,-0.019573
122,1,0.029473,0.010355,0.257844
122,2,0.037722,0.007005,0.266907
122,3,0.018865,0.044159,0.289915
122,4,0.022783,-0.000632,0.295735
122,5,-0.182387,0.000000,0.573817
122,6,0.212853,0.000000,0.572857
122,7,-0.012975,0.021410,0.280533
122,8,0.010103,0.024371,0.252556
122,9,-0.050819,-0.002647,0.227270
122,10,-0.014068,-0.001858,0.258058
122,11,-0.161886,0.000000,-0.029879
122,12,0.133325,0.000000,-0.029994
122,13,-0.018561,-0.012079,0.273193
122,14,-0.012998,0.003323,0.278282
122,15,-0.051351,0.025299,0.275028
122,16,-0.044171,-0.008114,0.265225
122,17,-0.068978,0.007884,0.287949
122,18,-0.016097,0.013709,0.285059
122,19,-0.062346,0.002365,0.307542
122,20,-0.049721,-0.011957,0.264580
122,21,-0.059682,0.054468,0.299937
122,22,-0.058336,-0.011492,0.273540
122,23,-0.024297,0.008583,0.281111
122,24,-0.054232,-0.007588,0.246194
123,0,0.035510,0.000000,-0.021120
123,1,0.036732,-0.006555,0.293096
123,2,0.019900,-0.022558,0.233059
123,3,-0.009710,0.000634,0.232788
123,4,0.001878,0.010219,0.252399
123,5,-0.185713,0.000000,0.572855
123,6,0.209432,0.000000,0.572028
123,7,-0.018857,-0.011029,0.279544
123,8,-0.002182,-0.011874,0.282463
123,9,0.004325,-0.005273,0.292127
123,10,-0.012144,0.007107,0.245741
123,11,-0.165263,0.000000,-0.029994
123,12,0.130060,0.000000,-0.029962
123,13,0.007066,0.010303,0.268674
123,14,-0.012316,-0.010540,0.271509
123,15,-0.021496,0.018581,0.301169
123,16,-0.018295,-0.022667,0.242186
123,17,-0.068540,-0.010213,0.249571
123,18,-0.020943,-0.023234,0.305228
123,19,-0.060358,0.002418,0.241768
123,20,-0.023217,0.000474,0.287865
123,21,-0.004531,0.019429,0.291789
123,22,-0.043672,0.027167,0.281476
123,23,-0.041309,-0.003144,0.247984
123,24,-0.085371,-0.009882,0.280383
124,0,0.032954,0.000000,-0.022562
124,1,0.011987,-0.017475,0.255101
124,2,0.048792,-0.002943,0.250028
124,3,-0.005086,0.001071,0.260790
124,4,-0.001056,-0.033422,0.271095
124,5,-0.189109,0.000000,0.572026
124,6,0.205965,0.000000,0.571336
124,7,-0.040510,0.023447,0.263838
124,8,-0.016423,0.012871,0.265408
124,9,-0.035358,0.004186,0.264887
124,10,-0.014081,-0.023880,0.271696
124,11,-0.168565,0.000000,-0.029962
124,12,0.126893,0.000000,-0.029783
124,13,-0.027901,-0.000426,0.267998
124,14,-0.032345,0.013912,0.275689
124,15,-0.016699,-0.036725,0.280912
124,16,-0.031065,0.013505,0.250304
124,17,-0.063497,-0.017631,0.245805
124,18,-0.052599,0.031896,0.258349
124,19,-0.036814,0.010926,0.264923
124,20,-0.051366,-0.015288,0.269902
124,21,0.005463,0.034913,0.248600
124,22,-0.048416,-0.047993,0.283619
124,23,-0.069465,0.010258,0.277066
124,24,-0.028014,-0.017550,0.268403
125,0,0.030235,0.000000,-0.023894
125,1,0.050975,0.029126,0.274603
125,2,0.035918,-0.014896,0.259079
125,3,0.004323,0.051250,0.273525
125,4,0.003303,-0.035351,0.310843
125,5,-0.192559,0.000000,0.571334
125,6,0.202468,0.000000,0.570786
125,7,0.002974,0.011843,0.236944
125,8,0.013743,-0.004511,0.257979
125,9,0.000870,0.030348,0.283897
125,10,-0.021328,0.016295,0.254352
125,11,-0.171776,0.000000,-0.029782
125,12,0.123839,0.000000,-0.029457
125,13,-0.032926,-0.026293,0.305722
125,14,-0.041526,-0.027316,0.278993
125,15,-0.014525,-0.019461,0.265097
125,16,-0.046520,0.026324,0.262521
125,17,0.006798,0.012843,0.296257
125,18,-0.064987,0.005603,0.255773
125,19,-0.045665,-0.023284,0.292427
125,20,-0.067364,0.024006,0.256297
125,21,-0.046639,0.015587,0.274253
125,22,-0.046148,0.024551,0.277528
125,23,-0.033198,-0.041489,0.294053
125,24,-0.022592,-0.008875,0.255545
126,0,0.027367,0.000000,-0.025107
126,1,0.064865,-0.028630,0.244189
126,2,0.017606,0.009635,0.301530
126,3,0.010586,0.005924,0.285809
126,4,0.021588,0.012611,0.274562
126,5,-0.196045,0.000000,0.570784
126,6,0.198959,0.000000,0.570379
126,7,0.000445,0.008462,0.250076
126,8,-0.012246,0.017200,0.242606
126,9,-0.042052,-0.002323,0.260804
126,10,0.002072,0.000302,0.266393
126,11,-0.174880,0.000000,-0.029455
126,12,0.120915,0.000000,-0.028985
126,13,-0.056923,-0.036068,0.249485
126,14,-0.032909,0.027846,0.301252
126,15,-0.058009,-0.008862,0.279021
126,16,-0.049199,0.023365,0.289046
126,17,-0.051976,0.028217,0.253498
126,18,-0.041345,-0.046869,0.288783
126,19,-0.086472,0.007207,0.239837
126,20,-0.023963,0.000153,0.257588
126,21,-0.039433,-0.015896,0.232028
126,22,-0.046643,0.020919,0.279146
126,23,-0.021986,0.013489,0.304215
126,24,-0.036142,0.015085,0.274145
127,0,0.024364,0.000000,-0.026197
127,1,0.020201,0.015516,0.268805
127,2,0.015683,-0.022301,0.289387
127,3,0.035469,-0.028064,0.250087
127,4,0.047267,-0.019765,0.291549
127,5,-0.199551,0.000000,0.570378
127,6,0.195455,0.000000,0.570119
127,7,0.002794,0.043524,0.273212
127,8,-0.017805,-0.022436,0.272739
127,9,0.004340,-0.002128,0.291156
127,10,-0.008947,0.022817,0.234272
127,11,-0.177861,0.000000,-0.028984
127,12,0.118134,0.000000,-0.028371
127,13,-0.071311,0.024786,0.252186
127,14,-0.034742,-0.008554,0.269866
127,15,-0.020056,0.014076,0.279952
127,16,-0.027100,-0.024654,0.241358
127,17,-0.039273,0.019742,0.246106
127,18,-0.049708,0.030555,0.298517
127,19,-0.035096,0.014662,0.253475
127,20,-0.049155,0.010335,0.284659
127,21,-0.071688,-0.027189,0.296241
127,22,-0.032183,0.000204,0.306178
127,23,-0.071543,0.023968,0.308640
127,24,-0.003047,-0.007662,0.293640
128,0,0.021241,0.000000,-0.027158
128,1,0.031460,-0.019081,0.252728
128,2,0.013377,0.020572,0.234278
128,3,-0.012048,-0.000836,0.228181
128,4,-0.018410,-0.000867,0.266055
128,5,-0.203060,0.000000,0.570118
128,6,0.191973,0.000000,0.570005
128,7,-0.010646,-0.001398,0.302931
128,8,-0.030812,0.001261,0.291170
128,9,-0.012028,-0.010936,0.274845
128,10,-0.000161,0.014561,0.287577
128,11,-0.180704,0.000000,-0.028369
128,12,0.115509,0.000000,-0.027617
128,13,-0.052435,0.010458,0.276471
128,14,-0.008732,-0.003312,0.280170
128,15,-0.081396,0.005742,0.288338
128,16,-0.051690,-0.023013,0.274403
128,17,-0.058565,0.021155,0.256955
128,18,-0.051828,0.019888,0.276110
128,19,-0.067477,-0.010937,0.273819
128,20,-0.051961,-0.006114,0.308974
128,21,-0.016270,-0.027643,0.294686
128,22,-0.019267,-0.010962,0.310975
128,23,-0.062190,0.007160,0.277334
128,24,-0.044629,-0.011756,0.310342
129,0,0.018014,0.000000,-0.027985
129,1,0.014186,0.012656,0.308001
129,2,0.025228,-0.027250,0.259502
129,3,0.033896,0.007769,0.269319
129,4,-0.010345,0.017810,0.267904
129,5,-0.206553,0.000000,0.570005
129,6,0.188531,0.000000,0.570040
129,7,-0.020920,-0.011648,0.266717
129,8,-0.062352,0.036976,0.239944
129,9,-0.042799,-0.033215,0.273853
129,10,-0.030243,0.011400,0.254641
129,11,-0.183397,0.000000,-0.027615
129,12,0.113055,0.000000,-0.026728
129,13,-0.013348,-0.010380,0.248499
129,14,-0.028523,0.011312,0.296811
129,15,-0.028598,-0.009080,0.291426
129,16,-0.068722,-0.027968,0.314474
129,17,-0.079785,0.044959,0.291671
129,18,-0.059766,-0.035921,0.282795
129,19,-0.063440,-0.027375,0.284437
129,20,-0.069311,-0.034468,0.255622
129,21,-0.059063,0.000440,0.260244
129,22,-0.080144,0.011856,0.316361
129,23,-0.064658,0.023660,0.271539
129,24,-0.005917,-0.006930,0.310613
130,0,0.014698,0.000000,-0.028675
130,1,-0.006700,0.011443,0.276141
130,2,-0.006387,0.002292,0.247691
130,3,0.000046,0.017374,0.247830
130,4,0.020200,-0.037616,0.277807
130,5,-0.210014,0.000000,0.570040
130,6,0.185146,0.000000,0.570222
130,7,-0.010328,0.021446,0.303329
130,8,-0.020027,-0.003420,0.270731
130,9,0.002089,-0.026780,0.261193
130,10,-0.044317,0.003445,0.251404
130,11,-0.185925,0.000000,-0.026725
130,12,0.110783,0.000000,-0.025706
130,13,-0.050748,0.004620,0.293377
130,14,-0.053234,0.032649,0.265299
130,15,-0.011998,0.023130,0.275486
130,16,-0.041155,0.004371,0.314213
130,17,-0.069945,0.025590,0.270761
130,18,-0.080040,-0.032461,0.294723
130,19,-0.044937,0.018270,0.326882
130,20,-0.054889,-0.007154,0.257797
130,21,-0.023526,0.005039,0.215636
130,22,-0.045170,0.010652,0.281799
130,23,-0.015038,-0.007173,0.275674
130,24,-0.086053,-0.021535,0.306479
131,0,0.011309,0.000000,-0.029223
131,1,-0.007201,-0.017382,0.249020
131,2,0.026528,-0.008099,0.274696
131,3,0.017682,-0.007656,0.290367
131,4,-0.019773,-0.008369,0.264659
131,5,-0.213425,0.000000,0.570222
131,6,0.181833,0.000000,0.570550
131,7,-0.006572,0.023726,0.250381
131,8,-0.039496,0.022476,0.270637
131,9,-0.047116,0.022918,0.263473
131,10,-0.020974,0.005644,0.249626
131,11,-0.188276,0.000000,-0.025703
131,12,0.108704,0.000000,-0.024558
131,13,-0.060422,-0.017049,0.287382
131,14,-0.041836,-0.012881,0.258502
131,15,-0.056625,0.003893,0.305806
131,16,-0.076248,-0.016639,0.284822
131,17,-0.050421,-0.025136,0.314973
131,18,-0.027612,-0.012964,0.292965
131,19,-0.047343,-0.004094,0.293501
131,20,-0.013666,-0.000175,0.311625
131,21,-0.031163,-0.014768,0.322204
131,22,-0.018110,0.007007,0.285374
131,23,-0.064195,0.002359,0.293399
131,24,-0.014392,-0.017799,0.304693
132,0,0.007865,0.000000,-0.029627
132,1,-0.007664,-0.012345,0.259359
132,2,0.010653,0.005278,0.260879
132,3,-0.003542,-0.014785,0.260335
132,4,-0.008795,-0.014201,0.249364
132,5,-0.216771,0.000000,0.570552
132,6,0.178611,0.000000,0.571024
132,7,0.000476,0.003127,0.271315
132,8,-0.031225,-0.009046,0.266175
132,9,0.008902,0.010952,0.259209
132,10,-0.004097,-0.012977,0.297022
132,11,-0.190438,0.000000,-0.024554
132,12,0.106828,0.000000,-0.023289
132,13,-0.054163,0.005852,0.278831
132,14,-0.044185,0.000225,0.271973
132,15,-0.044755,0.029380,0.273799
132,16,-0.073137,-0.029441,0.261411
132,17,-0.086175,-0.041624,0.294467
132,18,-0.038553,0.005600,0.259267
132,19,-0.050663,0.002748,0.290968
132,20,-0.028470,0.010030,0.293286
132,21,-0.025042,0.012612,0.304690
132,22,-0.035714,-0.007053,0.326874
132,23,-0.040318,-0.025497,0.301489
132,24,-0.032685,0.040934,0.290880
133,0,0.004382,0.000000,-0.029885
133,1,0.006307,0.016015,0.279730
133,2,0.009750,0.005474,0.285457
133,3,-0.049012,0.029130,0.272126
133,4,-0.028336,0.021498,0.271909
133,5,-0.220033,0.000000,0.571026
133,6,0.175493,0.000000,0.571641
133,7,-0.051697,0.002253,0.283884
133,8,-0.057969,-0.025540,0.279647
133,9,-0.051839,0.004940,0.254313
133,10,-0.051692,-0.016247,0.281917
133,11,-0.192401,0.000000,-0.023285
133,12,0.105165,0.000000,-0.021905
133,13,-0.049731,-0.014259,0.316523
133,14,-0.044191,-0.013176,0.270134
133,15,-0.066845,0.022231,0.259268
133,16,-0.055214,0.021693,0.266403
133,17,-0.072361,0.005756,0.307729
133,18,-0.068393,-0.009926,0.298590
133,19,-0.049266,-0.003845,0.279946
133,20,-0.039718,-0.035958,0.338817
133,21,-0.062710,0.018578,0.277498
133,22,-0.031291,-0.016120,0.319512
133,23,-0.019858,-0.008316,0.309178
133,24,-0.050632,0.012442,0.317458
134,0,0.000877,0.000000,-0.029995
134,1,-0.025726,-0.029575,0.280764
134,2,-0.035640,-0.024726,0.254351
134,3,-0.026855,0.008578,0.289859
134,4,-0.010090,-0.004163,0.272391
134,5,-0.223198,0.000000,0.571643
134,6,0.172496,0.000000,0.572397
134,7,-0.036822,0.001107,0.267016
134,8,-0.012255,-0.020902,0.299636
134,9,-0.019000,-0.041497,0.303339
134,10,-0.038507,0.011359,0.260447
134,11,-0.194155,0.000000,-0.021901
134,12,0.103723,0.000000,-0.020413
134,13,-0.026700,0.042089,0.296902
134,14,-0.012478,-0.008185,0.280495
134,15,-0.090095,0.006800,0.265761
134,16,-0.070808,-0.000641,0.284297
134,17,-0.084355,-0.012850,0.281232
134,18,-0.009543,0.018900,0.289374
134,19,-0.035023,-0.017579,0.288313
134,20,-0.052556,0.024917,0.281859
134,21,-0.071172,0.017524,0.294738
134,22,-0.024626,-0.011236,0.279329
134,23,-0.045859,0.026981,0.320493
134,24,-0.061413,0.023174,0.319322
135,0,-0.002631,0.000000,-0.029958
135,1,-0.001490,0.008931,0.269654
135,2,0.005216,-0.002363,0.263802
135,3,-0.007093,-0.000986,0.235936
135,4,-0.045665,-0.004495,0.315098
135,5,-0.226247,0.000000,0.572399
135,6,0.169635,0.000000,0.573289
135,7,-0.029844,0.011864,0.255745
135,8,-0.014760,0.018191,0.276145
135,9,-0.068848,-0.043888,0.270678
135,10,-0.048747,-0.008042,0.248837
135,11,-0.195692,0.000000,-0.020408
135,12,0.102509,0.000000,-0.018820
135,13,-0.022596,0.052313,0.271162
135,14,-0.058090,-0.024842,0.259743
135,15,-0.087040,-0.005074,0.294762
135,16,-0.054385,-0.014065,0.276827
135,17,-0.043022,0.000689,0.296926
135,18,-0.055215,-0.008627,0.299835
135,19,-0.048504,-0.001287,0.266154
135,20,-0.027588,-0.015943,0.335195
135,21,-0.052750,-0.012352,0.287286
135,22,-0.024417,-0.006449,0.285928
135,23,-0.030660,0.015940,0.327611
135,24,-0.005687,-0.002218,0.290791
136,0,-0.006127,0.000000,-0.029774
136,1,0.009274,-0.006171,0.251631
136,2,-0.027685,-0.002230,0.289817
136,3,0.010966,-0.002119,0.282801
136,4,0.004689,-0.025131,0.254256
136,5,-0.229168,0.000000,0.573292
136,6,0.166924,0.000000,0.574313
136,7,-0.032993,-0.013918,0.283343
136,8,-0.055954,-0.005851,0.282401
136,9,-0.013791,-0.001468,0.289171
136,10,-0.050952,0.029457,0.268697
136,11,-0.197004,0.000000,-0.018816
136,12,0.101529,0.000000,-0.017135
136,13,-0.039578,0.011001,0.270746
136,14,-0.068420,-0.001271,0.297566
136,15,-0.014309,-0.016572,0.290604
136,16,-0.044691,-0.011049,0.287320
136,17,-0.064036,-0.002820,0.298624
136,18,-0.026580,-0.001411,0.291227
136,19,-0.020534,-0.027942,0.265838
136,20,-0.039653,-0.012927,0.317485
136,21,-0.033785,-0.001900,0.335595
136,22,-0.007363,-0.037069,0.316331
136,23,-0.010691,-0.011634,0.296319
136,24,-0.033900,-0.005353,0.345590
137,0,-0.009593,0.000000,-0.029443
137,1,0.007375,-0.019912,0.262381
137,2,-0.011555,0.022372,0.260200
137,3,-0.030692,0.000044,0.250498
137,4,-0.006649,0.014103,0.279993
137,5,-0.231945,0.000000,0.574316
137,6,0.164375,0.000000,0.575463
137,7,-0.032074,0.007065,0.277380
137,8,-0.027412,-0.029715,0.276374
137,9,-0.021242,0.008137,0.293973
137,10,-0.072602,-0.001731,0.275360
137,11,-0.198084,0.000000,-0.017130
137,12,0.100788,0.000000,-0.015366
137,13,-0.061100,-0.027271,0.278065
137,14,-0.053128,0.025190,0.268857
137,15,-0.048524,-0.001546,0.298684
137,16,-0.044341,-0.003950,0.263703
137,17,-0.056427,0.016643,0.307988
137,18,-0.041388,-0.018214,0.342881
137,19,-0.019780,-0.032055,0.313109
137,20,-0.012570,0.001873,0.320956
137,21,-0.026671,0.009640,0.337601
137,22,-0.039277,-0.008066,0.315387
137,23,-0.023203,-0.001162,0.336149
137,24,-0.030345,0.024800,0.320937
138,0,-0.013012,0.000000,-0.028966
138,1,-0.010029,-0.004194,0.257607
138,2,-0.034786,0.026109,0.269232
138,3,-0.029653,-0.022229,0.258424
138,4,-0.035534,-0.018060,0.292578
138,5,-0.234564,0.000000,0.575467
138,6,0.162002,0.000000,0.576734
138,7,-0.065161,0.020384,0.263013
138,8,-0.079699,0.001003,0.274621
138,9,-0.034845,-0.017669,0.287051
138,10,-0.024927,0.021790,0.295516
138,11,-0.198927,0.000000,-0.015361
138,12,0.100289,0.000000,-0.013521
138,13,-0.019159,-0.040840,0.268518
138,14,-0.057205,-0.017135,0.316113
138,15,-0.029410,-0.007697,0.296701
138,16,-0.055576,0.034747,0.264576
138,17,-0.047481,0.010881,0.283405
138,18,-0.043169,0.032351,0.276747
138,19,-0.057221,-0.021223,0.293739
138,20,0.000873,0.009509,0.279774
138,21,-0.053252,0.032289,0.312213
138,22,-0.026277,-0.005261,0.297727
138,23,-0.011984,-0.004353,0.312404
138,24,-0.015254,-0.000899,0.336909
139,0,-0.016366,0.000000,-0.028347
139,1,0.000760,0.032640,0.339957
139,2,-0.042331,0.005131,0.261559
139,3,-0.057649,-0.017606,0.271906
139,4,-0.040790,-0.002775,0.282533
139,5,-0.237013,0.000000,0.576738
139,6,0.159816,0.000000,0.578120
139,7,-0.049507,0.007108,0.278589
139,8,-0.024436,0.011096,0.268698
139,9,-0.043949,0.004536,0.314569
139,10,-0.065121,0.020803,0.305664
139,11,-0.199529,0.000000,-0.013515
139,12,0.100035,0.000000,-0.011609
139,13,-0.051416,-0.003443,0.281962
139,14,-0.078135,0.015663,0.243875
139,15,-0.057472,-0.019906,0.287646
139,16,-0.046578,0.003047,0.304164
139,17,-0.036640,-0.007699,0.285477
139,18,-0.033802,0.034174,0.298766
139,19,-0.070793,-0.050067,0.272156
139,20,-0.006826,0.025880,0.283089
139,21,-0.049252,-0.022570,0.309713
139,22,-0.017457,0.022548,0.337824
139,23,0.003430,0.016854,0.342084
139,24,-0.024984,-0.017432,0.304849
140,0,-0.019640,0.000000,-0.027589
140,1,-0.028036,0.015757,0.261545
140,2,-0.007001,-0.031221,0.268513
140,3,-0.033302,0.034602,0.267244
140,4,-0.025076,0.020066,0.282838
140,5,-0.239280,0.000000,0.578125
140,6,0.157828,0.000000,0.579614
140,7,-0.063465,-0.031712,0.289072
140,8,-0.019419,0.011976,0.299935
140,9,-0.057291,-0.004977,0.288511
140,10,-0.051974,-0.026455,0.303931
140,11,-0.199887,0.000000,-0.011603
140,12,0.100027,0.000000,-0.009640
140,13,-0.050297,-0.012699,0.280036
140,14,-0.042849,-0.026115,0.298897
140,15,-0.049098,-0.037731,0.324707
140,16,-0.062288,0.012154,0.292942
140,17,-0.052074,0.011570,0.285658
140,18,-0.026815,0.020033,0.276418
140,19,-0.039615,0.010790,0.268979
140,20,-0.049287,0.007307,0.276724
140,21,-0.021064,-0.007011,0.331296
140,22,-0.034075,-0.005923,0.298374
140,23,-0.019194,-0.038735,0.311339
140,24,-0.060597,-0.035876,0.322474
141,0,-0.022817,0.000000,-0.026694
141,1,-0.032514,-0.012008,0.272524
141,2,-0.044414,-0.015155,0.241606
141,3,-0.021325,0.011901,0.295410
141,4,-0.045480,-0.007957,0.284309
141,5,-0.241353,0.000000,0.579618
141,6,0.156047,0.000000,0.581208
141,7,-0.050205,0.041742,0.299045
141,8,-0.005865,0.008142,0.282307
141,9,-0.037992,-0.006855,0.300492
141,10,-0.048250,0.013330,0.327741
141,11,-0.200000,0.000000,-0.009634
141,12,0.100265,0.000000,-0.007623
141,13,-0.051518,0.008827,0.315004
141,14,-0.028133,-0.042165,0.300654
141,15,-0.061044,0.008320,0.300581
141,16,-0.014697,0.008340,0.301964
141,17,-0.046097,0.015604,0.299975
141,18,0.001030,0.006602,0.335256
141,19,-0.025388,-0.020113,0.331629
141,20,-0.040377,-0.001809,0.303006
141,21,-0.008857,0.033698,0.283465
141,22,-0.001647,0.002109,0.335679
141,23,-0.010592,-0.008025,0.314411
141,24,-0.023748,-0.016425,0.294164
142,0,-0.025881,0.000000,-0.025668
142,1,-0.008101,0.002338,0.272907
142,2,-0.029611,-0.041373,0.266808
142,3,-0.018131,0.037403,0.277316
142,4,-0.059525,-0.037804,0.295364
142,5,-0.243223,0.000000,0.581213
142,6,0.154484,0.000000,0.582895
142,7,-0.037131,-0.023642,0.303486
142,8,-0.065565,0.001653,0.321503
142,9,-0.047212,-0.002940,0.358264
142,10,-0.052267,-0.010911,0.294309
142,11,-0.199866,0.000000,-0.007617
142,12,0.100749,0.000000,-0.005569
142,13,-0.048794,-0.029190,0.312329
142,14,-0.054836,-0.002115,0.303329
142,15,-0.043177,0.024976,0.267386
142,16,0.006810,-0.004943,0.329206
142,17,-0.019722,0.034223,0.341674
142,18,-0.054856,0.022710,0.274994
142,19,-0.045252,-0.002840,0.303852
142,20,-0.039601,-0.015523,0.280915
142,21,-0.041447,-0.012288,0.330143
142,22,-0.027830,0.029022,0.351312
142,23,-0.004310,-0.012782,0.333410
142,24,-0.027125,0.027961,0.331463
143,0,-0.028818,0.000000,-0.024516
143,1,-0.009324,0.036366,0.288448
143,2,-0.030159,0.010242,0.289834
143,3,-0.062310,0.022817,0.284426
143,4,-0.039467,-0.003574,0.245479
143,5,-0.244880,0.000000,0.582900
143,6,0.153144,0.000000,0.584666
143,7,-0.061875,0.016908,0.262891
143,8,-0.038738,-0.018164,0.271994
143,9,-0.017040,-0.004202,0.251614
143,10,-0.027783,0.031848,0.328173
143,11,-0.199486,0.000000,-0.005563
143,12,0.101475,0.000000,-0.003488
143,13,-0.028043,-0.007462,0.328236
143,14,-0.025550,-0.010607,0.337563
143,15,-0.011550,0.032421,0.283500
143,16,-0.058598,0.004169,0.288576
143,17,0.003904,0.032513,0.274524
143,18,-0.011255,-0.022894,0.315731
143,19,-0.017237,-0.008951,0.307648
143,20,-0.046231,-0.027748,0.309953
143,21,-0.036114,0.003713,0.299430
143,22,-0.009113,0.014212,0.337681
143,23,0.014628,-0.049862,0.294151
143,24,0.037807,0.032120,0.312329
144,0,-0.031614,0.000000,-0.023242
144,1,-0.003946,0.007910,0.263120
144,2,-0.054124,-0.011859,0.301142
144,3,-0.042595,0.002805,0.283948
144,4,-0.042041,0.012916,0.302511
144,5,-0.246315,0.000000,0.584671
144,6,0.152035,0.000000,0.586512
144,7,-0.045323,-0.002761,0.285218
144,8,-0.061684,0.014080,0.274784
144,9,-0.071267,0.009665,0.304716
144,10,-0.052443,-0.023581,0.331458
144,11,-0.198863,0.000000,-0.003482
144,12,0.102440,0.000000,-0.001389
144,13,-0.052303,0.013672,0.312225
144,14,-0.071030,0.003463,0.302500
144,15,-0.041042,0.011784,0.319395
144,16,-0.019336,0.011274,0.319785
144,17,-0.040278,0.019213,0.297707
144,18,-0.038685,-0.015933,0.297992
144,19,-0.046764,-0.015120,0.330800
144,20,-0.000983,-0.000764,0.245975
144,21,-0.011332,0.006303,0.324471
144,22,-0.020628,-0.002208,0.320085
144,23,-0.009990,-0.018294,0.332999
144,24,0.003639,-0.013082,0.360448
145,0,-0.034253,0.000000,-0.021855
145,1,-0.002136,0.009295,0.298541
145,2,-0.053185,-0.006067,0.263854
145,3,-0.021532,0.024100,0.300837
145,4,-0.092937,0.011044,0.301572
145,5,-0.247523,0.000000,0.586518
145,6,0.151163,0.000000,0.588425
145,7,-0.043562,0.005786,0.315688
145,8,-0.048628,-0.022546,0.310322
145,9,-0.048861,-0.035258,0.325752
145,10,-0.050451,0.021489,0.255742
145,11,-0.197999,0.000000,-0.001383
145,12,0.103639,0.000000,0.000717
145,13,-0.022521,-0.030406,0.312114
145,14,-0.045620,-0.013514,0.285703
145,15,-0.001618,0.016987,0.318236
145,16,-0.017984,0.019006,0.315349
145,17,-0.034382,0.009721,0.302459
145,18,-0.024035,0.007074,0.321352
145,19,0.012943,0.021880,0.334877
145,20,-0.031518,0.014449,0.310253
145,21,-0.022953,-0.005570,0.334393
145,22,-0.029042,-0.001644,0.338890
145,23,-0.009991,0.011057,0.296534
145,24,-0.020589,-0.010901,0.309713
146,0,-0.036724,0.000000,-0.020359
146,1,-0.043017,-0.002398,0.276285
146,2,-0.083771,0.001643,0.266869
146,3,-0.005220,-0.025082,0.262529
146,4,-0.067992,-0.005166,0.289408
146,5,-0.248496,0.000000,0.588431
146,6,0.150531,0.000000,0.590395
146,7,-0.013654,0.044573,0.298642
146,8,-0.046771,-0.022070,0.276535
146,9,-0.047724,-0.008014,0.276353
146,10,-0.044396,0.010774,0.315106
146,11,-0.196898,0.000000,0.000723
146,12,0.105067,0.000000,0.002819
146,13,-0.020139,-0.019590,0.312496
146,14,-0.039617,-0.005858,0.288019
146,15,-0.049061,0.031386,0.297388
146,16,-0.005801,-0.001953,0.299806
146,17,-0.019703,-0.027280,0.308103
146,18,-0.026065,0.009343,0.311300
146,19,-0.022486,-0.027164,0.316947
146,20,-0.023391,0.000408,0.294781
146,21,-0.018868,-0.010663,0.319964
146,22,-0.004371,-0.003387,0.293965
146,23,0.005621,0.011054,0.302179
146,24,-0.007832,0.016717,0.322762
147,0,-0.039013,0.000000,-0.018763
147,1,-0.006364,0.005395,0.278909
147,2,-0.028514,-0.005168,0.279189
147,3,-0.078080,0.011430,0.284733
147,4,-0.041432,0.015948,0.332137
147,5,-0.249230,0.000000,0.590401
147,6,0.150143,0.000000,0.592412
147,7,-0.021631,-0.000062,0.287336
147,8,-0.044043,-0.019169,0.300373
147,9,-0.041103,0.005104,0.314594
147,10,-0.039661,0.028471,0.339988
147,11,-0.195566,0.000000,0.002825
147,12,0.106716,0.000000,0.004907
147,13,-0.039103,-0.028559,0.295556
147,14,-0.048358,-0.017786,0.319220
147,15,-0.047094,-0.009516,0.318046
147,16,-0.025451,0.000627,0.317264
147,17,-0.039904,0.015996,0.299279
147,18,-0.011291,-0.029003,0.315820
147,19,0.003023,0.019552,0.300481
147,20,-0.010952,0.013570,0.311086
147,21,-0.027574,-0.020962,0.333846
147,22,0.028541,0.031021,0.329869
147,23,0.006956,-0.020263,0.304076
147,24,0.019875,0.001240,0.314307
148,0,-0.041111,0.000000,-0.017075
148,1,-0.073768,0.040017,0.280833
148,2,-0.053429,0.011945,0.287046
148,3,-0.065374,0.015695,0.224658
148,4,-0.043992,0.012601,0.320424
148,5,-0.249722,0.000000,0.592418
148,6,0.150001,0.000000,0.594467
148,7,-0.048441,-0.027746,0.286269
148,8,-0.032926,0.007201,0.317925
148,9,-0.036511,0.004004,0.312744
148,10,-0.032931,-0.016786,0.318392
148,11,-0.194010,0.000000,0.004913
148,12,0.108579,0.000000,0.006971
148,13,-0.050995,0.020751,0.267816
148,14,-0.049392,0.013192,0.320568
148,15,-0.042760,0.035154,0.330598
148,16,0.003729,0.020933,0.335249
148,17,-0.011787,-0.021253,0.319352
148,18,-0.012911,0.027277,0.350078
148,19,-0.038941,0.016807,0.333197
148,20,0.003620,0.007096,0.310405
148,21,0.016439,-0.022879,0.323162
148,22,0.011348,-0.036171,0.376998
148,23,-0.033806,0.008594,0.331473
148,24,0.040358,0.027046,0.296665
149,0,-0.043006,0.000000,-0.015303
149,1,-0.043003,0.012542,0.314652
149,2,-0.067765,0.013125,0.306693
149,3,-0.046972,0.007441,0.289425
149,4,-0.063137,-0.014671,0.289825
149,5,-0.249969,0.000000,0.594473
149,6,0.150105,0.000000,0.596549
149,7,-0.076878,-0.013354,0.307465
149,8,-0.071174,-0.007866,0.329055
149,9,-0.054029,-0.005860,0.297812
149,10,-0.048640,0.010048,0.287268
149,11,-0.192237,0.000000,0.006977
149,12,0.110645,0.000000,0.009000
149,13,-0.018606,0.007141,0.316605
149,14,-0.031692,0.029829,0.325990
149,15,-0.016132,-0.010360,0.339396
149,16,0.016965,-0.006603,0.296987
149,17,0.005316,0.005533,0.327144
149,18,-0.006630,0.035523,0.348498
149,19,0.057040,0.004067,0.347886
149,20,-0.003091,-0.000692,0.336214
149,21,-0.004487,0.003946,0.358682
149,22,-0.017471,0.014853,0.315907
149,23,0.036345,-0.021380,0.280204
149,24,-0.010723,-0.027135,0.316108
150,0,-0.044689,0.000000,-0.013455
150,1,-0.071772,0.007632,0.264834
150,2,-0.041742,-0.015936,0.316093
150,3,-0.052366,-0.012551,0.297277
150,4,-0.084173,0.008527,0.279164
150,5,-0.249970,0.000000,0.596555
150,6,0.150454,0.000000,0.598648
150,7,-0.050817,0.001255,0.317173
150,8,-0.051307,-0.007864,0.285664
150,9,-0.028835,-0.016171,0.262526
150,10,-0.006055,-0.015866,0.297608
150,11,-0.190256,0.000000,0.009006
150,12,0.112905,0.000000,0.010986
150,13,-0.022580,0.006104,0.314315
150,14,-0.027742,-0.005961,0.290922
150,15,0.017242,0.030956,0.313812
150,16,-0.025977,0.000892,0.291746
150,17,0.023105,-0.023681,0.343173
150,18,-0.013028,-0.055527,0.320182
150,19,0.012144,-0.018174,0.325714
150,20,0.010403,-0.007154,0.328786
150,21,-0.032869,0.009610,0.278173
150,22,0.034467,-0.031618,0.340409
150,23,-0.030502,-0.019030,0.350906
150,24,0.039171,-0.022467,0.356351
151,0,-0.046152,0.000000,-0.011541
151,1,-0.065247,0.007285,0.293045
151,2,-0.058082,0.021023,0.294011
151,3,-0.018582,0.004444,0.318261
151,4,-0.010669,0.003580,0.291448
151,5,-0.249724,0.000000,0.598654
151,6,0.151048,0.000000,0.600753
151,7,-0.026765,0.017620,0.305638
151,8,-0.030275,-0.009573,0.279837
151,9,-0.020280,0.014094,0.300562
151,10,-0.072740,0.028340,0.308396
151,11,-0.188077,0.000000,0.010991
151,12,0.115348,0.000000,0.012917
151,13,-0.036390,-0.007543,0.331259
151,14,0.002569,0.008056,0.318910
151,15,-0.022121,0.006312,0.329183
151,16,-0.047895,0.027505,0.302932
151,17,-0.020706,-0.020251,0.320741
151,18,0.019429,0.007251,0.330910
151,19,-0.028051,0.020096,0.348357
151,20,0.008672,-0.020873,0.331401
151,21,0.023965,0.008494,0.343485
151,22,0.019969,0.023010,0.318568
151,23,0.026953,0.015023,0.338254
151,24,0.000630,-0.044302,0.348597
152,0,-0.047387,0.000000,-0.009570
152,1,0.002369,0.022128,0.308144
152,2,-0.076929,0.021077,0.314421
152,3,-0.051200,0.049446,0.272074
152,4,-0.031715,-0.005406,0.317622
152,5,-0.249234,0.000000,0.600759
152,6,0.151883,0.000000,0.602855
152,7,-0.012448,0.001233,0.274978
152,8,-0.012732,-0.021833,0.340285
152,9,-0.056029,-0.021890,0.307326
152,10,-0.020898,-0.000591,0.310543
152,11,-0.185710,0.000000,0.012922
152,12,0.117962,0.000000,0.014784
152,13,0.008338,0.010586,0.335780
152,14,0.006987,0.001673,0.301825
152,15,-0.019863,0.032728,0.343299
152,16,-0.000049,0.029762,0.360279
152,17,-0.011652,-0.014583,0.328071
152,18,0.005217,-0.021187,0.313681
152,19,-0.006338,-0.021616,0.309735
152,20,0.010131,-0.010853,0.329126
152,21,-0.009703,-0.037369,0.348453
152,22,-0.032339,-0.022255,0.325560
152,23,0.024205,0.007545,0.310517
152,24,0.011398,0.019020,0.301018
153,0,-0.048390,0.000000,-0.007552
153,1,-0.048509,0.033193,0.278703
153,2,-0.052156,-0.000723,0.303090
153,3,-0.070403,-0.008024,0.293313
153,4,-0.024800,0.024958,0.305937
153,5,-0.248501,0.000000,0.602861
153,6,0.152955,0.000000,0.604943
153,7,-0.048041,0.014922,0.364428
153,8,-0.044599,0.031514,0.321687
153,9,-0.044198,-0.011252,0.309496
153,10,-0.016007,-0.010456,0.294730
153,11,-0.183167,0.000000,0.014789
153,12,0.120734,0.000000,0.016579
153,13,-0.020002,-0.016551,0.300697
153,14,-0.006581,0.016829,0.324282
153,15,-0.022132,-0.013337,0.300292
153,16,0.009630,-0.028446,0.314623
153,17,-0.002450,0.014345,0.322377
153,18,-0.000065,0.003071,0.291395
153,19,0.004629,-0.020080,0.332876
153,20,0.010345,0.025184,0.344006
153,21,0.005116,0.026238,0.293306
153,22,0.029689,0.002446,0.324679
153,23,-0.008908,-0.011091,0.306165
153,24,0.012435,-0.037762,0.331276
154,0,-0.049153,0.000000,-0.005497
154,1,-0.063253,-0.043214,0.259980
154,2,-0.056815,0.005226,0.320644
154,3,-0.034504,0.009113,0.334685
154,4,-0.023886,0.023891,0.336491
154,5,-0.247529,0.000000,0.604949
154,6,0.154259,0.000000,0.607006
154,7,-0.015346,-0.005806,0.285679
154,8,-0.015482,-0.000502,0.313194
154,9,-0.053715,0.018042,0.319389
154,10,-0.026516,0.002716,0.303221
154,11,-0.180461,0.000000,0.016584
154,12,0.123649,0.000000,0.018292
154,13,-0.011784,0.014282,0.316015
154,14,-0.026112,-0.007021,0.289557
154,15,0.018033,-0.002834,0.342501
154,16,-0.004006,-0.020080,0.333573
154,17,-0.024959,-0.033966,0.325080
154,18,0.028530,-0.009425,0.324333
154,19,0.034137,0.004164,0.311405
154,20,0.004378,-0.006757,0.329135
154,21,0.005497,-0.021429,0.360558
154,22,0.005621,0.001537,0.306925
154,23,0.024053,-0.014726,0.349468
154,24,0.018393,0.026200,0.327572
155,0,-0.049675,0.000000,-0.003415
155,1,-0.045296,-0.029142,0.327568
155,2,-0.025948,-0.000873,0.292796
155,3,-0.068151,0.018718,0.295373
155,4,-0.076841,-0.004426,0.280531
155,5,-0.246323,0.000000,0.607012
155,6,0.155788,0.000000,0.609035
155,7,-0.046117,0.003316,0.322673
155,8,-0.067676,0.005604,0.312240
155,9,-0.026601,0.015718,0.304403
155,10,-0.025501,-0.034557,0.283172
155,11,-0.177605,0.000000,0.018297
155,12,0.126695,0.000000,0.019915
155,13,-0.002233,0.002462,0.333026
155,14,0.008191,-0.026912,0.299374
155,15,-0.022868,0.003916,0.332831
155,16,-0.000321,-0.013085,0.357380
155,17,-0.005293,0.010261,0.307498
155,18,0.007754,-0.018306,0.349410
155,19,-0.009388,-0.029699,0.320314
155,20,0.003195,-0.015746,0.324826
155,21,0.008698,-0.010300,0.342504
155,22,-0.000581,-0.027501,0.320307
155,23,0.008439,-0.018464,0.358273
155,24,0.033012,-0.010374,0.315718
156,0,-0.049952,0.000000,-0.001316
156,1,-0.047378,0.031875,0.292779
156,2,-0.018403,0.014882,0.314428
156,3,-0.062969,0.011435,0.298058
156,4,-0.068115,-0.007875,0.325529
156,5,-0.244888,0.000000,0.609041
156,6,0.157535,0.000000,0.611020
156,7,-0.085430,-0.029786,0.350561
156,8,-0.023836,0.002708,0.308353
156,9,-0.032116,-0.029655,0.316467
156,10,-0.027366,0.016308,0.308001
156,11,-0.174613,0.000000,0.019919
156,12,0.129855,0.000000,0.021439
156,13,-0.041503,-0.003565,0.311974
156,14,0.001081,0.007630,0.350470
156,15,-0.037100,-0.000689,0.305763
156,16,0.003858,-0.043507,0.336373
156,17,0.004156,-0.000196,0.325415
156,18,0.015665,0.005369,0.311757
156,19,0.001302,0.017188,0.317382
156,20,-0.023735,-0.033457,0.315495
156,21,0.044817,-0.032947,0.320046
156,22,0.030070,0.020375,0.343356
156,23,0.075272,-0.018044,0.313569
156,24,0.068716,0.044661,0.344483
157,0,-0.049983,0.000000,0.000790
157,1,-0.054309,-0.025388,0.326539
157,2,-0.085477,-0.008030,0.308815
157,3,-0.015426,-0.002290,0.297244
157,4,-0.056644,0.013518,0.298264
157,5,-0.243233,0.000000,0.611025
157,6,0.159491,0.000000,0.612950
157,7,0.000174,-0.012030,0.349855
157,8,-0.049267,0.021899,0.329369
157,9,-0.039415,-0.015613,0.305962
157,10,-0.052322,-0.000440,0.305094
157,11,-0.171499,0.000000,0.021444
157,12,0.133115,0.000000,0.022859
157,13,-0.023311,-0.014088,0.301097
157,14,-0.042316,-0.045682,0.338870
157,15,0.015236,-0.007706,0.291704
157,16,0.000821,-0.009140,0.320118
157,17,-0.007294,0.018382,0.317403
157,18,0.023721,-0.022654,0.342195
157,19,-0.010278,0.006242,0.337570
157,20,0.056730,-0.000801,0.308588
157,21,0.002211,0.016480,0.347848
157,22,0.031450,0.000388,0.310637
157,23,0.044255,0.014117,0.292845
157,24,0.043357,-0.023011,0.336659
158,0,-0.049767,0.000000,0.002891
158,1,-0.046092,-0.000891,0.293030
158,2,-0.020228,-0.009147,0.342102
158,3,-0.042314,0.001123,0.307770
158,4,-0.064203,-0.010848,0.286431
158,5,-0.241365,0.000000,0.612955
158,6,0.161646,0.000000,0.614816
158,7,-0.024854,-0.045327,0.324273
158,8,-0.021909,-0.011610,0.331355
158,9,-0.033992,-0.017764,0.313398
158,10,0.020037,-0.024966,0.303271
158,11,-0.168279,0.000000,0.022863
158,12,0.136458,0.000000,0.024165
158,13,-0.010990,0.000957,0.322779
158,14,-0.021888,-0.016634,0.295198
158,15,0.009585,-0.016619,0.328861
158,16,0.013153,-0.005436,0.330557
158,17,-0.005380,-0.012024,0.298155
158,18,-0.003512,0.008618,0.343534
158,19,-0.021494,-0.027392,0.353483
158,20,0.003180,0.004103,0.332152
158,21,0.066557,-0.040321,0.307416
158,22,0.048400,0.003303,0.341258
158,23,0.042137,-0.013973,0.297726
158,24,0.055103,-0.008333,0.316500
159,0,-0.049307,0.000000,0.004979
159,1,-0.038186,0.000246,0.337884
159,2,-0.050149,-0.021780,0.334623
159,3,-0.037939,-0.020286,0.321323
159,4,-0.030870,-0.011796,0.294027
159,5,-0.239292,0.000000,0.614821
159,6,0.163991,0.000000,0.616609
159,7,-0.030784,-0.001798,0.302191
159,8,-0.032465,-0.011599,0.327091
159,9,-0.005825,0.024512,0.332881
159,10,-0.019833,-0.006939,0.329963
159,11,-0.164970,0.000000,0.024169
159,12,0.139868,0.000000,0.025353
159,13,-0.038439,0.034524,0.314171
159,14,0.005111,0.002923,0.350691
159,15,-0.007599,-0.001800,0.309100
159,16,-0.001759,0.027813,0.378412
159,17,0.044868,0.023684,0.324670
159,18,0.009345,0.015580,0.328436
159,19,-0.012327,-0.009211,0.353252
159,20,0.079165,0.011488,0.323620
159,21,0.018355,0.014630,0.339488
159,22,0.054690,-0.002659,0.328551
159,23,0.001135,-0.001570,0.332002
159,24,0.033643,-0.004591,0.348008
160,0,-0.048603,0.000000,0.007042
160,1,-0.086747,0.018126,0.326344
160,2,-0.049914,0.008370,0.298471
160,3,-0.043663,-0.003967,0.311380
160,4,-0.015807,-0.024630,0.313561
160,5,-0.237027,0.000000,0.616614
160,6,0.166513,0.000000,0.618321
160,7,-0.063220,-0.028661,0.317219
160,8,-0.014111,-0.030405,0.321110
160,9,-0.024665,0.026861,0.317493
160,10,-0.014053,0.034731,0.314799
160,11,-0.161587,0.000000,0.025356
160,12,0.143327,0.000000,0.026415
160,13,0.002551,-0.008281,0.365208
160,14,-0.005401,0.016971,0.329262
160,15,-0.006202,-0.009214,0.371163
160,16,-0.000152,0.012458,0.307253
160,17,0.019426,0.008828,0.358368
160,18,0.036692,-0.025495,0.338725
160,19,0.071178,0.016162,0.323225
160,20,0.035575,0.016952,0.310614
160,21,0.067691,-0.007725,0.362477
160,22,0.051201,0.004133,0.346937
160,23,0.022549,-0.001376,0.338782
160,24,0.086837,-0.019074,0.320083
161,0,-0.047660,0.000000,0.009070
161,1,-0.050701,-0.026893,0.282830
161,2,-0.065961,0.029136,0.304154
161,3,-0.007841,0.011072,0.323049
161,4,-0.052271,0.001938,0.339738
161,5,-0.234578,0.000000,0.618326
161,6,0.169200,0.000000,0.619942
161,7,-0.046537,0.028662,0.318239
161,8,-0.025880,-0.003372,0.329809
161,9,-0.000910,0.007131,0.315430
161,10,0.009931,0.015591,0.357539
161,11,-0.158146,0.000000,0.026418
161,12,0.146819,0.000000,0.027348
161,13,-0.000636,0.010449,0.332241
161,14,0.035734,0.024750,0.317775
161,15,0.012997,0.003090,0.304793
161,16,0.012341,0.022132,0.343758
161,17,0.025356,-0.019975,0.340479
161,18,0.021850,-0.011085,0.310074
161,19,0.051562,0.008461,0.328558
161,20,0.024444,0.026222,0.315050
161,21,0.051823,-0.007148,0.314763
161,22,0.046129,-0.013589,0.323096
161,23,0.023790,-0.034474,0.340024
161,24,0.033151,0.002157,0.296970
162,0,-0.046482,0.000000,0.011054
162,1,-0.040532,-0.020766,0.267883
162,2,-0.067406,-0.012939,0.324580
162,3,-0.050289,-0.010619,0.279705
162,4,-0.046080,0.009494,0.328392
162,5,-0.231960,0.000000,0.619947
162,6,0.172039,0.000000,0.621465
162,7,-0.005269,-0.000289,0.311266
162,8,-0.051205,0.014816,0.307578
162,9,-0.035989,-0.015997,0.309946
162,10,-0.012366,0.027332,0.335404
162,11,-0.154666,0.000000,0.027350
162,12,0.150327,0.000000,0.028145
162,13,-0.031351,0.000769,0.336081
162,14,0.007237,0.019617,0.366689
162,15,0.019496,-0.008435,0.333400
162,16,0.040600,0.000575,0.324201
162,17,0.020277,0.038473,0.319345
162,18,0.033078,0.029818,0.328491
162,19,0.030507,0.003794,0.355821
162,20,0.050513,0.002665,0.332732
162,21,0.049785,-0.027164,0.293532
162,22,0.010787,-0.005230,0.334959
162,23,0.029507,0.007504,0.338930
162,24,0.053613,0.019063,0.322430
163,0,-0.045076,0.000000,0.012983
163,1,-0.073129,0.032113,0.319850
163,2,-0.023341,0.005927,0.311787
163,3,-0.030830,0.018741,0.284229
163,4,-0.048731,0.021547,0.293810
163,5,-0.229184,0.000000,0.621469
163,6,0.175015,0.000000,0.622882
163,7,-0.027900,-0.032335,0.300541
163,8,-0.009840,-0.006333,0.303042
163,9,0.029661,-0.023939,0.313975
163,10,-0.020329,0.007090,0.354120
163,11,-0.151162,0.000000,0.028148
163,12,0.153834,0.000000,0.028805
163,13,0.022145,0.001627,0.312593
163,14,0.033841,-0.025048,0.295880
163,15,-0.010369,-0.039523,0.308343
163,16,0.041198,0.014556,0.337828
163,17,0.027766,0.013595,0.328892
163,18,0.052692,0.039368,0.314283
163,19,0.012764,-0.001401,0.301160
163,20,0.058668,-0.010072,0.322531
163,21,0.043832,0.000560,0.370391
163,22,0.041065,-0.064690,0.331182
163,23,0.055082,0.007330,0.311910
163,24,0.049584,-0.020914,0.358598
164,0,-0.043447,0.000000,0.014848
164,1,-0.047079,0.010972,0.306374
164,2,-0.010756,0.001424,0.332075
164,3,-0.023873,0.011135,0.329637
164,4,-0.025858,0.013815,0.339404
164,5,-0.226264,0.000000,0.622886
164,6,0.178115,0.000000,0.624187
164,7,-0.049725,0.016611,0.310252
164,8,0.003521,0.022554,0.317485
164,9,-0.007194,0.002606,0.338746
164,10,0.009832,0.013148,0.319367
164,11,-0.147653,0.000000,0.028806
164,12,0.157321,0.000000,0.029322
164,13,0.001655,-0.019706,0.329054
164,14,0.032890,0.009305,0.344048
164,15,0.020232,-0.008138,0.315713
164,16,0.036190,-0.029505,0.297474
164,17,0.021289,0.011854,0.316647
164,18,0.031873,0.011301,0.292098
164,19,0.016900,-0.039343,0.314388
164,20,0.014676,0.009611,0.346977
164,21,0.026907,0.044037,0.307515
164,22,0.042531,0.029472,0.341757
164,23,0.076066,-0.009770,0.301113
164,24,0.021089,0.022736,0.341852
165,0,-0.041604,0.000000,0.016640
165,1,-0.046260,0.006515,0.330265
165,2,-0.035748,0.043332,0.323492
165,3,-0.040161,0.019559,0.285207
165,4,-0.016073,-0.032153,0.313691
165,5,-0.223215,0.000000,0.624191
165,6,0.181322,0.000000,0.625372
165,7,-0.037432,0.020081,0.317168
165,8,-0.028315,0.004601,0.369115
165,9,-0.024893,0.016861,0.351092
165,10,0.036328,0.004015,0.298981
165,11,-0.144156,0.000000,0.029323
165,12,0.160773,0.000000,0.029694
165,13,0.017560,0.001965,0.334734
165,14,0.054310,-0.025750,0.326671
165,15,0.041479,-0.021927,0.317647
165,16,0.012145,-0.004267,0.338235
165,17,0.019208,0.009817,0.323402
165,18,0.026453,-0.006067,0.352063
165,19,0.058659,0.023038,0.366590
165,20,0.021739,0.021092,0.324577
165,21,0.023218,-0.003104,0.319127
165,22,0.081107,-0.003266,0.340499
165,23,0.034620,-0.013255,0.304249
165,24,0.069881,0.000395,0.319745
166,0,-0.039556,0.000000,0.018350
166,1,-0.066133,-0.005647,0.301120
166,2,-0.045931,-0.035353,0.328643
166,3,0.001530,-0.002855,0.318838
166,4,0.023242,-0.013872,0.302578
166,5,-0.220052,0.000000,0.625376
166,6,0.184621,0.000000,0.626433
166,7,-0.038523,-0.018447,0.335877
166,8,-0.020171,-0.011672,0.318107
166,9,-0.013569,0.025629,0.348461
166,10,-0.005073,-0.010941,0.341214
166,11,-0.140687,0.000000,0.029695
166,12,0.164171,0.000000,0.029921
166,13,0.040682,-0.014857,0.314419
166,14,0.028370,-0.032897,0.344669
166,15,0.038873,0.004501,0.336935
166,16,0.050594,-0.025156,0.354277
166,17,0.053170,-0.023639,0.315766
166,18,0.074247,-0.025132,0.347512
166,19,0.029703,0.024716,0.346727
166,20,0.055612,0.019767,0.315656
166,21,0.065745,-0.006928,0.301389
166,22,0.044462,0.014492,0.332649
166,23,0.080386,0.038333,0.325746
166,24,0.037632,-0.019218,0.344454
167,0,-0.037313,0.000000,0.019969
167,1,-0.042992,-0.016695,0.302600
167,2,-0.025692,-0.019742,0.294815
167,3,-0.037998,-0.047271,0.334299
167,4,-0.017237,0.035590,0.340767
167,5,-0.216789,0.000000,0.626436
167,6,0.187997,0.000000,0.627363
167,7,-0.001919,0.013264,0.319777
167,8,-0.043316,-0.030504,0.335939
167,9,0.003571,0.016316,0.332101
167,10,0.029621,-0.029283,0.365750
167,11,-0.137264,0.000000,0.029921
167,12,0.167500,0.000000,0.030000
167,13,0.019809,0.003229,0.358732
167,14,0.012070,-0.024827,0.310381
167,15,0.044378,-0.014153,0.376988
167,16,0.096190,-0.020764,0.332480
167,17,0.041552,-0.005731,0.338181
167,18,0.038449,-0.035300,0.373169
167,19,-0.005368,0.010331,0.314534
167,20,0.061340,-0.022035,0.329634
167,21,0.018564,-0.004627,0.325111
167,22,0.056689,-0.014247,0.315862
167,23,0.043152,-0.005298,0.317796
167,24,0.062623,0.000811,0.341854
168,0,-0.034887,0.000000,0.021491
168,1,-0.018308,0.009786,0.353035
168,2,-0.063674,0.035085,0.312634
168,3,-0.064903,0.024290,0.346100
168,4,-0.021903,-0.007472,0.294590
168,5,-0.213444,0.000000,0.627365
168,6,0.191431,0.000000,0.628158
168,7,-0.034561,0.002114,0.360835
168,8,0.001644,0.006412,0.310400
168,9,0.002844,-0.007604,0.330713
168,10,-0.004211,-0.014821,0.307095
168,11,-0.133904,0.000000,0.030000
168,12,0.170742,0.000000,0.029931
168,13,0.048177,-0.004117,0.337452
168,14,0.020035,0.030742,0.345239
168,15,0.037816,0.040576,0.336263
168,16,0.055000,0.007464,0.331126
168,17,0.067017,-0.009027,0.323848
168,18,0.059517,-0.004035,0.317000
168,19,0.018315,0.000799,0.327936
168,20,0.103316,-0.026437,0.333664
168,21,0.026217,0.009415,0.306564
168,22,0.060034,-0.011017,0.298930
168,23,0.074763,-0.003153,0.324633
168,24,0.042221,0.006645,0.332527
169,0,-0.032289,0.000000,0.022906
169,1,-0.064853,0.003437,0.292462
169,2,-0.029324,-0.005101,0.316545
169,3,-0.022629,0.010206,0.334413
169,4,-0.002300,-0.022764,0.300855
169,5,-0.210033,0.000000,0.628160
169,6,0.194907,0.000000,0.628815
169,7,-0.028347,0.009126,0.353694
169,8,0.006097,-0.036005,0.327570
169,9,-0.006340,-0.013077,0.332682
169,10,0.001589,-0.014535,0.319366
169,11,-0.130623,0.000000,0.029931
169,12,0.173882,0.000000,0.029715
169,13,0.061314,0.013970,0.351207
169,14,0.008791,-0.023768,0.316925
169,15,0.062234,-0.026271,0.305684
169,16,-0.001142,-0.006499,0.339483
169,17,0.053828,-0.049797,0.298473
169,18,0.037509,0.013944,0.328317
169,19,0.024850,0.006869,0.341619
169,20,0.026821,-0.009715,0.341659
169,21,0.072241,-0.035003,0.312230
169,22,0.035802,-0.000233,0.338202
169,23,0.024161,-0.034883,0.304740
169,24,0.043326,-0.031773,0.320756
170,0,-0.029531,0.000000,0.024208
170,1,-0.030215,0.000255,0.301323
170,2,-0.037049,-0.011613,0.310528
170,3,-0.035840,0.004662,0.340813
170,4,-0.032669,-0.028943,0.322259
170,5,-0.206572,0.000000,0.628816
170,6,0.198409,0.000000,0.629329
170,7,0.014864,-0.013827,0.319028
170,8,0.020215,-0.010541,0.307972
170,9,0.015198,-0.037294,0.319055
170,10,0.031153,0.015395,0.316639
170,11,-0.127437,0.000000,0.029714
170,12,0.176905,0.000000,0.029352
170,13,0.032654,-0.001678,0.329858
170,14,0.028668,-0.011529,0.339556
170,15,0.019065,-0.006481,0.332783
170,16,0.034457,0.043542,0.351090
170,17,0.035683,-0.004057,0.328183
170,18,-0.008281,-0.011315,0.278230
170,19,0.052256,-0.008304,0.357200
170,20,0.037466,-0.015340,0.301042
170,21,0.082287,-0.002169,0.346869
170,22,0.043747,-0.032277,0.301126
170,23,0.068844,0.031204,0.335228
170,24,0.049708,0.000625,0.304420
171,0,-0.026628,0.000000,0.025392
171,1,-0.015759,0.005272,0.299620
171,2,-0.034040,-0.006101,0.332478
171,3,0.012833,0.030570,0.340004
171,4,-0.008395,0.001006,0.326803
171,5,-0.203079,0.000000,0.629331
171,6,0.201918,0.000000,0.629700
171,7,0.039499,-0.007843,0.329911
171,8,0.013719,0.019498,0.326666
171,9,0.022691,-0.007113,0.367454
171,10,0.019336,-0.008106,0.352169
171,11,-0.124363,0.000000,0.029351
171,12,0.179795,0.000000,0.028845
171,13,-0.002238,0.024725,0.300073
171,14,0.044233,0.019021,0.303801
171,15,0.050680,-0.013498,0.324030
171,16,0.044176,-0.012518,0.310306
171,17,0.037320,0.015391,0.311631
171,18,0.070898,0.053782,0.322517
171,19,0.064391,0.014989,0.325611
171,20,0.057421,0.021976,0.315937
171,21,0.063772,-0.028847,0.337790
171,22,0.066318,0.005480,0.296511
171,23,0.038897,-0.020610,0.308123
171,24,0.027163,-0.008138,0.305920
172,0,-0.023594,0.000000,0.026450
172,1,-0.000705,0.012450,0.355533
172,2,-0.000682,0.018094,0.339399
172,3,0.022243,0.009449,0.307176
172,4,0.014837,-0.023249,0.326588
172,5,-0.199571,0.000000,0.629701
172,6,0.205418,0.000000,0.629924
172,7,0.012883,0.026046,0.328294
172,8,-0.003608,-0.006673,0.311514
172,9,0.029794,-0.009548,0.338798
172,10,0.047077,-0.003519,0.343838
172,11,-0.121415,0.000000,0.028843
172,12,0.182538,0.000000,0.028196
172,13,0.051964,-0.057172,0.307778
172,14,0.032485,-0.025598,0.337036
172,15,0.013780,-0.017327,0.324383
172,16,0.014553,-0.002748,0.345929
172,17,-0.003985,0.010150,0.293023
172,18,0.020929,-0.000530,0.330639
172,19,0.046199,0.015661,0.320301
172,20,0.040253,0.002780,0.312429
172,21,0.053458,0.011370,0.357631
172,22,0.071710,0.005099,0.302554
172,23,0.086892,0.015657,0.305434
172,24,0.052604,-0.027430,0.327877
173,0,-0.020444,0.000000,0.027378
173,1,-0.020274,0.017660,0.327769
173,2,-0.005582,0.025695,0.319539
173,3,0.004662,0.000906,0.371077
173,4,0.002040,0.029059,0.308402
173,5,-0.196065,0.000000,0.629924
173,6,0.208892,0.000000,0.630000
173,7,0.010693,-0.003990,0.327702
173,8,0.022758,0.009268,0.319283
173,9,0.027439,0.040692,0.335265
173,10,-0.002087,0.004091,0.325246
173,11,-0.118608,0.000000,0.028194
173,12,0.185121,0.000000,0.027408
173,13,0.062910,-0.001158,0.338642
173,14,0.059993,-0.005707,0.384388
173,15,0.063067,-0.019282,0.302807
173,16,0.050235,0.014828,0.325714
173,17,0.031101,-0.006269,0.305718
173,18,0.072769,-0.004059,0.340804
173,19,0.060366,0.013760,0.317646
173,20,0.043823,-0.010190,0.307715
173,21,0.022439,-0.015122,0.329489
173,22,0.080417,-0.021744,0.312562
173,23,0.063413,0.008727,0.345052
173,24,0.069848,-0.002593,0.317906
174,0,-0.017193,0.000000,0.028171
174,1,-0.035141,-0.006999,0.322345
174,2,-0.009699,-0.022646,0.347453
174,3,-0.011052,-0.020132,0.276884
174,4,-0.022311,-0.026782,0.321534
174,5,-0.192578,0.000000,0.630000
174,6,0.212321,0.000000,0.629929
174,7,0.056775,-0.029174,0.359763
174,8,0.019535,-0.019961,0.336510
174,9,0.004180,0.010828,0.334767
174,10,0.023045,0.001726,0.338624
174,11,-0.115955,0.000000,0.027405
174,12,0.187530,0.000000,0.026484
174,13,0.036237,0.002116,0.296853
174,14,0.000599,-0.000109,0.304863
174,15,0.045327,-0.012838,0.332221
174,16,0.025237,0.002767,0.336777
174,17,0.058836,-0.010817,0.304335
174,18,0.070842,-0.007532,0.311745
174,19,0.051369,-0.007803,0.292353
174,20,0.096410,0.009770,0.273844
174,21,0.042445,0.001718,0.327366
174,22,0.049533,-0.022236,0.298254
174,23,0.052652,0.019330,0.313549
174,24,0.037656,0.017548,0.333591
175,0,-0.013857,0.000000,0.028825
175,1,-0.006866,0.009574,0.335789
175,2,0.018156,-0.019167,0.338852
175,3,-0.014615,-0.012254,0.317311
175,4,0.010841,0.007266,0.344661
175,5,-0.189128,0.000000,0.629928
175,6,0.215690,0.000000,0.629710
175,7,-0.002648,-0.027297,0.327558
175,8,0.023616,0.018259,0.336344
175,9,0.013715,0.025482,0.306264
175,10,0.016945,0.037058,0.336264
175,11,-0.113470,0.000000,0.026481
175,12,0.189755,0.000000,0.025431
175,13,0.001314,0.007344,0.326440
175,14,0.056058,-0.027340,0.314699
175,15,0.016890,-0.008954,0.320800
175,16,0.056974,-0.028359,0.315344
175,17,0.072893,-0.005819,0.340555
175,18,0.062258,-0.036981,0.320218
175,19,0.060837,-0.015932,0.325064
175,20,0.061244,-0.040976,0.295551
175,21,0.038159,0.012014,0.306177
175,22,0.041081,-0.002503,0.295715
175,23,0.039680,0.031177,0.314066
175,24,0.063855,0.038657,0.310547
176,0,-0.010453,0.000000,0.029337
176,1,-0.021110,0.006138,0.323407
176,2,0.025675,-0.000594,0.309599
176,3,-0.001348,0.013445,0.321700
176,4,-0.019940,-0.022713,0.319574
176,5,-0.185732,0.000000,0.629709
176,6,0.218981,0.000000,0.629345
176,7,0.021390,0.000946,0.327833
176,8,0.048524,-0.014563,0.327500
176,9,0.026041,0.000621,0.293263
176,10,0.021349,-0.039325,0.349122
176,11,-0.111166,0.000000,0.025427
176,12,0.191785,0.000000,0.024252
176,13,0.067901,-0.010377,0.353432
176,14,0.038285,-0.022958,0.321989
176,15,0.075355,-0.016041,0.299023
176,16,0.066539,0.002595,0.301652
176,17,0.083501,0.018609,0.311856
176,18,0.043042,0.004849,0.316987
176,19,0.028043,-0.001805,0.335538
176,20,0.047307,-0.028198,0.310759
176,21,0.033673,-0.010525,0.315698
176,22,0.055623,-0.018913,0.324631
176,23,0.032037,0.055576,0.316889
176,24,0.033081,-0.014480,0.310114
177,0,-0.006997,0.000000,0.029705
177,1,0.009278,0.011963,0.351088
177,2,0.037823,-0.021849,0.301810
177,3,0.026366,-0.005542,0.343160
177,4,0.016151,-0.027883,0.303784
177,5,-0.182405,0.000000,0.629344
177,6,0.222179,0.000000,0.628835
177,7,0.044408,-0.046189,0.352235
177,8,0.027824,0.007829,0.295774
177,9,0.051460,-0.012252,0.273133
177,10,0.060142,-0.031244,0.329025
177,11,-0.109052,0.000000,0.024248
177,12,0.193608,0.000000,0.022953
177,13,0.044918,0.004507,0.328086
177,14,0.042043,0.008352,0.341378
177,15,0.068166,0.012823,0.307290
177,16,0.054510,-0.017767,0.310641
177,17,0.018866,0.018846,0.337878
177,18,0.054075,-0.015259,0.360648
177,19,0.018342,-0.021750,0.290715
177,20,0.049817,-0.012200,0.313946
177,21,0.073389,0.002739,0.315437
177,22,0.022519,0.011041,0.311047
177,23,0.072479,-0.026549,0.349390
177,24,0.066491,0.013115,0.307936
178,0,-0.003507,0.000000,0.029926
178,1,0.009723,0.022524,0.330852
178,2,0.019711,0.000445,0.341854
178,3,0.012470,0.017461,0.334295
178,4,0.018023,0.026821,0.321200
178,5,-0.179166,0.000000,0.628833
178,6,0.225268,0.000000,0.628183
178,7,0.045434,0.023488,0.329916
178,8,0.035202,-0.019153,0.336250
178,9,0.035378,0.008334,0.305277
178,10,0.054998,0.046421,0.307006
178,11,-0.107140,0.000000,0.022949
178,12,0.195216,0.000000,0.021542
178,13,0.047702,0.030534,0.331562
178,14,0.039452,0.008564,0.310070
178,15,0.033629,-0.013042,0.307533
178,16,0.014948,0.013312,0.320731
178,17,0.067692,0.011390,0.308506
178,18,0.029667,0.002736,0.314125
178,19,0.037850,0.009629,0.295463
178,20,0.049388,0.018920,0.325697
178,21,0.054135,0.046060,0.315118
178,22,0.068485,-0.010826,0.347987
178,23,0.022999,0.015025,0.340094
178,24,0.049256,0.002755,0.281036
179,0,0.000000,0.000000,0.030000
179,1,0.002705,-0.015870,0.327669
179,2,0.037510,0.036018,0.325979
179,3,-0.014906,0.010258,0.375324
179,4,0.047894,0.017155,0.344695
179,5,-0.176029,0.000000,0.628181
179,6,0.228232,0.000000,0.627393
179,7,0.054007,-0.019494,0.321925
179,8,0.046544,-0.009678,0.293001
179,9,0.004104,0.024799,0.319066
179,10,0.048493,0.006526,0.330463
179,11,-0.105440,0.000000,0.021537
179,12,0.196602,0.000000,0.020024
179,13,0.037015,0.004420,0.343542
179,14,0.039998,-0.011990,0.308534
179,15,0.051648,0.031164,0.301056
179,16,0.030695,-0.013632,0.316692
179,17,0.043531,0.029862,0.284538
179,18,0.082699,-0.020952,0.317631
179,19,0.052621,-0.005385,0.294746
179,20,0.068716,-0.000316,0.294652
179,21,0.060398,0.008657,0.304158
179,22,0.025426,-0.004590,0.323056
179,23,0.050858,0.039716,0.324841
179,24,0.039999,-0.013078,0.321733
