frame,joint,x,y,z
0,0,0.000000,0.000000,0.000000
0,1,0.020577,0.032838,0.322934
0,2,-0.019464,-0.027856,0.301344
0,3,0.017227,0.010184,0.336206
0,4,0.015017,0.012795,0.285374
0,5,-0.200000,0.000000,0.600000
0,6,0.200000,0.000000,0.600000
0,7,-0.022154,0.029688,0.300978
0,8,0.016230,-0.027528,0.291273
0,9,-0.025822,-0.015514,0.318061
0,10,-0.029612,-0.010682,0.303276
0,11,-0.150000,0.000000,0.000000
0,12,0.150000,0.000000,0.000000
0,13,-0.013369,-0.005046,0.295563
0,14,0.008363,-0.008625,0.305445
0,15,0.001136,0.008491,0.304499
0,16,0.033154,-0.013274,0.323984
0,17,-0.008052,-0.019159,0.324224
0,18,-0.008790,-0.007753,0.272226
0,19,-0.041964,0.012686,0.276695
0,20,0.015565,0.036963,0.297704
0,21,-0.022532,0.007884,0.315235
0,22,-0.005236,0.000349,0.326705
0,23,0.025309,0.014200,0.282672
0,24,-0.001074,0.012058,0.295763
1,0,0.000000,0.000000,0.000000
1,1,-0.012200,-0.015308,0.287360
1,2,-0.013432,-0.009022,0.322914
1,3,-0.016013,0.017738,0.308352
1,4,0.002795,-0.016548,0.290866
1,5,-0.199877,-0.007019,0.600000
1,6,0.199877,0.007019,0.600000
1,7,0.039471,0.001981,0.310764
1,8,0.013261,0.021113,0.295250
1,9,-0.012204,-0.001192,0.294784
1,10,0.015814,0.003792,0.304785
1,11,-0.149908,-0.005264,0.000000
1,12,0.149908,0.005264,0.000000
1,13,0.002900,0.024567,0.289147
1,14,-0.009567,0.017703,0.297872
1,15,0.007218,-0.014580,0.300467
1,16,0.008637,-0.026549,0.286101
1,17,0.008461,0.044976,0.309246
1,18,-0.001178,-0.016904,0.307833
1,19,-0.050028,-0.000991,0.293397
1,20,-0.010388,0.046407,0.250529
1,21,-0.000445,0.001380,0.309347
1,22,-0.032034,-0.009332,0.270091
1,23,-0.002552,0.003918,0.303290
1,24,-0.003960,0.003719,0.303547
2,0,0.000000,0.000000,0.000000
2,1,0.008101,0.000505,0.264343
2,2,-0.016294,0.006911,0.281793
2,3,-0.015968,0.002267,0.299089
2,4,0.017876,0.010237,0.291297
2,5,-0.199507,-0.014029,0.600000
2,6,0.199507,0.014029,0.600000
2,7,0.002285,-0.057177,0.284052
2,8,-0.002949,-0.047745,0.293551
2,9,0.005033,0.020699,0.308059
2,10,0.037685,0.030559,0.267313
2,11,-0.149631,-0.010522,0.000000
2,12,0.149631,0.010522,0.000000
2,13,-0.004521,-0.003124,0.301834
2,14,-0.011455,0.012208,0.314901
2,15,-0.030485,0.018907,0.287049
2,16,0.021126,0.011293,0.297389
2,17,0.039767,0.017804,0.300646
2,18,0.004979,0.048303,0.328343
2,19,0.018994,0.004304,0.311256
2,20,0.002970,-0.030516,0.317713
2,21,0.008295,-0.027012,0.287153
2,22,-0.004959,0.006514,0.334577
2,23,0.000354,-0.038825,0.312996
2,24,-0.003362,-0.034855,0.254366
3,0,0.000000,0.000000,0.000000
3,1,-0.021287,0.007566,0.284833
3,2,0.011994,-0.005622,0.303674
3,3,0.014058,0.011578,0.278950
3,4,0.038562,-0.039546,0.296240
3,5,-0.198892,-0.021022,0.600000
3,6,0.198892,0.021022,0.600000
3,7,-0.020432,0.023803,0.273790
3,8,-0.020683,-0.022780,0.272435
3,9,-0.011457,0.003604,0.280608
3,10,-0.033880,-0.005622,0.299086
3,11,-0.149169,-0.015767,0.000000
3,12,0.149169,0.015767,0.000000
3,13,0.013934,-0.016492,0.295952
3,14,0.017845,-0.020152,0.297783
3,15,-0.007490,-0.029111,0.297398
3,16,0.022184,0.044618,0.270859
3,17,0.018392,0.022056,0.324127
3,18,-0.008901,0.006123,0.287608
3,19,0.011044,0.023805,0.294877
3,20,0.004262,0.017024,0.314187
3,21,-0.013394,0.027247,0.309535
3,22,0.002932,0.000656,0.313830
3,23,0.020450,-0.025481,0.282533
3,24,-0.034588,0.008796,0.307646
4,0,0.000000,0.000000,0.000000
4,1,-0.007035,-0.021976,0.326152
4,2,0.031968,0.031547,0.300975
4,3,0.002789,0.002743,0.297280
4,4,-0.024567,-0.012134,0.316305
4,5,-0.198032,-0.027989,0.600000
4,6,0.198032,0.027989,0.600000
4,7,-0.000060,-0.009536,0.294960
4,8,0.034990,0.029739,0.322042
4,9,0.003530,-0.024202,0.303881
4,10,-0.006452,0.012392,0.320469
4,11,-0.148524,-0.020992,0.000000
4,12,0.148524,0.020992,0.000000
4,13,-0.013649,0.026365,0.301157
4,14,0.001800,-0.011165,0.296279
4,15,0.001870,-0.003994,0.293665
4,16,-0.007886,0.040752,0.295889
4,17,0.015116,0.001548,0.241583
4,18,0.062432,0.000029,0.288968
4,19,0.026304,0.029694,0.288594
4,20,-0.016641,-0.017730,0.306997
4,21,0.003265,0.015681,0.297723
4,22,-0.010250,0.002384,0.288572
4,23,0.013200,0.008337,0.311123
4,24,0.009046,-0.008386,0.265539
5,0,0.000000,0.000000,0.000000
5,1,0.025344,0.021698,0.285126
5,2,0.017984,0.003102,0.298533
5,3,-0.000132,-0.016616,0.297383
5,4,0.001042,0.004061,0.287475
5,5,-0.196928,-0.034922,0.600000
5,6,0.196928,0.034922,0.600000
5,7,0.007657,-0.011652,0.289906
5,8,0.001586,-0.009265,0.279318
5,9,-0.010604,-0.014063,0.302526
5,10,0.013437,0.011606,0.286477
5,11,-0.147696,-0.026191,0.000000
5,12,0.147696,0.026191,0.000000
5,13,-0.007277,0.005225,0.267461
5,14,0.016967,0.024251,0.313644
5,15,-0.043827,0.005142,0.262738
5,16,0.018294,-0.043748,0.271379
5,17,0.006922,-0.028855,0.244508
5,18,-0.022062,0.008516,0.275961
5,19,-0.022327,0.003133,0.299598
5,20,0.024538,0.016786,0.292887
5,21,-0.014609,0.021205,0.286016
5,22,-0.022339,0.008963,0.287512
5,23,-0.031460,0.011995,0.317756
5,24,-0.024404,-0.007675,0.290168
6,0,0.000000,0.000000,0.000000
6,1,-0.003546,-0.009193,0.269550
6,2,0.000477,-0.006874,0.302520
6,3,0.013151,0.016215,0.308436
6,4,-0.052843,-0.020868,0.301682
6,5,-0.195581,-0.041811,0.600000
6,6,0.195581,0.041811,0.600000
6,7,0.016404,-0.020749,0.284191
6,8,0.034570,-0.051267,0.293190
6,9,-0.013682,-0.008365,0.292648
6,10,0.012799,0.019066,0.361795
6,11,-0.146686,-0.031358,0.000000
6,12,0.146686,0.031358,0.000000
6,13,0.035973,-0.001145,0.305149
6,14,0.021230,0.053751,0.296463
6,15,0.008250,-0.003447,0.324114
6,16,-0.027103,0.003146,0.273585
6,17,0.005752,0.016336,0.292211
6,18,-0.004422,0.023083,0.298114
6,19,0.011579,-0.004569,0.281540
6,20,-0.008106,0.042419,0.294593
6,21,0.001441,0.024431,0.307823
6,22,0.011198,0.046472,0.318939
6,23,-0.015778,0.014132,0.288503
6,24,-0.006559,0.021914,0.301756
7,0,0.000000,0.000000,0.000000
7,1,-0.005487,-0.010968,0.303264
7,2,-0.005092,0.019842,0.304418
7,3,-0.002761,0.062153,0.306757
7,4,-0.014173,-0.024560,0.277615
7,5,-0.193993,-0.048649,0.600000
7,6,0.193993,0.048649,0.600000
7,7,-0.027200,-0.001600,0.299629
7,8,0.012124,-0.020129,0.290693
7,9,-0.011495,0.033092,0.302915
7,10,0.008896,0.022413,0.304679
7,11,-0.145495,-0.036487,0.000000
7,12,0.145495,0.036487,0.000000
7,13,-0.001111,-0.008568,0.294207
7,14,-0.000683,-0.004660,0.295440
7,15,0.038238,-0.026588,0.258851
7,16,0.007658,0.027648,0.294720
7,17,0.016837,0.033248,0.295527
7,18,0.004409,-0.016266,0.287430
7,19,-0.007877,0.014864,0.329976
7,20,0.013999,-0.017063,0.284619
7,21,-0.007081,0.000517,0.312057
7,22,-0.029556,-0.020603,0.336180
7,23,0.009860,0.008886,0.272635
7,24,0.021163,0.011547,0.271438
8,0,0.000000,0.000000,0.000000
8,1,-0.023949,0.013426,0.274438
8,2,0.012804,-0.009955,0.314130
8,3,0.019103,0.037969,0.265480
8,4,-0.028565,-0.001347,0.334610
8,5,-0.192166,-0.055427,0.600000
8,6,0.192166,0.055427,0.600000
8,7,0.010993,-0.026476,0.318949
8,8,-0.000835,0.026506,0.277439
8,9,0.019256,0.028464,0.280845
8,10,0.003570,0.009679,0.304831
8,11,-0.144125,-0.041570,0.000000
8,12,0.144125,0.041570,0.000000
8,13,-0.016590,0.021107,0.282477
8,14,0.002590,0.010726,0.308122
8,15,0.012815,-0.035626,0.255157
8,16,0.005232,0.007459,0.328701
8,17,-0.003975,-0.002700,0.270586
8,18,0.008469,0.029234,0.292520
8,19,0.009828,0.024342,0.324255
8,20,0.019311,0.021123,0.233011
8,21,-0.036849,0.007984,0.266833
8,22,0.020066,-0.010955,0.269134
8,23,0.018106,-0.012412,0.280897
8,24,0.015464,-0.003917,0.276357
9,0,0.000000,0.000000,0.000000
9,1,-0.021334,-0.032445,0.332941
9,2,0.026689,0.001148,0.286508
9,3,0.009891,-0.003808,0.315947
9,4,0.012797,0.001355,0.294658
9,5,-0.190103,-0.062137,0.600000
9,6,0.190103,0.062137,0.600000
9,7,0.012273,0.000238,0.267040
9,8,0.005872,0.036225,0.292764
9,9,0.005507,-0.006463,0.305838
9,10,-0.005770,0.047614,0.309615
9,11,-0.142577,-0.046603,0.000000
9,12,0.142577,0.046603,0.000000
9,13,0.000945,0.006713,0.302399
9,14,0.029868,-0.013628,0.284169
9,15,0.011501,-0.003773,0.287745
9,16,-0.036993,0.000039,0.288663
9,17,0.021995,-0.021425,0.308671
9,18,-0.000584,-0.013108,0.326151
9,19,0.029787,-0.005425,0.296487
9,20,-0.041246,0.019312,0.297873
9,21,0.024242,-0.007564,0.312210
9,22,0.010341,0.011436,0.292512
9,23,-0.011797,-0.021274,0.305162
9,24,-0.015615,0.011347,0.262921
10,0,0.000000,0.000000,0.000000
10,1,0.028182,0.011630,0.302540
10,2,-0.014636,-0.015368,0.291694
10,3,0.014087,0.005141,0.309196
10,4,0.019387,0.013768,0.317703
10,5,-0.187805,-0.068770,0.600000
10,6,0.187805,0.068770,0.600000
10,7,0.000030,-0.019642,0.329040
10,8,0.027271,-0.033174,0.296529
10,9,0.047541,0.026767,0.322172
10,10,-0.044827,-0.006265,0.285765
10,11,-0.140854,-0.051578,0.000000
10,12,0.140854,0.051578,0.000000
10,13,-0.001030,-0.000770,0.321784
10,14,-0.009507,-0.003280,0.282307
10,15,-0.028838,0.008111,0.322581
10,16,-0.000007,0.028879,0.292111
10,17,0.011146,-0.040152,0.307670
10,18,0.035500,-0.013781,0.310256
10,19,0.008310,-0.005866,0.304960
10,20,-0.003651,-0.014191,0.299743
10,21,-0.005801,0.002014,0.255254
10,22,-0.008010,0.021766,0.313577
10,23,0.024479,-0.001081,0.320947
10,24,0.033009,-0.009085,0.298242
11,0,0.000000,0.000000,0.000000
11,1,0.059838,-0.008955,0.262535
11,2,0.031771,0.003671,0.270637
11,3,-0.024989,0.007918,0.272295
11,4,-0.015720,-0.028867,0.302167
11,5,-0.185276,-0.075319,0.600000
11,6,0.185276,0.075319,0.600000
11,7,-0.000690,-0.035949,0.330776
11,8,-0.019829,-0.008400,0.342177
11,9,-0.003918,-0.010762,0.288470
11,10,0.016509,-0.011676,0.259740
11,11,-0.138957,-0.056489,0.000000
11,12,0.138957,0.056489,0.000000
11,13,-0.026486,-0.013154,0.296520
11,14,-0.032542,0.002504,0.289764
11,15,-0.021697,-0.005965,0.337755
11,16,-0.007600,-0.003509,0.316799
11,17,-0.004516,0.008954,0.308129
11,18,-0.026588,0.010479,0.286498
11,19,-0.008287,-0.001481,0.275895
11,20,0.014397,0.016101,0.344841
11,21,-0.010811,-0.007456,0.334278
11,22,-0.034879,-0.012641,0.329658
11,23,-0.016979,0.047630,0.290113
11,24,-0.022137,0.000450,0.299958
12,0,0.000000,0.000000,0.000000
12,1,-0.010792,-0.009878,0.302154
12,2,-0.009514,-0.020151,0.299728
12,3,-0.002744,-0.032748,0.305765
12,4,-0.002795,0.026929,0.289805
12,5,-0.182518,-0.081775,0.600000
12,6,0.182518,0.081775,0.600000
12,7,-0.021917,-0.016774,0.323953
12,8,0.010517,-0.001868,0.276971
12,9,-0.011332,0.000242,0.311362
12,10,-0.008973,0.026044,0.294572
12,11,-0.136889,-0.061331,0.000000
12,12,0.136889,0.061331,0.000000
12,13,0.024122,-0.028999,0.312452
12,14,-0.007224,-0.041058,0.313757
12,15,-0.012238,0.021249,0.276218
12,16,-0.001749,0.006750,0.267568
12,17,-0.006488,0.011264,0.283337
12,18,-0.013569,0.016861,0.356105
12,19,-0.012810,0.009510,0.287215
12,20,0.030841,-0.011378,0.304713
12,21,0.024329,-0.021188,0.311565
12,22,-0.005239,-0.034284,0.287984
12,23,0.000055,-0.010995,0.317510
12,24,-0.007206,0.004075,0.309452
13,0,0.000000,0.000000,0.000000
13,1,0.042276,0.013497,0.284929
13,2,0.031567,0.003111,0.305439
13,3,-0.024075,-0.006029,0.304924
13,4,-0.031143,-0.007087,0.300335
13,5,-0.179536,-0.088130,0.600000
13,6,0.179536,0.088130,0.600000
13,7,-0.014870,0.028185,0.333200
13,8,-0.027234,-0.038809,0.271968
13,9,0.027004,-0.024341,0.295365
13,10,0.027844,0.013923,0.319483
13,11,-0.134652,-0.066097,0.000000
13,12,0.134652,0.066097,0.000000
13,13,0.001870,0.045165,0.291274
13,14,-0.024243,0.002444,0.357148
13,15,0.032097,-0.005153,0.267699
13,16,0.001397,0.010505,0.312555
13,17,-0.002024,-0.020466,0.289363
13,18,0.008322,0.028258,0.320942
13,19,-0.004807,-0.004223,0.323984
13,20,0.021894,0.010158,0.254745
13,21,-0.027986,0.014804,0.323067
13,22,0.009544,0.002337,0.299909
13,23,0.007564,-0.029028,0.286032
13,24,0.011675,-0.005867,0.296777
14,0,0.000000,0.000000,0.000000
14,1,-0.000657,0.007223,0.289081
14,2,-0.021525,0.006158,0.265514
14,3,-0.003406,-0.028594,0.321544
14,4,0.047658,-0.023352,0.318394
14,5,-0.176333,-0.094376,0.600000
14,6,0.176333,0.094376,0.600000
14,7,-0.009864,-0.012284,0.290773
14,8,0.007353,0.012577,0.285965
14,9,-0.012623,0.022236,0.327799
14,10,-0.021165,-0.006507,0.320359
14,11,-0.132249,-0.070782,0.000000
14,12,0.132249,0.070782,0.000000
14,13,0.042049,0.004934,0.309962
14,14,-0.017690,0.020789,0.310045
14,15,-0.006991,0.000381,0.345045
14,16,0.030913,0.031010,0.282247
14,17,-0.024247,-0.031370,0.313094
14,18,-0.023205,-0.020721,0.323901
14,19,-0.036734,0.010819,0.275907
14,20,0.002674,0.047786,0.307369
14,21,-0.004846,-0.004014,0.295827
14,22,-0.010460,-0.033313,0.282904
14,23,0.027836,0.025446,0.313113
14,24,-0.000362,0.013113,0.305653
15,0,0.000000,0.000000,0.000000
15,1,0.012689,0.031476,0.325626
15,2,-0.006224,-0.016929,0.259046
15,3,-0.014163,-0.001252,0.297879
15,4,-0.000219,0.008977,0.320754
15,5,-0.172912,-0.100506,0.600000
15,6,0.172912,0.100506,0.600000
15,7,-0.029965,-0.019152,0.280894
15,8,0.014300,0.037017,0.304825
15,9,0.009635,-0.009356,0.281305
15,10,-0.012594,0.032675,0.299930
15,11,-0.129684,-0.075380,0.000000
15,12,0.129684,0.075380,0.000000
15,13,-0.003399,0.013434,0.302711
15,14,0.022432,0.000840,0.306639
15,15,0.011118,-0.011033,0.292843
15,16,0.013502,0.003501,0.289598
15,17,0.000708,0.051381,0.297342
15,18,-0.014723,0.009158,0.334005
15,19,-0.002931,-0.003974,0.292193
15,20,-0.025251,-0.001325,0.322400
15,21,0.009016,0.002787,0.266707
15,22,-0.006506,-0.021809,0.246853
15,23,-0.011525,0.012513,0.281242
15,24,-0.016715,0.035500,0.313937
16,0,0.000000,0.000000,0.000000
16,1,0.025797,0.026826,0.313572
16,2,-0.000788,0.009667,0.329581
16,3,0.005500,0.003305,0.304437
16,4,0.018678,-0.009907,0.333967
16,5,-0.169278,-0.106513,0.600000
16,6,0.169278,0.106513,0.600000
16,7,0.019466,-0.012822,0.335891
16,8,-0.033833,-0.046335,0.312259
16,9,-0.015236,-0.012398,0.310664
16,10,0.022024,0.045134,0.309872
16,11,-0.126959,-0.079884,0.000000
16,12,0.126959,0.079884,0.000000
16,13,-0.014237,0.011878,0.293581
16,14,-0.011039,0.021895,0.325844
16,15,-0.037624,0.020672,0.302989
16,16,0.010362,-0.020122,0.278271
16,17,-0.010169,0.010275,0.295925
16,18,-0.008086,0.017621,0.283120
16,19,-0.039410,0.008345,0.275191
16,20,0.002538,0.020867,0.281609
16,21,-0.012776,-0.028926,0.297130
16,22,-0.017019,-0.038423,0.293201
16,23,0.017957,-0.027372,0.302678
16,24,-0.015750,-0.039135,0.325821
17,0,0.000000,0.000000,0.000000
17,1,0.007180,0.000617,0.282684
17,2,-0.039147,0.015914,0.283743
17,3,0.034520,-0.016558,0.290814
17,4,-0.005026,-0.007128,0.306446
17,5,-0.165436,-0.112388,0.600000
17,6,0.165436,0.112388,0.600000
17,7,-0.003492,0.000806,0.286329
17,8,0.028295,-0.000191,0.291649
17,9,0.000125,-0.020991,0.289899
17,10,0.003114,0.003701,0.333862
17,11,-0.124077,-0.084291,0.000000
17,12,0.124077,0.084291,0.000000
17,13,-0.002529,0.005726,0.279185
17,14,0.023460,-0.006465,0.338341
17,15,-0.036429,0.027065,0.294502
17,16,-0.005630,-0.023917,0.311108
17,17,0.022880,-0.027501,0.303504
17,18,-0.015514,0.004617,0.304493
17,19,-0.026023,-0.038173,0.295062
17,20,0.014248,-0.025300,0.297827
17,21,0.011020,-0.014273,0.274667
17,22,-0.009187,0.014211,0.298201
17,23,0.024274,-0.026493,0.346164
17,24,0.004985,-0.015671,0.326543
18,0,0.000000,0.000000,0.000000
18,1,-0.010534,-0.015302,0.288917
18,2,-0.052827,0.012984,0.294894
18,3,-0.010678,-0.023121,0.328155
18,4,-0.002888,-0.009895,0.314319
18,5,-0.161390,-0.118124,0.600000
18,6,0.161390,0.118124,0.600000
18,7,-0.012846,-0.012609,0.315961
18,8,0.012618,0.010444,0.310538
18,9,-0.001534,-0.020269,0.296974
18,10,0.033791,-0.007174,0.319263
18,11,-0.121042,-0.088593,0.000000
18,12,0.121042,0.088593,0.000000
18,13,-0.014964,0.004962,0.284781
18,14,0.003373,-0.011329,0.264339
18,15,-0.007502,0.017748,0.286001
18,16,-0.011644,-0.009817,0.289858
18,17,0.015327,0.002169,0.294037
18,18,-0.023731,0.027712,0.296198
18,19,-0.007436,-0.025812,0.310797
18,20,0.003645,-0.000708,0.267351
18,21,-0.032073,-0.007097,0.344209
18,22,-0.002909,0.014972,0.337778
18,23,0.028117,0.003521,0.263700
18,24,0.005189,0.013839,0.308499
19,0,0.000000,0.000000,0.000000
19,1,-0.009471,-0.026187,0.311824
19,2,0.022793,0.000074,0.295996
19,3,0.006955,-0.027773,0.286748
19,4,-0.001737,-0.028002,0.313991
19,5,-0.157145,-0.123715,0.600000
19,6,0.157145,0.123715,0.600000
19,7,0.000722,0.013246,0.270137
19,8,0.005753,-0.018696,0.306169
19,9,-0.020100,0.005374,0.348310
19,10,-0.015901,0.006804,0.308471
19,11,-0.117859,-0.092787,0.000000
19,12,0.117859,0.092787,0.000000
19,13,0.022215,0.014918,0.316395
19,14,-0.026353,-0.009093,0.273120
19,15,-0.020974,0.027396,0.295929
19,16,-0.022833,-0.005808,0.320469
19,17,-0.016827,-0.006446,0.282020
19,18,-0.018855,0.009268,0.326798
19,19,-0.013181,0.033053,0.283047
19,20,0.038748,0.005018,0.339528
19,21,-0.020680,0.017543,0.319569
19,22,-0.018939,-0.021852,0.296921
19,23,-0.014781,0.021487,0.289722
19,24,-0.003364,0.001667,0.336543
20,0,0.000000,0.000000,0.000000
20,1,0.022326,0.016443,0.301720
20,2,0.007615,-0.038623,0.296316
20,3,-0.020793,0.001450,0.298607
20,4,-0.011990,0.002099,0.303629
20,5,-0.152706,-0.129154,0.600000
20,6,0.152706,0.129154,0.600000
20,7,-0.022150,0.014508,0.307721
20,8,-0.002886,0.008182,0.325709
20,9,0.023312,0.019339,0.305564
20,10,0.045693,0.035411,0.260954
20,11,-0.114530,-0.096866,0.000000
20,12,0.114530,0.096866,0.000000
20,13,0.017302,-0.043675,0.320765
20,14,0.021171,0.002313,0.300461
20,15,0.010429,0.015793,0.305181
20,16,-0.028349,-0.010978,0.321914
20,17,0.003773,0.001401,0.327143
20,18,-0.004583,-0.018147,0.280324
20,19,0.033300,-0.011338,0.328996
20,20,0.002818,-0.003720,0.310446
20,21,-0.005693,-0.021508,0.316457
20,22,0.015708,-0.012900,0.284137
20,23,0.044131,0.006159,0.317754
20,24,-0.015832,-0.018007,0.336638
21,0,0.000000,0.000000,0.000000
21,1,-0.024641,-0.030520,0.312981
21,2,-0.003409,-0.019059,0.278652
21,3,0.006273,0.003986,0.297194
21,4,-0.013043,0.026926,0.265758
21,5,-0.148080,-0.134434,0.600000
21,6,0.148080,0.134434,0.600000
21,7,0.021476,0.054697,0.293339
21,8,0.010257,-0.023146,0.286052
21,9,0.046325,0.012642,0.324212
21,10,0.019266,-0.036739,0.265953
21,11,-0.111060,-0.100825,0.000000
21,12,0.111060,0.100825,0.000000
21,13,-0.012319,0.014654,0.265701
21,14,0.013211,0.000250,0.330208
21,15,-0.006687,-0.014065,0.289685
21,16,-0.009339,-0.015540,0.276279
21,17,0.005497,0.048741,0.309662
21,18,0.031480,-0.021313,0.319832
21,19,0.005979,0.019421,0.308426
21,20,-0.014413,-0.017173,0.307973
21,21,-0.009842,0.016311,0.285214
21,22,-0.000957,0.009732,0.305093
21,23,0.005751,0.004833,0.263431
21,24,-0.047305,0.023744,0.328168
22,0,0.000000,0.000000,0.000000
22,1,0.016028,0.019312,0.293405
22,2,-0.051822,-0.007259,0.326330
22,3,-0.007607,-0.008207,0.313910
22,4,-0.009180,-0.006890,0.285372
22,5,-0.143271,-0.139548,0.600000
22,6,0.143271,0.139548,0.600000
22,7,-0.004663,0.008686,0.330998
22,8,0.029818,-0.009212,0.296343
22,9,0.013028,-0.008641,0.255648
22,10,0.036722,-0.019655,0.303037
22,11,-0.107453,-0.104661,0.000000
22,12,0.107453,0.104661,0.000000
22,13,-0.002033,0.002955,0.291613
22,14,0.003245,-0.034952,0.303228
22,15,-0.013588,-0.005559,0.314756
22,16,-0.000134,0.017860,0.293583
22,17,0.043064,-0.011020,0.288189
22,18,-0.007493,0.009299,0.287167
22,19,0.015803,-0.005946,0.304670
22,20,-0.011374,0.029897,0.277182
22,21,-0.021563,0.020979,0.299182
22,22,0.013789,0.028257,0.315877
22,23,-0.015082,0.001362,0.264994
22,24,-0.009724,-0.012515,0.283274
23,0,0.000000,0.000000,0.000000
23,1,-0.015936,-0.001931,0.305490
23,2,-0.056156,0.024049,0.293536
23,3,-0.003950,0.009059,0.347366
23,4,0.046101,-0.012073,0.320467
23,5,-0.138285,-0.144490,0.600000
23,6,0.138285,0.144490,0.600000
23,7,0.006492,-0.000216,0.282953
23,8,-0.007270,0.010312,0.304658
23,9,0.048749,-0.016098,0.300937
23,10,0.001859,0.023651,0.304806
23,11,-0.103714,-0.108367,0.000000
23,12,0.103714,0.108367,0.000000
23,13,0.011803,-0.015321,0.309139
23,14,-0.005857,0.010567,0.340593
23,15,0.017205,-0.012565,0.289685
23,16,-0.000911,0.010003,0.313664
23,17,-0.018582,0.025954,0.301968
23,18,-0.016101,-0.034917,0.280015
23,19,-0.037812,0.022713,0.302697
23,20,0.008003,-0.023473,0.245578
23,21,-0.003546,-0.006795,0.291866
23,22,-0.001306,-0.003986,0.253461
23,23,0.002521,0.015648,0.295008
23,24,-0.046181,-0.002726,0.281528
24,0,0.000000,0.000000,0.000000
24,1,0.007214,0.044708,0.268124
24,2,-0.040123,0.015237,0.260334
24,3,0.017734,-0.000612,0.286242
24,4,-0.034767,-0.008908,0.291837
24,5,-0.133129,-0.149254,0.600000
24,6,0.133129,0.149254,0.600000
24,7,0.006736,0.029766,0.282136
24,8,0.016295,0.017978,0.288189
24,9,-0.013374,0.013130,0.254768
24,10,0.005741,-0.029480,0.289146
24,11,-0.099847,-0.111940,0.000000
24,12,0.099847,0.111940,0.000000
24,13,-0.000159,-0.013689,0.289383
24,14,-0.006590,0.025336,0.254203
24,15,0.032766,0.017157,0.261671
24,16,0.010185,-0.009940,0.279332
24,17,0.000976,0.010021,0.307812
24,18,-0.033457,-0.016483,0.285305
24,19,0.007972,0.015190,0.294288
24,20,0.016994,0.002308,0.308655
24,21,-0.016064,0.032825,0.320315
24,22,0.009802,-0.032206,0.310238
24,23,0.015494,0.011635,0.279083
24,24,-0.013627,0.042831,0.276217
25,0,0.000000,0.000000,0.000000
25,1,-0.021317,0.006269,0.329160
25,2,-0.002148,0.006679,0.313085
25,3,-0.039774,-0.015490,0.288148
25,4,-0.007277,-0.017685,0.295520
25,5,-0.127809,-0.153834,0.600000
25,6,0.127809,0.153834,0.600000
25,7,0.038744,0.004332,0.325868
25,8,0.001468,0.003520,0.299596
25,9,0.021886,-0.009309,0.296866
25,10,-0.033289,0.013581,0.281324
25,11,-0.095857,-0.115375,0.000000
25,12,0.095857,0.115375,0.000000
25,13,0.012629,0.011115,0.303026
25,14,-0.001238,-0.014877,0.289532
25,15,-0.010662,0.013396,0.307450
25,16,-0.004821,0.017575,0.320753
25,17,-0.060530,-0.017443,0.326826
25,18,0.012611,-0.007757,0.313894
25,19,0.019009,0.017612,0.281995
25,20,-0.011201,0.012218,0.303699
25,21,0.007276,-0.043105,0.318629
25,22,-0.000777,-0.014602,0.291369
25,23,-0.015129,0.026582,0.284450
25,24,0.008580,-0.012971,0.281973
26,0,0.000000,0.000000,0.000000
26,1,-0.004948,0.016867,0.281192
26,2,-0.039348,0.007533,0.276499
26,3,0.001933,0.027206,0.311840
26,4,0.010501,-0.048816,0.294919
26,5,-0.122332,-0.158224,0.600000
26,6,0.122332,0.158224,0.600000
26,7,0.010622,0.000151,0.302357
26,8,-0.016695,0.024774,0.281167
26,9,-0.007522,-0.023286,0.308062
26,10,0.010264,-0.005787,0.288852
26,11,-0.091749,-0.118668,0.000000
26,12,0.091749,0.118668,0.000000
26,13,-0.003337,0.051150,0.253008
26,14,-0.006614,0.014755,0.303667
26,15,-0.007159,0.002416,0.289973
26,16,-0.020068,-0.010317,0.326059
26,17,0.016699,-0.009663,0.300210
26,18,0.002489,0.015201,0.279860
26,19,0.023440,-0.013138,0.311709
26,20,0.007626,-0.023221,0.310995
26,21,0.023520,0.043953,0.311743
26,22,-0.006646,-0.003345,0.325385
26,23,0.038093,0.009384,0.302258
26,24,0.013710,0.011855,0.298840
27,0,0.000000,0.000000,0.000000
27,1,-0.013595,-0.013154,0.278489
27,2,0.016797,0.004055,0.315500
27,3,-0.032378,-0.003839,0.299948
27,4,0.006143,-0.014817,0.323504
27,5,-0.116703,-0.162420,0.600000
27,6,0.116703,0.162420,0.600000
27,7,-0.015546,-0.039589,0.276538
27,8,-0.008196,0.011111,0.254797
27,9,-0.002344,0.019873,0.319588
27,10,-0.003825,0.023841,0.297779
27,11,-0.087528,-0.121815,0.000000
27,12,0.087528,0.121815,0.000000
27,13,0.007198,-0.004725,0.299565
27,14,0.041758,0.012985,0.317765
27,15,-0.004586,-0.019713,0.292696
27,16,0.006043,-0.014235,0.318624
27,17,-0.039119,0.039056,0.297251
27,18,0.041086,0.039310,0.336212
27,19,-0.000436,0.011986,0.278211
27,20,0.004042,-0.000672,0.261436
27,21,-0.017380,0.026522,0.275531
27,22,0.019122,0.000108,0.296374
27,23,-0.029761,0.008355,0.313164
27,24,0.050815,-0.004672,0.287892
28,0,0.000000,0.000000,0.000000
28,1,0.012274,0.002312,0.288837
28,2,0.016872,0.004236,0.305097
28,3,0.024814,-0.016041,0.319334
28,4,-0.013956,0.008646,0.298739
28,5,-0.110932,-0.166416,0.600000
28,6,0.110932,0.166416,0.600000
28,7,-0.003103,-0.075241,0.295243
28,8,-0.021738,-0.003081,0.294957
28,9,0.009823,-0.036693,0.295056
28,10,0.016207,-0.019529,0.303317
28,11,-0.083199,-0.124812,0.000000
28,12,0.083199,0.124812,0.000000
28,13,0.035438,0.003252,0.310795
28,14,-0.007938,-0.029410,0.284428
28,15,0.011158,0.042171,0.274222
28,16,-0.019250,-0.005448,0.272724
28,17,-0.001935,0.007591,0.302593
28,18,-0.009076,-0.037911,0.315037
28,19,-0.015326,0.000175,0.288623
28,20,-0.020105,-0.013449,0.287365
28,21,-0.036558,-0.029162,0.303726
28,22,0.014105,-0.003898,0.275874
28,23,-0.005990,0.017750,0.285984
28,24,0.020624,-0.008825,0.298618
29,0,0.000000,0.000000,0.000000
29,1,-0.019782,0.006714,0.325388
29,2,-0.010924,0.005203,0.282422
29,3,0.005441,0.007797,0.316586
29,4,-0.007880,-0.036937,0.301946
29,5,-0.105023,-0.170206,0.600000
29,6,0.105023,0.170206,0.600000
29,7,-0.003071,-0.017647,0.315926
29,8,-0.007133,0.003480,0.300206
29,9,0.009542,0.013067,0.286919
29,10,0.006820,0.018295,0.315851
29,11,-0.078767,-0.127655,0.000000
29,12,0.078767,0.127655,0.000000
29,13,0.015232,-0.040117,0.287022
29,14,-0.002781,-0.005278,0.286298
29,15,0.000255,0.050155,0.290562
29,16,-0.006551,0.016982,0.268234
29,17,-0.018716,-0.023480,0.300537
29,18,-0.019386,-0.007812,0.273490
29,19,0.002935,0.029106,0.296274
29,20,-0.010649,-0.001803,0.295437
29,21,0.017330,0.030886,0.277994
29,22,0.005383,0.041633,0.312650
29,23,-0.025565,0.025541,0.285343
29,24,-0.014386,-0.007398,0.281521
30,0,0.000000,0.000000,0.000000
30,1,0.001547,0.004492,0.311356
30,2,0.006046,0.004412,0.305122
30,3,0.016289,0.006169,0.273759
30,4,-0.026019,-0.015199,0.295214
30,5,-0.098985,-0.173787,0.600000
30,6,0.098985,0.173787,0.600000
30,7,0.002929,-0.048466,0.297283
30,8,0.008434,0.015297,0.292930
30,9,-0.008782,0.008032,0.320408
30,10,0.015652,-0.000958,0.305998
30,11,-0.074239,-0.130340,0.000000
30,12,0.074239,0.130340,0.000000
30,13,0.007944,-0.012969,0.273726
30,14,-0.022447,0.006837,0.313027
30,15,-0.027694,0.020353,0.305625
30,16,-0.003451,-0.011013,0.298224
30,17,-0.019128,0.028207,0.268887
30,18,-0.001543,-0.018235,0.313361
30,19,-0.039738,-0.017445,0.286718
30,20,0.025738,0.014085,0.311323
30,21,-0.018515,0.027188,0.286515
30,22,0.003966,0.010117,0.295162
30,23,-0.008593,0.000206,0.251226
30,24,0.020937,-0.009205,0.287404
31,0,0.000000,0.000000,0.000000
31,1,0.036809,0.008510,0.312380
31,2,0.017110,0.027920,0.275711
31,3,0.047949,0.009388,0.274934
31,4,0.003076,0.029983,0.284624
31,5,-0.092825,-0.177154,0.600000
31,6,0.092825,0.177154,0.600000
31,7,0.001654,-0.013084,0.249817
31,8,-0.014401,-0.018682,0.283179
31,9,0.022525,-0.004073,0.318021
31,10,0.013798,-0.013741,0.288090
31,11,-0.069619,-0.132865,0.000000
31,12,0.069619,0.132865,0.000000
31,13,-0.017939,0.022884,0.267881
31,14,-0.027449,0.006220,0.290809
31,15,0.031926,-0.020107,0.298094
31,16,0.000503,-0.024383,0.296967
31,17,0.002849,-0.004439,0.289140
31,18,0.036671,-0.004127,0.284859
31,19,0.003720,0.016078,0.279814
31,20,-0.023448,0.014688,0.296819
31,21,0.029773,0.033060,0.291279
31,22,-0.009766,-0.001798,0.302135
31,23,0.014277,-0.000349,0.313310
31,24,0.005990,-0.037442,0.275768
32,0,0.000000,0.000000,0.000000
32,1,0.030420,0.007198,0.280539
32,2,0.043522,0.026888,0.271538
32,3,-0.002567,0.006212,0.293423
32,4,-0.018403,0.014358,0.295397
32,5,-0.086551,-0.180302,0.600000
32,6,0.086551,0.180302,0.600000
32,7,-0.004529,0.034643,0.299318
32,8,-0.021288,-0.001761,0.312701
32,9,0.026198,0.008327,0.268333
32,10,-0.021178,-0.011024,0.284827
32,11,-0.064913,-0.135227,0.000000
32,12,0.064913,0.135227,0.000000
32,13,0.011193,-0.017435,0.320370
32,14,0.024587,-0.000407,0.270254
32,15,0.014807,0.008488,0.293931
32,16,-0.008346,-0.006049,0.285802
32,17,-0.008768,0.014819,0.289332
32,18,0.026142,-0.024748,0.327786
32,19,0.013973,0.004345,0.289341
32,20,-0.023376,0.023107,0.294890
32,21,-0.021915,0.007320,0.275812
32,22,0.006703,0.004165,0.338264
32,23,-0.053733,0.011887,0.292661
32,24,0.002186,0.003280,0.302338
33,0,0.000000,0.000000,0.000000
33,1,-0.002091,0.004206,0.287096
33,2,-0.023405,-0.025343,0.308082
33,3,0.014474,0.006183,0.280131
33,4,0.027121,-0.014110,0.282877
33,5,-0.080170,-0.183229,0.600000
33,6,0.080170,0.183229,0.600000
33,7,-0.011167,0.007544,0.258898
33,8,-0.024387,0.034379,0.282878
33,9,-0.023834,-0.022087,0.265685
33,10,0.001068,-0.007343,0.309201
33,11,-0.060127,-0.137422,0.000000
33,12,0.060127,0.137422,0.000000
33,13,-0.060730,0.013858,0.286798
33,14,0.032647,-0.037738,0.304709
33,15,-0.018692,-0.021126,0.295416
33,16,-0.002025,-0.039014,0.286956
33,17,0.050011,-0.010842,0.326135
33,18,-0.029317,-0.000864,0.341642
33,19,0.010259,-0.019431,0.270051
33,20,0.007003,-0.007802,0.293668
33,21,-0.032912,0.023495,0.271121
33,22,-0.003458,-0.000992,0.321134
33,23,-0.015842,-0.035323,0.302131
33,24,-0.007571,-0.028996,0.286169
34,0,0.000000,0.000000,0.000000
34,1,0.002070,0.012508,0.318300
34,2,0.022421,0.014896,0.284385
34,3,-0.000181,-0.006028,0.281643
34,4,-0.038013,-0.006935,0.313098
34,5,-0.073690,-0.185929,0.600000
34,6,0.073690,0.185929,0.600000
34,7,-0.016831,0.013324,0.290584
34,8,0.004078,-0.002171,0.322078
34,9,-0.008237,0.055907,0.307510
34,10,-0.024081,-0.005043,0.273647
34,11,-0.055268,-0.139447,0.000000
34,12,0.055268,0.139447,0.000000
34,13,-0.004017,-0.012307,0.331149
34,14,0.023674,0.010734,0.292102
34,15,0.004765,-0.003742,0.344682
34,16,0.010785,0.007177,0.284255
34,17,-0.015770,-0.020246,0.300911
34,18,0.025295,-0.030511,0.279923
34,19,-0.015198,0.028644,0.321415
34,20,0.009817,-0.005152,0.280343
34,21,0.028049,-0.017735,0.303852
34,22,0.009509,-0.005251,0.330968
34,23,0.010698,-0.038060,0.314038
34,24,-0.029968,-0.028412,0.302446
35,0,0.000000,0.000000,0.000000
35,1,0.025515,0.007925,0.297312
35,2,-0.001731,-0.001466,0.296142
35,3,-0.039960,0.020943,0.253378
35,4,-0.007363,0.027653,0.312696
35,5,-0.067120,-0.188401,0.600000
35,6,0.067120,0.188401,0.600000
35,7,-0.014685,0.031285,0.327807
35,8,-0.016765,-0.001945,0.298932
35,9,-0.004937,-0.001528,0.302589
35,10,0.028937,0.002036,0.335219
35,11,-0.050340,-0.141301,0.000000
35,12,0.050340,0.141301,0.000000
35,13,-0.009609,-0.004437,0.340279
35,14,-0.038011,-0.012876,0.288585
35,15,0.007405,0.009903,0.275402
35,16,0.005678,-0.028909,0.265348
35,17,0.007277,0.032167,0.312601
35,18,-0.012744,-0.012100,0.301963
35,19,-0.037988,-0.006666,0.284106
35,20,0.003586,0.008703,0.270192
35,21,0.007336,-0.018591,0.270098
35,22,0.005612,0.004275,0.296749
35,23,0.009905,0.014895,0.313413
35,24,0.007308,-0.018917,0.269072
36,0,0.000000,0.000000,0.000000
36,1,-0.037786,0.013651,0.295818
36,2,0.019229,0.003939,0.287641
36,3,-0.010233,0.008023,0.295960
36,4,0.001006,0.024908,0.277203
36,5,-0.060467,-0.190640,0.600000
36,6,0.060467,0.190640,0.600000
36,7,0.003927,0.006327,0.299160
36,8,0.008123,-0.045404,0.311333
36,9,-0.000328,0.004723,0.331479
36,10,-0.003993,-0.000029,0.292244
36,11,-0.045350,-0.142980,0.000000
36,12,0.045350,0.142980,0.000000
36,13,-0.033892,-0.027029,0.280546
36,14,-0.002370,-0.002336,0.304386
36,15,0.011091,0.015424,0.293771
36,16,0.016284,-0.010717,0.295059
36,17,-0.023570,0.030336,0.310286
36,18,0.021568,-0.010417,0.308065
36,19,-0.014470,-0.017019,0.305368
36,20,-0.011106,0.017615,0.283843
36,21,-0.038581,0.007772,0.308274
36,22,-0.018522,0.030656,0.312699
36,23,0.031917,0.005796,0.274233
36,24,0.007959,-0.002584,0.301835
37,0,0.000000,0.000000,0.000000
37,1,0.007977,-0.000358,0.294221
37,2,-0.017275,0.024423,0.324814
37,3,0.002006,0.000269,0.297825
37,4,-0.001852,-0.042728,0.291312
37,5,-0.053739,-0.192645,0.600000
37,6,0.053739,0.192645,0.600000
37,7,0.024468,0.005745,0.322543
37,8,-0.007833,-0.036280,0.311129
37,9,0.024776,0.011335,0.254662
37,10,-0.006189,0.013637,0.273160
37,11,-0.040304,-0.144484,0.000000
37,12,0.040304,0.144484,0.000000
37,13,-0.008053,-0.016833,0.328010
37,14,-0.025219,0.007857,0.256542
37,15,-0.007384,0.027013,0.270074
37,16,0.022440,0.018003,0.309324
37,17,0.024769,0.001542,0.308303
37,18,-0.022870,-0.013333,0.309115
37,19,-0.031592,0.008195,0.327009
37,20,-0.013807,-0.015895,0.308121
37,21,0.013489,-0.025638,0.294089
37,22,0.008275,-0.000062,0.309151
37,23,0.004192,0.006625,0.295758
37,24,0.026954,-0.004876,0.306507
38,0,0.000000,0.000000,0.000000
38,1,-0.007457,0.000299,0.278941
38,2,0.000851,0.021629,0.294073
38,3,-0.011056,-0.020361,0.274904
38,4,-0.015247,-0.013117,0.305245
38,5,-0.046945,-0.194412,0.600000
38,6,0.046945,0.194412,0.600000
38,7,0.001633,-0.029844,0.323949
38,8,-0.014882,0.007902,0.267261
38,9,-0.029137,0.017679,0.307971
38,10,0.000337,0.021267,0.313661
38,11,-0.035209,-0.145809,0.000000
38,12,0.035209,0.145809,0.000000
38,13,-0.018538,-0.025607,0.313575
38,14,-0.029492,0.019379,0.303418
38,15,-0.007482,0.006977,0.298984
38,16,-0.002082,0.029068,0.308284
38,17,0.007073,-0.018757,0.316166
38,18,0.012488,-0.011692,0.289577
38,19,0.020933,-0.002025,0.262555
38,20,0.026283,-0.010892,0.310561
38,21,0.017551,0.011567,0.294686
38,22,-0.014257,0.025122,0.272161
38,23,0.012582,0.010321,0.301547
38,24,-0.015154,0.021043,0.308432
39,0,0.000000,0.000000,0.000000
39,1,-0.005343,0.005955,0.278322
39,2,-0.028543,0.000509,0.297049
39,3,0.013246,0.010511,0.280484
39,4,0.009494,0.001012,0.287589
39,5,-0.040093,-0.195940,0.600000
39,6,0.040093,0.195940,0.600000
39,7,0.010248,0.004489,0.299609
39,8,-0.016760,-0.007356,0.332239
39,9,-0.006645,-0.017446,0.292603
39,10,-0.002344,0.031056,0.276378
39,11,-0.030070,-0.146955,0.000000
39,12,0.030070,0.146955,0.000000
39,13,-0.011843,0.025833,0.310384
39,14,-0.010548,-0.028969,0.284136
39,15,0.026616,0.028947,0.293126
39,16,0.015106,0.002176,0.316084
39,17,-0.009199,0.010198,0.294701
39,18,0.003440,-0.004398,0.319765
39,19,0.036234,-0.023771,0.311652
39,20,0.004201,-0.014839,0.326165
39,21,-0.027639,-0.029570,0.313086
39,22,-0.016358,-0.007872,0.316054
39,23,-0.003372,-0.028962,0.287277
39,24,-0.001508,-0.038145,0.278346
40,0,0.000000,0.000000,0.000000
40,1,0.021077,-0.001049,0.326741
40,2,0.003251,0.009212,0.260651
40,3,0.008427,-0.014671,0.282830
40,4,0.023247,0.025490,0.304469
40,5,-0.033192,-0.197226,0.600000
40,6,0.033192,0.197226,0.600000
40,7,0.001807,0.019623,0.284936
40,8,0.044151,-0.020351,0.298076
40,9,-0.020605,-0.002475,0.342876
40,10,0.012478,0.011558,0.334075
40,11,-0.024894,-0.147920,0.000000
40,12,0.024894,0.147920,0.000000
40,13,-0.023770,0.003055,0.285092
40,14,-0.044185,0.019315,0.343974
40,15,0.010388,-0.025503,0.328796
40,16,-0.017585,0.016081,0.313284
40,17,-0.000863,0.021234,0.300362
40,18,0.010187,0.043897,0.279896
40,19,-0.007434,-0.012896,0.298021
40,20,-0.008355,0.029253,0.280722
40,21,0.015517,0.014337,0.311821
40,22,-0.017186,0.016372,0.297331
40,23,0.024397,0.012706,0.315467
40,24,-0.007130,0.004076,0.322449
41,0,0.000000,0.000000,0.000000
41,1,0.000321,-0.020835,0.364641
41,2,-0.018626,-0.000888,0.277513
41,3,-0.037296,-0.016468,0.312653
41,4,0.030220,0.038862,0.311538
41,5,-0.026250,-0.198270,0.600000
41,6,0.026250,0.198270,0.600000
41,7,0.034563,-0.027911,0.284438
41,8,0.037080,0.017867,0.293227
41,9,-0.009201,0.011081,0.314710
41,10,0.030659,0.001022,0.309965
41,11,-0.019688,-0.148702,0.000000
41,12,0.019688,0.148702,0.000000
41,13,0.000760,0.018784,0.317472
41,14,-0.009884,0.019277,0.261787
41,15,0.003578,-0.009403,0.269613
41,16,-0.019037,-0.020640,0.293024
41,17,0.004416,-0.012403,0.307585
41,18,0.023328,-0.015080,0.277570
41,19,0.042770,0.002671,0.290974
41,20,-0.011069,0.006678,0.331950
41,21,0.020132,0.008915,0.298104
41,22,-0.015148,-0.019067,0.311603
41,23,-0.004769,0.008786,0.320174
41,24,0.026972,-0.007245,0.272902
42,0,0.000000,0.000000,0.000000
42,1,0.031084,-0.021684,0.301042
42,2,-0.003291,0.020174,0.318648
42,3,0.017389,-0.004879,0.299773
42,4,0.014490,-0.009971,0.308231
42,5,-0.019276,-0.199069,0.600000
42,6,0.019276,0.199069,0.600000
42,7,0.004115,0.014170,0.283310
42,8,-0.015627,0.009460,0.278839
42,9,-0.005195,-0.014591,0.286601
42,10,-0.015945,0.007686,0.299891
42,11,-0.014457,-0.149302,0.000000
42,12,0.014457,0.149302,0.000000
42,13,0.017246,0.002157,0.303949
42,14,0.036486,0.028022,0.295014
42,15,0.001357,0.021390,0.265121
42,16,-0.003663,-0.007010,0.276327
42,17,-0.002222,-0.033784,0.348038
42,18,-0.001551,0.000162,0.271337
42,19,0.003504,0.038655,0.295305
42,20,0.017951,0.020969,0.246122
42,21,-0.008280,-0.005823,0.285747
42,22,-0.028127,-0.015097,0.266239
42,23,0.005892,0.010061,0.316825
42,24,-0.006151,-0.016859,0.324425
43,0,0.000000,0.000000,0.000000
43,1,-0.003628,0.006308,0.320658
43,2,-0.017841,0.002653,0.320499
43,3,0.003067,-0.003403,0.322149
43,4,-0.016336,-0.017868,0.305558
43,5,-0.012278,-0.199623,0.600000
43,6,0.012278,0.199623,0.600000
43,7,-0.018583,-0.001674,0.288004
43,8,-0.007191,0.013896,0.308743
43,9,-0.007031,-0.004513,0.299587
43,10,0.000489,-0.005180,0.293429
43,11,-0.009208,-0.149717,0.000000
43,12,0.009208,0.149717,0.000000
43,13,0.032309,-0.001925,0.302068
43,14,-0.028919,-0.013656,0.334969
43,15,0.036517,-0.004222,0.270567
43,16,0.017895,-0.016637,0.324940
43,17,-0.003130,-0.009840,0.295884
43,18,0.019400,-0.006231,0.279291
43,19,-0.025901,-0.002925,0.293948
43,20,0.001196,-0.007382,0.299933
43,21,-0.007544,0.022584,0.294210
43,22,0.010255,0.003851,0.284548
43,23,-0.027919,0.012068,0.299230
43,24,0.028082,-0.007864,0.313017
44,0,0.000000,0.000000,0.000000
44,1,-0.018791,-0.007226,0.286053
44,2,-0.004739,0.000571,0.289237
44,3,-0.000188,0.012468,0.276142
44,4,-0.001027,-0.012503,0.287544
44,5,-0.005265,-0.199931,0.600000
44,6,0.005265,0.199931,0.600000
44,7,0.011921,0.001280,0.316012
44,8,-0.004683,0.000450,0.287780
44,9,0.005942,-0.001288,0.293074
44,10,0.017075,-0.029874,0.280166
44,11,-0.003948,-0.149948,0.000000
44,12,0.003948,0.149948,0.000000
44,13,-0.022850,0.000185,0.297748
44,14,0.003824,-0.002247,0.300497
44,15,0.025567,-0.002918,0.297625
44,16,-0.013090,0.037864,0.280533
44,17,0.000949,-0.012586,0.270173
44,18,-0.011573,-0.022694,0.284054
44,19,0.002997,0.014182,0.304141
44,20,0.019647,0.009259,0.272618
44,21,0.010882,0.000633,0.316442
44,22,0.005393,-0.008603,0.283594
44,23,-0.002037,0.011307,0.301323
44,24,0.008681,0.007639,0.277963
45,0,0.000000,0.000000,0.000000
45,1,-0.011744,-0.035206,0.292646
45,2,-0.020589,0.006572,0.316489
45,3,-0.011638,-0.006239,0.309451
45,4,-0.014355,0.013018,0.252087
45,5,0.001755,-0.199992,0.600000
45,6,-0.001755,0.199992,0.600000
45,7,-0.012187,0.001953,0.265530
45,8,0.024269,-0.010479,0.297409
45,9,-0.002613,-0.001530,0.292632
45,10,-0.023950,0.007249,0.304862
45,11,0.001316,-0.149994,0.000000
45,12,-0.001316,0.149994,0.000000
45,13,-0.003930,-0.013453,0.286655
45,14,-0.012634,-0.002290,0.300568
45,15,0.017195,0.032025,0.351599
45,16,-0.029740,0.008000,0.326492
45,17,-0.004468,0.014227,0.277063
45,18,0.008832,-0.003555,0.334205
45,19,-0.017768,0.031262,0.308802
45,20,-0.015411,-0.016793,0.306324
45,21,0.037920,0.035047,0.268910
45,22,0.002647,0.020226,0.302466
45,23,-0.004734,-0.011653,0.328066
45,24,-0.000298,0.027708,0.306023
46,0,0.000000,0.000000,0.000000
46,1,0.015204,-0.002072,0.302168
46,2,0.013111,0.032144,0.303441
46,3,0.010601,0.003543,0.307317
46,4,0.035261,0.000591,0.294839
46,5,0.008773,-0.199808,0.600000
46,6,-0.008773,0.199808,0.600000
46,7,-0.011815,-0.015023,0.300700
46,8,-0.031124,0.010647,0.337404
46,9,0.007475,0.014227,0.297317
46,10,0.028116,0.018200,0.290309
46,11,0.006579,-0.149856,0.000000
46,12,-0.006579,0.149856,0.000000
46,13,0.040614,-0.007291,0.303676
46,14,0.007153,0.029849,0.286905
46,15,0.011447,-0.021208,0.280249
46,16,-0.026647,0.028400,0.297151
46,17,-0.012484,-0.023974,0.333477
46,18,-0.024999,-0.000499,0.305441
46,19,0.013086,0.004112,0.332966
46,20,0.016438,0.032520,0.305027
46,21,0.025172,-0.013971,0.275811
46,22,-0.002076,-0.001021,0.292507
46,23,-0.020218,0.027359,0.323354
46,24,-0.011946,-0.013698,0.319824
47,0,0.000000,0.000000,0.000000
47,1,-0.001881,-0.014499,0.288545
47,2,0.003336,0.010045,0.335821
47,3,-0.020817,0.016742,0.318117
47,4,0.004837,-0.002939,0.308694
47,5,0.015779,-0.199377,0.600000
47,6,-0.015779,0.199377,0.600000
47,7,-0.006685,-0.000109,0.292913
47,8,0.003557,-0.038799,0.304715
47,9,-0.018318,-0.006036,0.275570
47,10,-0.015434,0.036619,0.318276
47,11,0.011834,-0.149532,0.000000
47,12,-0.011834,0.149532,0.000000
47,13,-0.031909,-0.002774,0.334923
47,14,0.011765,-0.003709,0.318191
47,15,-0.001407,0.015059,0.286605
47,16,-0.001161,-0.025756,0.293263
47,17,0.015564,0.005202,0.299494
47,18,-0.019197,-0.011730,0.285777
47,19,-0.010265,-0.032740,0.325732
47,20,0.018324,0.000336,0.306230
47,21,0.002224,-0.015182,0.266398
47,22,-0.007206,-0.011986,0.281866
47,23,0.039286,-0.012871,0.292442
47,24,0.010947,-0.012535,0.284666
48,0,0.000000,0.000000,0.000000
48,1,-0.022852,0.016699,0.283517
48,2,-0.009254,-0.011487,0.275341
48,3,-0.013214,-0.007798,0.305257
48,4,0.002136,0.035590,0.314234
48,5,0.022767,-0.198700,0.600000
48,6,-0.022767,0.198700,0.600000
48,7,0.017919,-0.005394,0.291583
48,8,0.031765,-0.002861,0.274076
48,9,-0.021344,0.002678,0.286074
48,10,-0.005926,-0.002921,0.292869
48,11,0.017075,-0.149025,0.000000
48,12,-0.017075,0.149025,0.000000
48,13,-0.007944,0.053025,0.279838
48,14,0.015932,0.002443,0.301489
48,15,-0.010587,-0.001400,0.304782
48,16,-0.020563,-0.009184,0.306889
48,17,0.022151,0.019501,0.286726
48,18,0.013944,0.019686,0.303576
48,19,-0.006235,0.037146,0.272579
48,20,-0.004674,0.012094,0.312515
48,21,-0.008495,0.008521,0.286628
48,22,-0.009464,0.004080,0.281960
48,23,0.000176,-0.015685,0.321602
48,24,-0.009248,-0.014423,0.302186
49,0,0.000000,0.000000,0.000000
49,1,-0.008773,-0.032216,0.303201
49,2,-0.018141,-0.004821,0.335951
49,3,0.001123,-0.065932,0.297435
49,4,-0.023296,-0.044411,0.305613
49,5,0.029726,-0.197779,0.600000
49,6,-0.029726,0.197779,0.600000
49,7,-0.004013,0.008345,0.307728
49,8,-0.002346,0.031451,0.304390
49,9,-0.039403,-0.046635,0.300350
49,10,-0.017291,0.000386,0.282784
49,11,0.022294,-0.148334,0.000000
49,12,-0.022294,0.148334,0.000000
49,13,-0.023209,-0.017843,0.319030
49,14,0.004592,-0.013691,0.306958
49,15,0.002040,-0.033490,0.295366
49,16,0.011867,0.004748,0.305679
49,17,0.006612,0.007001,0.272555
49,18,-0.004558,-0.013548,0.292092
49,19,-0.006056,-0.014028,0.299368
49,20,0.001440,-0.021549,0.271988
49,21,-0.026022,-0.044002,0.306044
49,22,-0.009207,0.002604,0.287090
49,23,0.012812,-0.005943,0.297247
49,24,0.006346,0.047743,0.261390
50,0,0.000000,0.000000,0.000000
50,1,-0.017223,0.001252,0.286204
50,2,0.007813,-0.015571,0.287038
50,3,0.018858,0.010365,0.286864
50,4,0.006090,0.001219,0.313813
50,5,0.036648,-0.196614,0.600000
50,6,-0.036648,0.196614,0.600000
50,7,-0.012244,-0.016180,0.311921
50,8,-0.007156,-0.015957,0.275077
50,9,0.005934,-0.011426,0.298849
50,10,0.008205,0.029316,0.299480
50,11,0.027486,-0.147460,0.000000
50,12,-0.027486,0.147460,0.000000
50,13,0.009563,0.007964,0.278167
50,14,0.004123,0.004149,0.310320
50,15,0.000709,0.011581,0.304022
50,16,0.025192,0.031209,0.314545
50,17,-0.006884,-0.009364,0.334225
50,18,-0.006019,-0.017359,0.300831
50,19,-0.002660,-0.002797,0.304035
50,20,0.010575,-0.002481,0.336511
50,21,0.007160,0.009511,0.322523
50,22,0.035507,0.022319,0.287934
50,23,-0.009315,-0.002152,0.268436
50,24,0.002894,-0.003732,0.256027
51,0,0.000000,0.000000,0.000000
51,1,0.024513,0.003593,0.297005
51,2,-0.015616,-0.033733,0.290395
51,3,0.034460,-0.006237,0.285765
51,4,0.000813,-0.009159,0.291468
51,5,0.043526,-0.195206,0.600000
51,6,-0.043526,0.195206,0.600000
51,7,0.034134,-0.024179,0.265093
51,8,0.025253,0.032360,0.314152
51,9,-0.033275,0.009514,0.306669
51,10,-0.030105,-0.010276,0.264295
51,11,0.032644,-0.146405,0.000000
51,12,-0.032644,0.146405,0.000000
51,13,0.019302,0.014445,0.329230
51,14,0.008747,0.005603,0.304451
51,15,0.009975,-0.026771,0.273371
51,16,-0.045339,-0.007986,0.302598
51,17,-0.000644,0.024682,0.311937
51,18,0.004254,-0.004421,0.322168
51,19,-0.008671,-0.007142,0.319447
51,20,0.033979,0.037790,0.299235
51,21,-0.002886,0.057931,0.298113
51,22,0.015328,0.019829,0.328102
51,23,0.002264,0.007811,0.340132
51,24,0.017380,-0.028301,0.284987
52,0,0.000000,0.000000,0.000000
52,1,0.016448,0.011054,0.288197
52,2,-0.003361,-0.007784,0.321974
52,3,-0.003086,-0.007935,0.291026
52,4,-0.075701,0.006876,0.320895
52,5,0.050350,-0.193559,0.600000
52,6,-0.050350,0.193559,0.600000
52,7,0.012575,0.008560,0.299692
52,8,-0.016564,0.009588,0.274389
52,9,0.023825,0.008795,0.302477
52,10,-0.008116,0.006164,0.256806
52,11,0.037762,-0.145169,0.000000
52,12,-0.037762,0.145169,0.000000
52,13,0.025240,-0.034159,0.314268
52,14,0.010283,0.024421,0.291076
52,15,0.012602,-0.030735,0.278907
52,16,0.019806,-0.001025,0.270497
52,17,0.017201,-0.026504,0.336689
52,18,-0.018351,0.018913,0.295246
52,19,-0.034894,-0.000252,0.291618
52,20,-0.004629,0.035283,0.308069
52,21,0.017150,-0.016865,0.307345
52,22,-0.001731,0.021182,0.327728
52,23,0.014278,-0.039637,0.280870
52,24,-0.046091,-0.015237,0.279498
53,0,0.000000,0.000000,0.000000
53,1,0.001865,0.003363,0.300023
53,2,0.025171,-0.010979,0.318400
53,3,0.010186,0.014261,0.348857
53,4,0.022837,0.046840,0.283327
53,5,0.057112,-0.191672,0.600000
53,6,-0.057112,0.191672,0.600000
53,7,0.001405,0.027411,0.303355
53,8,0.010613,-0.013340,0.309549
53,9,0.041040,0.006334,0.310487
53,10,-0.079362,0.030329,0.345719
53,11,0.042834,-0.143754,0.000000
53,12,-0.042834,0.143754,0.000000
53,13,0.029365,-0.005643,0.344764
53,14,-0.004272,0.001392,0.289194
53,15,0.001771,0.014573,0.322095
53,16,0.017957,0.053558,0.278237
53,17,-0.023645,0.001387,0.284733
53,18,-0.015252,-0.033442,0.282484
53,19,-0.001124,0.007058,0.299419
53,20,0.024561,0.016821,0.308488
53,21,-0.005376,0.015030,0.329887
53,22,0.009026,0.014666,0.311063
53,23,0.005140,0.025486,0.307517
53,24,-0.007949,-0.037708,0.300543
54,0,0.000000,0.000000,0.000000
54,1,0.032826,-0.036814,0.279551
54,2,0.016474,-0.010937,0.274524
54,3,0.036314,-0.000087,0.317053
54,4,-0.028795,-0.023174,0.331444
54,5,0.063803,-0.189550,0.600000
54,6,-0.063803,0.189550,0.600000
54,7,0.004982,0.000148,0.249563
54,8,0.030496,0.028521,0.313404
54,9,-0.020092,0.009493,0.300198
54,10,-0.023131,0.002870,0.267973
54,11,0.047852,-0.142162,0.000000
54,12,-0.047852,0.142162,0.000000
54,13,0.028006,0.017445,0.311529
54,14,-0.023492,0.002469,0.285528
54,15,0.008996,0.000313,0.292307
54,16,0.017045,-0.006436,0.322911
54,17,-0.007255,-0.011231,0.325217
54,18,0.006589,0.029493,0.279645
54,19,-0.048423,0.008069,0.304101
54,20,-0.032106,0.014649,0.311597
54,21,0.023886,-0.009482,0.308506
54,22,-0.022476,0.023435,0.297448
54,23,0.016585,0.007428,0.304897
54,24,0.023630,-0.022963,0.316395
55,0,0.000000,0.000000,0.000000
55,1,0.020278,0.007921,0.282823
55,2,0.009139,0.003299,0.255332
55,3,-0.013629,-0.022246,0.320070
55,4,-0.016430,0.014656,0.310949
55,5,0.070416,-0.187194,0.600000
55,6,-0.070416,0.187194,0.600000
55,7,0.000969,-0.007667,0.324501
55,8,-0.000108,0.025315,0.304243
55,9,-0.003692,-0.016939,0.335702
55,10,0.008800,-0.027983,0.323336
55,11,0.052812,-0.140396,0.000000
55,12,-0.052812,0.140396,0.000000
55,13,0.000140,-0.006845,0.306906
55,14,-0.007067,-0.019428,0.302797
55,15,0.016848,-0.014301,0.292818
55,16,0.003353,0.024084,0.307671
55,17,0.022437,-0.004622,0.302990
55,18,-0.001206,-0.013811,0.302883
55,19,-0.006475,0.007767,0.307115
55,20,0.033336,-0.017983,0.298817
55,21,-0.036158,-0.011259,0.293534
55,22,-0.014710,0.011838,0.315290
55,23,0.014908,0.024391,0.286632
55,24,-0.012991,0.007227,0.323425
56,0,0.000000,0.000000,0.000000
56,1,-0.017206,0.051524,0.271094
56,2,0.006691,0.016443,0.293574
56,3,0.022671,0.015213,0.320745
56,4,0.004472,-0.001522,0.304680
56,5,0.076942,-0.184608,0.600000
56,6,-0.076942,0.184608,0.600000
56,7,0.006400,-0.006532,0.284563
56,8,0.014091,0.031889,0.290924
56,9,0.026001,0.000442,0.319921
56,10,-0.029268,0.014109,0.307251
56,11,0.057706,-0.138456,0.000000
56,12,-0.057706,0.138456,0.000000
56,13,0.021213,-0.038172,0.279714
56,14,0.004069,0.024754,0.285120
56,15,-0.017531,0.000100,0.277907
56,16,-0.031917,-0.002989,0.306543
56,17,0.016809,0.011644,0.330393
56,18,-0.000086,-0.021805,0.273369
56,19,-0.041485,0.016280,0.297325
56,20,-0.040426,0.008587,0.308403
56,21,-0.017572,0.028892,0.290427
56,22,0.018149,-0.002179,0.315022
56,23,0.008998,-0.011097,0.285199
56,24,0.032158,-0.022688,0.292901
57,0,0.000000,0.000000,0.000000
57,1,-0.013822,-0.007453,0.294063
57,2,0.000344,0.032374,0.319081
57,3,-0.023186,0.026271,0.336746
57,4,-0.012695,0.016323,0.309824
57,5,0.083373,-0.181794,0.600000
57,6,-0.083373,0.181794,0.600000
57,7,-0.014694,0.008877,0.296823
57,8,-0.002581,0.019855,0.262490
57,9,0.017545,-0.022566,0.312574
57,10,-0.039719,0.005092,0.303283
57,11,0.062530,-0.136345,0.000000
57,12,-0.062530,0.136345,0.000000
57,13,-0.012050,-0.011857,0.306310
57,14,-0.007344,0.033188,0.285992
57,15,-0.007845,-0.011121,0.294797
57,16,0.017458,0.027661,0.301414
57,17,0.001879,0.024274,0.293516
57,18,0.004849,0.023206,0.293587
57,19,0.002026,0.005579,0.311036
57,20,0.027430,0.006374,0.294903
57,21,-0.026099,0.019545,0.309338
57,22,-0.000519,0.000248,0.323216
57,23,0.027058,0.011525,0.324507
57,24,-0.022277,-0.016715,0.319313
58,0,0.000000,0.000000,0.000000
58,1,-0.014962,-0.044310,0.297944
58,2,-0.010606,-0.007199,0.350972
58,3,-0.027932,-0.000689,0.284640
58,4,0.013578,0.031745,0.310930
58,5,0.089702,-0.178756,0.600000
58,6,-0.089702,0.178756,0.600000
58,7,-0.021676,-0.011059,0.321383
58,8,0.026777,0.004137,0.332904
58,9,-0.006413,0.005926,0.290144
58,10,-0.009447,0.005856,0.312538
58,11,0.067276,-0.134067,0.000000
58,12,-0.067276,0.134067,0.000000
58,13,0.004514,0.022933,0.298164
58,14,-0.008471,-0.002627,0.266521
58,15,0.016001,-0.000992,0.305847
58,16,0.020155,-0.009678,0.341075
58,17,0.013406,0.019794,0.286499
58,18,0.002300,-0.044433,0.287355
58,19,-0.044365,0.025209,0.290536
58,20,0.003576,0.002553,0.307264
58,21,-0.016591,0.016903,0.314616
58,22,0.030538,-0.015844,0.320244
58,23,0.029772,-0.007773,0.331218
58,24,-0.040932,0.005843,0.287191
59,0,0.000000,0.000000,0.000000
59,1,-0.030631,-0.003224,0.333109
59,2,0.012230,0.006729,0.281252
59,3,-0.009729,-0.010451,0.289205
59,4,-0.001713,-0.012889,0.302831
59,5,0.095920,-0.175498,0.600000
59,6,-0.095920,0.175498,0.600000
59,7,-0.040400,0.002203,0.264384
59,8,0.020951,0.013500,0.262917
59,9,0.016785,0.020649,0.296308
59,10,-0.007957,0.026573,0.313091
59,11,0.071940,-0.131623,0.000000
59,12,-0.071940,0.131623,0.000000
59,13,-0.040056,0.030520,0.279054
59,14,0.044225,-0.004226,0.319196
59,15,0.005042,0.010709,0.294336
59,16,-0.011199,-0.008188,0.316326
59,17,0.028219,-0.034884,0.300177
59,18,0.002363,0.021461,0.277452
59,19,0.004822,0.001401,0.311521
59,20,0.011614,-0.016491,0.344039
59,21,-0.005700,0.012775,0.304680
59,22,-0.013428,-0.004086,0.313349
59,23,0.009597,0.052176,0.308600
59,24,0.001435,0.016677,0.264202
60,0,0.000000,0.000000,0.000000
60,1,0.005283,-0.036935,0.290868
60,2,-0.010025,-0.020453,0.296005
60,3,0.009768,-0.017872,0.293215
60,4,-0.002142,-0.033404,0.329596
60,5,0.102020,-0.172023,0.600000
60,6,-0.102020,0.172023,0.600000
60,7,-0.011063,-0.000187,0.282106
60,8,-0.022577,0.002541,0.306933
60,9,-0.007168,-0.022650,0.318432
60,10,0.001366,0.040276,0.270474
60,11,0.076515,-0.129017,0.000000
60,12,-0.076515,0.129017,0.000000
60,13,0.010692,-0.006054,0.310896
60,14,-0.001458,-0.022922,0.300004
60,15,0.001741,0.029410,0.292194
60,16,-0.011069,-0.001060,0.271875
60,17,-0.007840,-0.004103,0.301577
60,18,-0.017915,-0.030422,0.305386
60,19,-0.016536,-0.040214,0.297131
60,20,-0.013344,-0.011826,0.319459
60,21,-0.013892,0.014705,0.309020
60,22,-0.004344,-0.016647,0.328182
60,23,-0.004313,0.008734,0.265952
60,24,-0.005820,0.003771,0.275747
61,0,0.000000,0.000000,0.000000
61,1,-0.000910,-0.022303,0.334680
61,2,-0.002293,-0.017592,0.281115
61,3,-0.029861,-0.023494,0.279697
61,4,-0.004961,0.033524,0.300601
61,5,0.107994,-0.168337,0.600000
61,6,-0.107994,0.168337,0.600000
61,7,0.015385,-0.010196,0.276786
61,8,-0.008048,0.025432,0.307896
61,9,-0.012845,0.005271,0.305681
61,10,0.018720,-0.020906,0.325140
61,11,0.080995,-0.126253,0.000000
61,12,-0.080995,0.126253,0.000000
61,13,-0.022123,0.009380,0.325783
61,14,-0.000874,0.036456,0.324367
61,15,-0.017968,-0.035651,0.278242
61,16,-0.025429,0.009429,0.300824
61,17,0.012159,-0.012324,0.319620
61,18,0.041573,0.007763,0.267744
61,19,0.007608,0.018744,0.327005
61,20,-0.009332,-0.016878,0.299699
61,21,0.001147,0.025672,0.290853
61,22,0.006087,-0.000743,0.325243
61,23,0.000187,0.009747,0.294824
61,24,0.004255,0.014990,0.260219
62,0,0.000000,0.000000,0.000000
62,1,-0.003766,-0.014731,0.283034
62,2,0.003114,0.002907,0.316512
62,3,0.032224,-0.018669,0.293457
62,4,0.010453,0.002193,0.332365
62,5,0.113835,-0.164443,0.600000
62,6,-0.113835,0.164443,0.600000
62,7,-0.016394,0.009969,0.281151
62,8,0.019527,0.024184,0.302866
62,9,0.003565,-0.040956,0.285567
62,10,-0.010421,-0.063514,0.288936
62,11,0.085376,-0.123332,0.000000
62,12,-0.085376,0.123332,0.000000
62,13,-0.002888,0.016665,0.273481
62,14,0.016773,0.000337,0.327812
62,15,0.028822,0.032168,0.309463
62,16,-0.006829,0.025139,0.297940
62,17,-0.006248,-0.008850,0.300004
62,18,0.011292,0.021374,0.291805
62,19,0.014145,-0.033670,0.294100
62,20,0.022264,-0.006099,0.290090
62,21,-0.013404,-0.012601,0.279557
62,22,-0.041023,-0.008583,0.282894
62,23,-0.034607,0.007354,0.280813
62,24,0.034380,-0.038480,0.302323
63,0,0.000000,0.000000,0.000000
63,1,0.030572,0.020247,0.263837
63,2,0.004364,0.005834,0.314444
63,3,-0.002480,0.007930,0.330232
63,4,-0.006684,0.013843,0.270354
63,5,0.119536,-0.160347,0.600000
63,6,-0.119536,0.160347,0.600000
63,7,-0.009083,-0.010548,0.332178
63,8,0.036393,-0.022569,0.303283
63,9,-0.006597,0.008462,0.286586
63,10,0.004444,0.000479,0.317328
63,11,0.089652,-0.120260,0.000000
63,12,-0.089652,0.120260,0.000000
63,13,-0.035964,0.024913,0.291768
63,14,-0.026232,0.011133,0.291533
63,15,0.033452,-0.021189,0.297413
63,16,0.019207,-0.010004,0.287926
63,17,0.035737,0.000855,0.297811
63,18,-0.011673,-0.011433,0.292090
63,19,-0.004527,-0.007269,0.286594
63,20,0.019824,-0.028032,0.254963
63,21,0.006212,0.000016,0.278141
63,22,-0.026843,0.014801,0.313395
63,23,-0.012857,-0.002605,0.307523
63,24,-0.024736,0.003848,0.322751
64,0,0.000000,0.000000,0.000000
64,1,0.005522,0.014720,0.320359
64,2,0.004744,-0.009409,0.306732
64,3,0.008298,-0.008350,0.298978
64,4,-0.013225,0.022134,0.279261
64,5,0.125090,-0.156053,0.600000
64,6,-0.125090,0.156053,0.600000
64,7,-0.013513,-0.011025,0.314992
64,8,0.027696,-0.014769,0.300608
64,9,0.021959,-0.012142,0.273207
64,10,-0.000564,-0.011293,0.318667
64,11,0.093817,-0.117040,0.000000
64,12,-0.093817,0.117040,0.000000
64,13,0.011812,0.029241,0.296515
64,14,-0.026682,-0.000633,0.322007
64,15,-0.034922,0.000760,0.333655
64,16,-0.019651,0.017433,0.267152
64,17,0.006583,0.007181,0.300800
64,18,0.012730,0.004552,0.323938
64,19,-0.009833,0.025222,0.266055
64,20,0.045407,0.022224,0.325602
64,21,0.004425,-0.004568,0.294013
64,22,0.029806,0.019361,0.313544
64,23,-0.020453,0.004764,0.303291
64,24,-0.001584,-0.008781,0.275189
65,0,0.000000,0.000000,0.000000
65,1,0.057293,0.011314,0.329456
65,2,-0.037993,0.051550,0.272066
65,3,0.011458,-0.000208,0.315684
65,4,0.004230,0.024414,0.278135
65,5,0.130489,-0.151567,0.600000
65,6,-0.130489,0.151567,0.600000
65,7,-0.001362,0.003187,0.267441
65,8,-0.034722,-0.015856,0.316418
65,9,0.003716,0.039224,0.341529
65,10,-0.012468,0.004483,0.286066
65,11,0.097867,-0.113675,0.000000
65,12,-0.097867,0.113675,0.000000
65,13,0.006458,-0.004866,0.272432
65,14,-0.014743,0.013101,0.291757
65,15,-0.021236,0.035109,0.340259
65,16,-0.003875,0.022994,0.321987
65,17,0.008333,-0.034809,0.298656
65,18,0.015886,-0.002600,0.334727
65,19,-0.000114,0.001454,0.285105
65,20,-0.001077,0.003975,0.300959
65,21,0.016283,0.033200,0.326969
65,22,0.029762,0.001119,0.262040
65,23,-0.022336,-0.014739,0.302672
65,24,-0.028161,0.012036,0.295936
66,0,0.000000,0.000000,0.000000
66,1,0.014622,0.031655,0.278899
66,2,0.009490,-0.028729,0.293982
66,3,0.006402,-0.000984,0.274889
66,4,0.005587,0.001482,0.287650
66,5,0.135728,-0.146894,0.600000
66,6,-0.135728,0.146894,0.600000
66,7,0.003333,0.014409,0.336649
66,8,-0.002503,0.006292,0.259539
66,9,-0.000498,0.000683,0.322241
66,10,-0.000090,0.018220,0.276566
66,11,0.101796,-0.110171,0.000000
66,12,-0.101796,0.110171,0.000000
66,13,0.019578,0.036819,0.300261
66,14,-0.009846,0.026240,0.301566
66,15,0.031371,0.027661,0.295591
66,16,0.016083,-0.013545,0.249640
66,17,-0.014829,-0.015500,0.275295
66,18,-0.041955,0.001827,0.317138
66,19,0.025423,-0.000827,0.277163
66,20,0.018224,-0.001776,0.289027
66,21,0.003885,0.008277,0.285494
66,22,0.000771,-0.019892,0.291339
66,23,-0.025699,0.011124,0.319875
66,24,0.006904,0.020975,0.273383
67,0,0.000000,0.000000,0.000000
67,1,0.024129,-0.008384,0.314293
67,2,0.001791,0.007384,0.311845
67,3,0.014989,0.026197,0.273468
67,4,-0.002598,-0.027077,0.292061
67,5,0.140800,-0.142040,0.600000
67,6,-0.140800,0.142040,0.600000
67,7,0.004664,0.009687,0.335873
67,8,0.005067,0.003017,0.294964
67,9,-0.017866,-0.017338,0.317251
67,10,0.016833,0.015132,0.320039
67,11,0.105600,-0.106530,0.000000
67,12,-0.105600,0.106530,0.000000
67,13,0.004302,0.007066,0.263332
67,14,0.012050,0.011819,0.295651
67,15,0.010619,0.015543,0.310710
67,16,-0.007451,-0.031389,0.289994
67,17,-0.011520,0.005424,0.276476
67,18,-0.037533,-0.011839,0.279728
67,19,0.017620,-0.027993,0.310214
67,20,-0.022186,0.012188,0.321454
67,21,0.010598,-0.001045,0.289817
67,22,-0.004421,0.009578,0.314441
67,23,0.000014,0.033038,0.268967
67,24,-0.028223,-0.032510,0.265941
68,0,0.000000,0.000000,0.000000
68,1,0.004928,-0.005183,0.288188
68,2,-0.032661,0.007151,0.296355
68,3,-0.004812,-0.008154,0.291558
68,4,0.030934,0.019130,0.336492
68,5,0.145698,-0.137012,0.600000
68,6,-0.145698,0.137012,0.600000
68,7,0.020926,-0.011400,0.326460
68,8,0.029194,0.016909,0.314840
68,9,0.021828,0.025170,0.290171
68,10,0.029455,0.016849,0.305177
68,11,0.109273,-0.102759,0.000000
68,12,-0.109273,0.102759,0.000000
68,13,-0.001279,-0.028142,0.313001
68,14,-0.010230,0.002808,0.273869
68,15,0.004405,-0.009009,0.246616
68,16,-0.005171,-0.002570,0.316194
68,17,0.009265,0.012632,0.293683
68,18,-0.017552,-0.002732,0.325690
68,19,0.008509,-0.002025,0.291673
68,20,0.024137,0.034268,0.320869
68,21,-0.011664,-0.014529,0.286151
68,22,0.016063,0.015205,0.299454
68,23,-0.019558,-0.020123,0.288122
68,24,0.015680,-0.003703,0.302548
69,0,0.000000,0.000000,0.000000
69,1,0.031540,-0.010934,0.336642
69,2,0.026421,0.004897,0.342666
69,3,-0.036012,0.004058,0.306879
69,4,0.009714,0.001910,0.284864
69,5,0.150416,-0.131814,0.600000
69,6,-0.150416,0.131814,0.600000
69,7,0.028795,0.011925,0.333297
69,8,0.014009,-0.006423,0.252909
69,9,0.000813,0.006318,0.280441
69,10,0.005549,-0.014505,0.308070
69,11,0.112812,-0.098861,0.000000
69,12,-0.112812,0.098861,0.000000
69,13,-0.014104,0.030627,0.301420
69,14,0.016885,-0.011424,0.294135
69,15,0.015457,-0.010876,0.298396
69,16,-0.012191,-0.030035,0.307336
69,17,0.015416,-0.007411,0.341868
69,18,0.006978,0.000554,0.270519
69,19,-0.020424,0.010020,0.314525
69,20,0.007319,-0.022144,0.258745
69,21,-0.005121,0.031822,0.312407
69,22,0.006860,0.015631,0.301602
69,23,-0.037521,0.011591,0.297482
69,24,-0.045247,0.015981,0.252638
70,0,0.000000,0.000000,0.000000
70,1,0.008207,-0.007706,0.289437
70,2,-0.011632,0.005919,0.311456
70,3,0.037347,0.020164,0.325912
70,4,-0.022459,-0.006125,0.299791
70,5,0.154949,-0.126454,0.600000
70,6,-0.154949,0.126454,0.600000
70,7,-0.008266,-0.004612,0.329587
70,8,0.017024,0.026141,0.307625
70,9,-0.009834,0.005643,0.317605
70,10,-0.000071,0.040738,0.331202
70,11,0.116212,-0.094841,0.000000
70,12,-0.116212,0.094841,0.000000
70,13,0.007002,0.006505,0.326964
70,14,0.019261,0.024947,0.265638
70,15,-0.044395,-0.001204,0.298658
70,16,-0.030328,0.022630,0.296308
70,17,-0.001049,-0.013841,0.281283
70,18,0.013518,0.000350,0.297370
70,19,-0.007949,0.012087,0.312281
70,20,-0.025785,0.002547,0.262121
70,21,0.008969,0.008615,0.305154
70,22,-0.033390,-0.047586,0.282223
70,23,-0.003838,-0.024718,0.273822
70,24,0.008538,-0.038480,0.338765
71,0,0.000000,0.000000,0.000000
71,1,0.019220,0.016667,0.313711
71,2,-0.007031,0.002583,0.300639
71,3,0.042247,0.003966,0.302837
71,4,-0.010919,0.010433,0.318541
71,5,0.159292,-0.120938,0.600000
71,6,-0.159292,0.120938,0.600000
71,7,-0.024729,0.030101,0.285051
71,8,-0.008020,-0.009100,0.308411
71,9,0.030518,-0.001932,0.302957
71,10,0.016203,0.051480,0.346376
71,11,0.119469,-0.090704,0.000000
71,12,-0.119469,0.090704,0.000000
71,13,0.011862,-0.027911,0.273189
71,14,0.003675,-0.047854,0.309543
71,15,-0.014577,0.011176,0.305014
71,16,0.012819,-0.019484,0.322998
71,17,-0.028017,-0.020122,0.292914
71,18,0.041070,-0.017291,0.283059
71,19,0.081159,-0.047175,0.261625
71,20,0.003458,-0.004584,0.330082
71,21,-0.006178,0.013023,0.314203
71,22,-0.004584,-0.014921,0.324447
71,23,0.006999,-0.008888,0.309949
71,24,0.029104,-0.011880,0.346465
72,0,0.000000,0.000000,0.000000
72,1,0.040498,0.008773,0.314651
72,2,-0.010523,0.004681,0.305938
72,3,0.032380,0.003893,0.287271
72,4,0.008477,-0.007012,0.290849
72,5,0.163438,-0.115274,0.600000
72,6,-0.163438,0.115274,0.600000
72,7,0.029354,0.029070,0.318928
72,8,-0.006363,-0.027352,0.264421
72,9,-0.010187,-0.006873,0.283943
72,10,-0.025102,0.000508,0.324518
72,11,0.122578,-0.086455,0.000000
72,12,-0.122578,0.086455,0.000000
72,13,-0.032557,-0.003974,0.310795
72,14,0.037360,0.022416,0.303026
72,15,-0.016419,0.004107,0.334361
72,16,-0.051384,-0.005076,0.325071
72,17,0.004893,0.009509,0.309411
72,18,-0.017346,0.017062,0.298512
72,19,0.006556,-0.017501,0.315502
72,20,-0.017137,0.000201,0.311985
72,21,-0.002272,0.021899,0.296196
72,22,-0.000671,-0.034965,0.272590
72,23,-0.002188,-0.008646,0.308944
72,24,0.008076,0.027894,0.310371
73,0,0.000000,0.000000,0.000000
73,1,0.015691,0.010382,0.306227
73,2,-0.015425,-0.006567,0.289224
73,3,-0.037675,-0.020405,0.313774
73,4,0.009417,-0.005624,0.296685
73,5,0.167383,-0.109467,0.600000
73,6,-0.167383,0.109467,0.600000
73,7,-0.018244,0.008846,0.303298
73,8,0.005367,0.003933,0.310826
73,9,-0.021131,-0.016371,0.306541
73,10,0.027058,-0.028527,0.305474
73,11,0.125537,-0.082100,0.000000
73,12,-0.125537,0.082100,0.000000
73,13,0.002647,0.005124,0.314368
73,14,-0.003780,-0.012620,0.299602
73,15,0.020376,-0.003175,0.298476
73,16,0.023242,-0.004264,0.290572
73,17,-0.008824,0.018863,0.289644
73,18,-0.008160,-0.038214,0.323991
73,19,0.006259,0.024861,0.311654
73,20,-0.034815,-0.031043,0.300993
73,21,0.020533,0.034009,0.288490
73,22,0.023863,-0.007983,0.307497
73,23,-0.010239,-0.021097,0.306800
73,24,0.005856,-0.024726,0.305560
74,0,0.000000,0.000000,0.000000
74,1,0.034986,0.032497,0.272004
74,2,-0.032502,0.030662,0.289762
74,3,-0.008786,-0.033032,0.338494
74,4,0.004469,-0.031244,0.323184
74,5,0.171121,-0.103525,0.600000
74,6,-0.171121,0.103525,0.600000
74,7,-0.004680,-0.023776,0.299518
74,8,-0.036112,0.001956,0.317848
74,9,0.013754,0.012695,0.307007
74,10,0.007516,-0.008182,0.301114
74,11,0.128341,-0.077644,0.000000
74,12,-0.128341,0.077644,0.000000
74,13,0.007288,-0.010356,0.273225
74,14,0.010743,0.002425,0.302660
74,15,-0.013386,-0.026816,0.317211
74,16,-0.048715,0.002654,0.278842
74,17,-0.009574,-0.032024,0.298516
74,18,0.000167,0.036105,0.261022
74,19,-0.012872,-0.009514,0.297291
74,20,-0.025215,0.009252,0.328922
74,21,-0.009641,-0.010905,0.333633
74,22,-0.018915,0.009774,0.284263
74,23,0.015121,0.003367,0.344991
74,24,-0.027392,-0.017583,0.262548
75,0,0.000000,0.000000,0.000000
75,1,-0.032670,-0.014397,0.301644
75,2,0.009383,0.005465,0.295712
75,3,-0.003335,-0.006281,0.292661
75,4,-0.024212,0.005105,0.295384
75,5,0.174649,-0.097456,0.600000
75,6,-0.174649,0.097456,0.600000
75,7,0.012393,-0.024781,0.295778
75,8,-0.018871,-0.025173,0.269454
75,9,0.020912,0.000896,0.263510
75,10,-0.014348,-0.017905,0.308477
75,11,0.130987,-0.073092,0.000000
75,12,-0.130987,0.073092,0.000000
75,13,-0.011806,-0.008601,0.298177
75,14,0.037820,-0.002919,0.306030
75,15,0.024912,-0.002168,0.297914
75,16,-0.033779,-0.020481,0.374527
75,17,-0.015068,-0.017215,0.278775
75,18,0.025378,-0.008741,0.299763
75,19,-0.010569,0.007090,0.308444
75,20,0.013950,-0.027905,0.322991
75,21,0.050682,-0.025659,0.287234
75,22,0.023630,0.002889,0.316128
75,23,0.027791,-0.027471,0.300091
75,24,0.018747,0.005713,0.295574
76,0,0.000000,0.000000,0.000000
76,1,0.008332,0.024472,0.316003
76,2,0.033457,0.015861,0.294149
76,3,-0.022158,0.027443,0.312901
76,4,-0.002796,-0.013362,0.301709
76,5,0.177962,-0.091267,0.600000
76,6,-0.177962,0.091267,0.600000
76,7,-0.015767,-0.009395,0.315807
76,8,-0.016485,-0.010325,0.326318
76,9,-0.000511,0.033762,0.300451
76,10,-0.016484,0.015135,0.301768
76,11,0.133471,-0.068450,0.000000
76,12,-0.133471,0.068450,0.000000
76,13,0.007544,0.022185,0.326204
76,14,0.048018,0.025573,0.279899
76,15,-0.019971,0.018484,0.279525
76,16,-0.025983,-0.010179,0.290822
76,17,0.005161,0.002140,0.273745
76,18,0.016102,-0.035769,0.315414
76,19,-0.020177,0.009452,0.274396
76,20,0.000286,-0.058763,0.295775
76,21,0.000791,-0.007084,0.344705
76,22,0.000868,-0.015374,0.311705
76,23,0.029589,-0.014110,0.268794
76,24,0.008214,-0.002390,0.305454
77,0,0.000000,0.000000,0.000000
77,1,0.007521,-0.016612,0.262632
77,2,0.040090,-0.022911,0.295163
77,3,0.010880,-0.017885,0.297614
77,4,0.009516,-0.032603,0.309507
77,5,0.181055,-0.084965,0.600000
77,6,-0.181055,0.084965,0.600000
77,7,-0.013530,0.015625,0.279038
77,8,-0.020397,0.006057,0.298172
77,9,0.022771,-0.033641,0.316419
77,10,0.011573,-0.012762,0.286933
77,11,0.135791,-0.063724,0.000000
77,12,-0.135791,0.063724,0.000000
77,13,0.011215,0.001137,0.319142
77,14,-0.023767,0.033280,0.289554
77,15,0.012682,0.025182,0.293864
77,16,-0.003635,-0.027815,0.315427
77,17,0.009999,-0.019274,0.310449
77,18,0.031807,0.032084,0.313868
77,19,0.008777,-0.018059,0.286238
77,20,0.019365,0.016313,0.317095
77,21,0.004316,-0.028964,0.290418
77,22,-0.012044,0.008552,0.300868
77,23,-0.001249,0.025481,0.339336
77,24,0.018257,-0.010013,0.306673
78,0,0.000000,0.000000,0.000000
78,1,0.016135,-0.044211,0.300359
78,2,-0.016174,-0.031380,0.310107
78,3,-0.007680,0.054499,0.295965
78,4,0.041027,0.045213,0.282020
78,5,0.183925,-0.078559,0.600000
78,6,-0.183925,0.078559,0.600000
78,7,-0.010512,0.013230,0.308569
78,8,-0.031412,0.005002,0.305059
78,9,0.033764,0.002528,0.300925
78,10,-0.014384,-0.030347,0.328321
78,11,0.137944,-0.058919,0.000000
78,12,-0.137944,0.058919,0.000000
78,13,-0.035317,0.014516,0.280913
78,14,-0.016185,-0.005084,0.316628
78,15,0.033520,-0.008802,0.275314
78,16,0.007556,0.026072,0.289981
78,17,-0.015363,-0.014943,0.286501
78,18,-0.031830,-0.009891,0.331839
78,19,-0.030142,0.009436,0.294053
78,20,0.006600,0.025607,0.298420
78,21,0.032443,-0.001860,0.332658
78,22,-0.023038,0.018955,0.309252
78,23,0.013295,-0.029462,0.324099
78,24,-0.005962,0.001783,0.299124
79,0,0.000000,0.000000,0.000000
79,1,0.015985,0.009205,0.285624
79,2,-0.002278,-0.005999,0.315293
79,3,-0.010731,-0.005714,0.300127
79,4,0.000674,0.012823,0.315633
79,5,0.186569,-0.072056,0.600000
79,6,-0.186569,0.072056,0.600000
79,7,-0.017369,0.021813,0.312596
79,8,-0.003545,-0.032801,0.304667
79,9,-0.003255,0.037508,0.269743
79,10,0.000565,0.004196,0.324689
79,11,0.139927,-0.054042,0.000000
79,12,-0.139927,0.054042,0.000000
79,13,-0.002513,0.024530,0.293013
79,14,-0.001237,0.039037,0.266230
79,15,-0.009260,-0.041380,0.308194
79,16,0.020804,0.025174,0.290847
79,17,-0.024577,-0.008659,0.271939
79,18,-0.008614,0.029687,0.287807
79,19,-0.005141,-0.000880,0.316342
79,20,-0.005426,0.008437,0.302596
79,21,0.001060,0.030758,0.330451
79,22,-0.009379,-0.013478,0.286965
79,23,-0.032362,0.005039,0.267902
79,24,-0.001194,-0.001040,0.293830
80,0,0.000000,0.000000,0.000000
80,1,-0.010969,0.005858,0.300179
80,2,0.009551,0.008054,0.321053
80,3,-0.007626,0.001916,0.268786
80,4,0.014962,-0.013823,0.296907
80,5,0.188983,-0.065464,0.600000
80,6,-0.188983,0.065464,0.600000
80,7,0.000534,0.046558,0.297853
80,8,0.003980,-0.017422,0.303076
80,9,-0.013139,-0.008452,0.288754
80,10,-0.018391,0.013631,0.327951
80,11,0.141737,-0.049098,0.000000
80,12,-0.141737,0.049098,0.000000
80,13,-0.041406,0.011939,0.287951
80,14,0.005036,-0.002233,0.315209
80,15,0.010380,-0.001426,0.304754
80,16,0.022114,0.014232,0.308574
80,17,-0.029513,0.003221,0.296202
80,18,0.014023,-0.004606,0.294865
80,19,-0.030045,0.024804,0.296228
80,20,-0.003700,-0.005652,0.304846
80,21,-0.003099,0.000995,0.312151
80,22,-0.021856,0.012876,0.296249
80,23,-0.019365,0.005303,0.279336
80,24,-0.017029,0.014818,0.324380
81,0,0.000000,0.000000,0.000000
81,1,-0.011324,-0.006048,0.306136
81,2,-0.005864,0.009804,0.289257
81,3,-0.011708,-0.008506,0.327920
81,4,0.007873,0.010516,0.334112
81,5,0.191164,-0.058791,0.600000
81,6,-0.191164,0.058791,0.600000
81,7,-0.014340,0.012870,0.309404
81,8,-0.050141,0.023112,0.274746
81,9,-0.006306,-0.023758,0.312148
81,10,0.013654,0.005456,0.281273
81,11,0.143373,-0.044093,0.000000
81,12,-0.143373,0.044093,0.000000
81,13,-0.012914,0.006437,0.300709
81,14,0.006632,-0.007542,0.300761
81,15,-0.010426,-0.015252,0.304922
81,16,-0.011620,0.031759,0.308835
81,17,-0.036515,0.002715,0.312298
81,18,0.031815,-0.007742,0.313436
81,19,-0.001563,-0.026788,0.267973
81,20,-0.006567,0.013630,0.310557
81,21,0.015445,-0.005912,0.264444
81,22,0.005706,-0.045510,0.311048
81,23,0.030035,0.009956,0.285348
81,24,0.000808,0.003394,0.305016
82,0,0.000000,0.000000,0.000000
82,1,0.007276,0.003033,0.308614
82,2,0.001316,-0.024160,0.274983
82,3,0.008600,0.021791,0.281315
82,4,-0.004780,-0.021162,0.308163
82,5,0.193109,-0.052046,0.600000
82,6,-0.193109,0.052046,0.600000
82,7,-0.006425,-0.025063,0.301491
82,8,-0.007677,-0.003298,0.309555
82,9,-0.002803,0.000685,0.263913
82,10,0.030576,0.018556,0.317272
82,11,0.144832,-0.039035,0.000000
82,12,-0.144832,0.039035,0.000000
82,13,-0.001707,-0.050666,0.319860
82,14,0.007137,0.023856,0.298730
82,15,0.013044,0.011557,0.298303
82,16,0.012106,0.013365,0.314537
82,17,-0.036898,-0.005401,0.299129
82,18,0.003671,0.023314,0.262456
82,19,0.001524,-0.006856,0.302060
82,20,0.008755,0.018443,0.314642
82,21,-0.037288,-0.001130,0.300197
82,22,-0.005091,-0.008198,0.317488
82,23,-0.025757,0.010484,0.296899
82,24,-0.008685,-0.045731,0.302619
83,0,0.000000,0.000000,0.000000
83,1,0.001203,0.027916,0.320893
83,2,-0.007982,0.013857,0.339054
83,3,-0.046252,-0.002489,0.305616
83,4,0.029484,-0.009046,0.295862
83,5,0.194817,-0.045237,0.600000
83,6,-0.194817,0.045237,0.600000
83,7,-0.011427,0.011937,0.323565
83,8,-0.005892,-0.003315,0.309735
83,9,-0.018461,-0.018782,0.279145
83,10,0.033644,0.002078,0.312223
83,11,0.146113,-0.033928,0.000000
83,12,-0.146113,0.033928,0.000000
83,13,0.022345,-0.004433,0.303784
83,14,-0.002508,-0.028049,0.305154
83,15,-0.008757,-0.004083,0.325635
83,16,-0.010775,0.044762,0.317462
83,17,0.016429,0.022829,0.271124
83,18,-0.008038,-0.002034,0.286677
83,19,-0.019860,-0.009067,0.317475
83,20,0.014484,0.003816,0.304217
83,21,0.015410,-0.015214,0.302749
83,22,0.004979,0.028254,0.309638
83,23,0.020751,0.036313,0.289655
83,24,0.007528,0.031556,0.262978
84,0,0.000000,0.000000,0.000000
84,1,-0.010037,0.041214,0.340736
84,2,-0.001663,0.021480,0.292837
84,3,-0.024355,-0.000207,0.302246
84,4,0.015176,-0.000694,0.326762
84,5,0.196284,-0.038372,0.600000
84,6,-0.196284,0.038372,0.600000
84,7,-0.017325,-0.012930,0.305059
84,8,-0.006102,-0.007744,0.339588
84,9,-0.017006,0.013844,0.296195
84,10,-0.015375,-0.017127,0.309928
84,11,0.147213,-0.028779,0.000000
84,12,-0.147213,0.028779,0.000000
84,13,-0.003077,0.025302,0.304281
84,14,-0.044002,0.028443,0.321549
84,15,0.055060,-0.006153,0.296973
84,16,-0.036734,-0.014244,0.307223
84,17,0.001189,-0.006498,0.322871
84,18,-0.004105,-0.003919,0.303094
84,19,-0.008848,-0.006208,0.290305
84,20,-0.015298,0.018209,0.315810
84,21,-0.022940,0.001173,0.290009
84,22,0.033794,-0.002184,0.307385
84,23,0.016810,0.025560,0.293523
84,24,0.000992,-0.015350,0.304653
85,0,0.000000,0.000000,0.000000
85,1,0.013003,0.033846,0.305363
85,2,-0.003732,-0.030228,0.299129
85,3,0.027260,-0.027454,0.291301
85,4,0.016805,-0.027613,0.315846
85,5,0.197510,-0.031460,0.600000
85,6,-0.197510,0.031460,0.600000
85,7,0.021052,0.027226,0.310104
85,8,0.012181,0.049760,0.324833
85,9,0.003881,0.009855,0.279700
85,10,0.049469,-0.012340,0.304998
85,11,0.148133,-0.023595,0.000000
85,12,-0.148133,0.023595,0.000000
85,13,0.030773,0.003741,0.333744
85,14,-0.015434,0.040015,0.308542
85,15,0.017494,-0.007215,0.338092
85,16,0.041820,-0.041297,0.315509
85,17,0.023390,0.007843,0.286848
85,18,0.011057,0.013703,0.274619
85,19,0.006912,0.002815,0.288408
85,20,-0.007537,0.005126,0.335509
85,21,-0.008114,-0.044574,0.300959
85,22,-0.004805,0.023521,0.289394
85,23,0.014872,0.025300,0.294768
85,24,-0.010426,0.024060,0.285500
86,0,0.000000,0.000000,0.000000
86,1,0.003994,-0.022938,0.262952
86,2,0.024651,-0.014598,0.277793
86,3,0.027764,-0.011095,0.308871
86,4,0.046881,0.000293,0.316068
86,5,0.198493,-0.024509,0.600000
86,6,-0.198493,0.024509,0.600000
86,7,-0.035110,-0.016062,0.303071
86,8,-0.029112,-0.007420,0.298794
86,9,0.001964,0.014729,0.268833
86,10,0.009946,0.014602,0.329768
86,11,0.148869,-0.018382,0.000000
86,12,-0.148869,0.018382,0.000000
86,13,0.018043,0.009622,0.329029
86,14,0.007629,-0.025423,0.319696
86,15,0.005869,0.019497,0.323866
86,16,0.027961,0.012706,0.284559
86,17,-0.007208,0.052596,0.279008
86,18,0.016765,0.012343,0.300062
86,19,0.016586,0.018329,0.310689
86,20,-0.007956,0.009185,0.311593
86,21,0.017167,-0.023167,0.295061
86,22,-0.007381,-0.014758,0.295158
86,23,-0.007477,0.026487,0.309604
86,24,0.015379,0.001639,0.313246
87,0,0.000000,0.000000,0.000000
87,1,0.012754,0.017917,0.317537
87,2,-0.002017,-0.030931,0.308746
87,3,0.010751,-0.030202,0.311310
87,4,-0.008115,0.000472,0.291697
87,5,0.199230,-0.017528,0.600000
87,6,-0.199230,0.017528,0.600000
87,7,-0.002368,0.015446,0.334001
87,8,0.015093,-0.002830,0.242627
87,9,-0.006900,-0.007475,0.293516
87,10,-0.022095,-0.016289,0.321934
87,11,0.149423,-0.013146,0.000000
87,12,-0.149423,0.013146,0.000000
87,13,0.015512,-0.001278,0.316306
87,14,-0.008303,0.029207,0.287108
87,15,-0.006954,0.013848,0.292578
87,16,-0.000906,-0.017342,0.324747
87,17,-0.005116,-0.000458,0.275087
87,18,0.022934,-0.030488,0.338444
87,19,0.003378,-0.048073,0.308820
87,20,-0.039633,0.018339,0.332876
87,21,-0.020772,-0.016543,0.301579
87,22,0.014459,0.016534,0.280430
87,23,-0.013820,-0.046183,0.281330
87,24,-0.008599,0.008767,0.315591
88,0,0.000000,0.000000,0.000000
88,1,0.012146,-0.008454,0.281544
88,2,-0.012234,-0.009063,0.320891
88,3,0.013427,0.031837,0.318316
88,4,-0.017097,-0.021350,0.310108
88,5,0.199723,-0.010526,0.600000
88,6,-0.199723,0.010526,0.600000
88,7,-0.004832,0.034736,0.304375
88,8,0.017997,0.007486,0.282218
88,9,-0.010799,0.005709,0.256531
88,10,-0.026395,0.028640,0.308785
88,11,0.149792,-0.007894,0.000000
88,12,-0.149792,0.007894,0.000000
88,13,-0.038774,0.021789,0.243872
88,14,0.030548,0.033447,0.333382
88,15,0.015693,0.014098,0.282164
88,16,0.012515,-0.013894,0.292160
88,17,-0.029355,0.030991,0.293236
88,18,-0.039868,-0.015692,0.283822
88,19,-0.000279,0.004862,0.275859
88,20,0.024917,0.014338,0.286055
88,21,-0.006098,0.009192,0.309381
88,22,-0.006235,-0.005408,0.261114
88,23,0.003789,-0.037371,0.318554
88,24,-0.006869,-0.012035,0.336105
89,0,0.000000,0.000000,0.000000
89,1,-0.041855,-0.020390,0.313787
89,2,0.010167,0.017808,0.309121
89,3,0.013489,-0.018182,0.267233
89,4,-0.034673,-0.000060,0.298074
89,5,0.199969,-0.003510,0.600000
89,6,-0.199969,0.003510,0.600000
89,7,0.029215,-0.015924,0.278665
89,8,0.024439,-0.021674,0.302811
89,9,-0.021730,-0.017351,0.331540
89,10,-0.037332,-0.000269,0.316548
89,11,0.149977,-0.002632,0.000000
89,12,-0.149977,0.002632,0.000000
89,13,-0.029447,-0.013217,0.290554
89,14,-0.021738,-0.018376,0.332392
89,15,-0.016505,0.002895,0.293774
89,16,0.009804,-0.004002,0.266037
89,17,0.001297,0.006062,0.269232
89,18,-0.009242,0.026729,0.329280
89,19,0.000158,-0.009988,0.330940
89,20,-0.036517,-0.044391,0.303756
89,21,-0.048355,0.005487,0.310603
89,22,0.012981,-0.016428,0.339036
89,23,-0.006755,-0.039160,0.317111
89,24,0.002536,-0.026322,0.316418
90,0,0.000000,0.000000,0.000000
90,1,0.023521,-0.017336,0.296858
90,2,-0.034349,-0.007906,0.295406
90,3,0.013681,0.004505,0.298959
90,4,-0.000499,-0.019450,0.325696
90,5,0.199969,0.003510,0.600000
90,6,-0.199969,-0.003510,0.600000
90,7,0.015379,-0.044272,0.309774
90,8,0.000853,-0.031538,0.325230
90,9,0.028578,-0.025999,0.253829
90,10,0.036451,-0.010750,0.307354
90,11,0.149977,0.002632,0.000000
90,12,-0.149977,-0.002632,0.000000
90,13,-0.030725,0.022028,0.319472
90,14,-0.009382,0.023986,0.289393
90,15,-0.013403,-0.001572,0.300651
90,16,0.012215,-0.000140,0.291779
90,17,-0.007543,0.035533,0.301968
90,18,-0.006168,-0.028692,0.274256
90,19,0.020724,0.023923,0.296043
90,20,0.005024,0.005012,0.288413
90,21,0.011818,0.011495,0.337640
90,22,0.000996,0.008607,0.329803
90,23,-0.003800,0.022910,0.276486
90,24,0.015327,0.005394,0.327075
91,0,0.000000,0.000000,0.000000
91,1,-0.031835,-0.002871,0.303752
91,2,0.038238,0.006390,0.302686
91,3,-0.034866,0.023570,0.285951
91,4,-0.004862,0.024506,0.294494
91,5,0.199723,0.010526,0.600000
91,6,-0.199723,-0.010526,0.600000
91,7,0.025965,0.005153,0.322687
91,8,-0.001718,0.048553,0.269882
91,9,0.009890,-0.007048,0.320883
91,10,0.014838,-0.005573,0.301231
91,11,0.149792,0.007894,0.000000
91,12,-0.149792,-0.007894,0.000000
91,13,0.024322,0.013508,0.295609
91,14,0.006122,-0.005992,0.343783
91,15,0.024083,-0.034917,0.294566
91,16,-0.008152,0.004365,0.304735
91,17,-0.018734,0.000791,0.333335
91,18,0.011197,-0.003310,0.287185
91,19,-0.026089,-0.034280,0.290727
91,20,-0.008045,-0.021898,0.296670
91,21,0.004287,-0.015089,0.309430
91,22,-0.005271,0.002900,0.287106
91,23,-0.018313,-0.028392,0.288665
91,24,-0.015369,-0.016168,0.302398
92,0,0.000000,0.000000,0.000000
92,1,0.021990,0.017681,0.265100
92,2,-0.002831,0.001781,0.319775
92,3,0.001011,-0.000625,0.316319
92,4,0.001202,0.017727,0.290629
92,5,0.199230,0.017528,0.600000
92,6,-0.199230,-0.017528,0.600000
92,7,0.036372,0.005733,0.296541
92,8,0.013683,-0.026187,0.287177
92,9,0.014307,-0.021585,0.302093
92,10,0.006909,-0.015095,0.281720
92,11,0.149423,0.013146,0.000000
92,12,-0.149423,-0.013146,0.000000
92,13,-0.017341,-0.022984,0.325157
92,14,0.018502,-0.010817,0.276484
92,15,-0.018969,0.003595,0.287027
92,16,0.037235,-0.059936,0.271835
92,17,-0.014143,0.009421,0.348543
92,18,-0.005551,-0.006164,0.280272
92,19,-0.000895,0.000981,0.309114
92,20,-0.028507,-0.014915,0.305408
92,21,0.005661,0.017863,0.310710
92,22,-0.015131,-0.010796,0.287165
92,23,-0.007669,-0.017801,0.293161
92,24,0.034309,-0.001409,0.302358
93,0,0.000000,0.000000,0.000000
93,1,0.036473,0.005192,0.314647
93,2,0.008850,-0.000561,0.277236
93,3,-0.018912,0.018571,0.290563
93,4,0.003663,-0.001677,0.301367
93,5,0.198493,0.024509,0.600000
93,6,-0.198493,-0.024509,0.600000
93,7,-0.009571,0.018778,0.269428
93,8,-0.000350,-0.004338,0.333677
93,9,-0.020060,0.016575,0.272287
93,10,-0.029830,-0.003262,0.287751
93,11,0.148869,0.018382,0.000000
93,12,-0.148869,-0.018382,0.000000
93,13,0.022938,0.021196,0.289214
93,14,-0.003822,0.001057,0.294502
93,15,0.030048,-0.004345,0.295157
93,16,0.018541,0.003454,0.273040
93,17,0.041695,0.029773,0.308978
93,18,-0.038790,-0.004158,0.296374
93,19,-0.006573,-0.000730,0.307986
93,20,-0.028700,0.049386,0.333605
93,21,-0.004959,0.012674,0.315935
93,22,0.003164,-0.009294,0.255781
93,23,-0.012721,-0.004322,0.315134
93,24,0.023507,-0.013261,0.311280
94,0,0.000000,0.000000,0.000000
94,1,-0.013236,0.010224,0.303322
94,2,0.004036,0.021932,0.315015
94,3,0.030991,-0.005656,0.339454
94,4,0.009969,-0.003300,0.272475
94,5,0.197510,0.031460,0.600000
94,6,-0.197510,-0.031460,0.600000
94,7,-0.012796,-0.015263,0.305959
94,8,0.018423,-0.015646,0.312029
94,9,0.028500,-0.017850,0.318490
94,10,-0.045776,0.021465,0.329495
94,11,0.148133,0.023595,0.000000
94,12,-0.148133,-0.023595,0.000000
94,13,0.019754,-0.028731,0.320309
94,14,-0.000814,0.004264,0.309385
94,15,-0.007834,0.016600,0.296350
94,16,0.001453,-0.004105,0.295073
94,17,-0.017460,0.025230,0.307669
94,18,-0.000152,-0.017183,0.275426
94,19,0.010901,-0.000952,0.300144
94,20,0.011299,0.003112,0.325454
94,21,-0.017101,-0.000780,0.307431
94,22,-0.023056,0.040196,0.289811
94,23,-0.019999,-0.008861,0.251672
94,24,0.012137,-0.006185,0.300053
95,0,0.000000,0.000000,0.000000
95,1,-0.014381,0.023192,0.294709
95,2,-0.021055,0.034245,0.296928
95,3,-0.007412,0.014481,0.299185
95,4,-0.029280,0.035111,0.319404
95,5,0.196284,0.038372,0.600000
95,6,-0.196284,-0.038372,0.600000
95,7,-0.012672,0.015610,0.315313
95,8,-0.009893,-0.001266,0.307656
95,9,-0.001750,0.007831,0.256057
95,10,-0.026429,0.010318,0.316950
95,11,0.147213,0.028779,0.000000
95,12,-0.147213,-0.028779,0.000000
95,13,-0.018023,0.034070,0.288618
95,14,0.022370,0.031687,0.300258
95,15,-0.023500,0.012045,0.281655
95,16,-0.033635,0.001010,0.331370
95,17,0.013887,0.008814,0.308837
95,18,-0.031182,-0.037588,0.292469
95,19,0.007074,0.015711,0.325424
95,20,-0.016208,-0.019956,0.275020
95,21,-0.022750,-0.005711,0.306744
95,22,-0.028878,-0.005804,0.308233
95,23,-0.012637,0.005154,0.295824
95,24,0.031343,-0.005458,0.290604
96,0,0.000000,0.000000,0.000000
96,1,-0.019592,-0.000452,0.288435
96,2,-0.003545,0.026690,0.262073
96,3,0.008184,-0.005327,0.299996
96,4,-0.011709,-0.020611,0.303428
96,5,0.194817,0.045237,0.600000
96,6,-0.194817,-0.045237,0.600000
96,7,0.005276,-0.020228,0.279262
96,8,-0.007295,0.008111,0.288594
96,9,-0.008550,0.013870,0.321511
96,10,-0.005362,-0.009379,0.258371
96,11,0.146113,0.033928,0.000000
96,12,-0.146113,-0.033928,0.000000
96,13,0.021555,0.005802,0.292003
96,14,-0.011071,-0.027148,0.339849
96,15,0.001890,-0.010341,0.320028
96,16,-0.005835,-0.014837,0.266633
96,17,0.027666,0.028762,0.272224
96,18,0.020057,-0.037056,0.320631
96,19,0.040153,-0.010755,0.300745
96,20,0.029207,-0.016793,0.351540
96,21,0.029624,-0.019008,0.302942
96,22,-0.010499,0.013634,0.287272
96,23,0.002175,0.042715,0.285415
96,24,0.025657,-0.031866,0.327694
97,0,0.000000,0.000000,0.000000
97,1,-0.006687,-0.009873,0.286354
97,2,-0.002715,0.048133,0.311698
97,3,-0.016936,0.010555,0.277725
97,4,0.022049,0.026655,0.295631
97,5,0.193109,0.052046,0.600000
97,6,-0.193109,-0.052046,0.600000
97,7,-0.004452,0.018798,0.275061
97,8,0.004661,0.015219,0.282730
97,9,-0.003523,-0.012079,0.278838
97,10,0.013650,-0.033106,0.287789
97,11,0.144832,0.039035,0.000000
97,12,-0.144832,-0.039035,0.000000
97,13,-0.021745,-0.016974,0.314089
97,14,0.006279,0.013642,0.332918
97,15,0.014268,0.005179,0.334278
97,16,0.009606,0.019306,0.327779
97,17,0.001964,-0.001190,0.325757
97,18,-0.021292,-0.032016,0.308771
97,19,0.005603,0.027209,0.284016
97,20,-0.001016,0.008036,0.308827
97,21,-0.013552,0.046022,0.280896
97,22,0.009651,-0.005321,0.293300
97,23,0.012083,-0.033320,0.290367
97,24,0.033245,-0.032469,0.315510
98,0,0.000000,0.000000,0.000000
98,1,-0.015485,0.034888,0.310949
98,2,0.002861,-0.017649,0.300287
98,3,0.008498,0.028594,0.295311
98,4,0.010390,-0.031554,0.310870
98,5,0.191164,0.058791,0.600000
98,6,-0.191164,-0.058791,0.600000
98,7,0.024510,0.004613,0.302503
98,8,-0.011907,0.010625,0.283643
98,9,0.005170,0.016383,0.252645
98,10,-0.009998,-0.016345,0.287213
98,11,0.143373,0.044093,0.000000
98,12,-0.143373,-0.044093,0.000000
98,13,-0.005437,0.020189,0.313159
98,14,-0.001417,0.017521,0.260573
98,15,-0.023456,0.005281,0.316477
98,16,0.002189,-0.037760,0.260857
98,17,0.035109,0.007242,0.288137
98,18,0.013384,-0.004204,0.337388
98,19,-0.038660,-0.032144,0.303953
98,20,-0.016493,-0.001086,0.298897
98,21,-0.029210,-0.015894,0.261413
98,22,-0.013306,0.012032,0.309784
98,23,0.003052,-0.015139,0.324056
98,24,0.018809,-0.000465,0.305257
99,0,0.000000,0.000000,0.000000
99,1,0.003289,0.005210,0.279575
99,2,-0.030972,0.015555,0.353133
99,3,-0.022257,0.020430,0.295746
99,4,-0.011632,-0.015732,0.306215
99,5,0.188983,0.065464,0.600000
99,6,-0.188983,-0.065464,0.600000
99,7,0.003357,0.037840,0.327862
99,8,0.019076,0.002651,0.287920
99,9,0.016468,-0.002288,0.307245
99,10,-0.010492,0.001592,0.339079
99,11,0.141737,0.049098,0.000000
99,12,-0.141737,-0.049098,0.000000
99,13,-0.007358,0.022368,0.295223
99,14,-0.013330,0.022382,0.303383
99,15,-0.008185,-0.001976,0.302038
99,16,-0.012950,0.015789,0.299038
99,17,-0.008198,-0.012028,0.328390
99,18,0.016080,-0.026862,0.295745
99,19,-0.002737,0.033222,0.278958
99,20,0.002144,0.021320,0.275758
99,21,-0.015706,-0.026122,0.306775
99,22,-0.006238,0.029427,0.308932
99,23,0.002655,0.019221,0.326584
99,24,-0.004751,-0.016479,0.266155
100,0,0.000000,0.000000,0.000000
100,1,-0.004288,-0.007931,0.296193
100,2,0.011136,-0.000873,0.337523
100,3,-0.011115,0.007760,0.308445
100,4,0.001213,0.009897,0.317165
100,5,0.186569,0.072056,0.600000
100,6,-0.186569,-0.072056,0.600000
100,7,-0.001137,-0.009051,0.314558
100,8,0.007942,-0.012832,0.306004
100,9,-0.010276,-0.009553,0.290065
100,10,-0.015812,-0.017278,0.283393
100,11,0.139927,0.054042,0.000000
100,12,-0.139927,-0.054042,0.000000
100,13,0.024417,0.012434,0.273315
100,14,0.005605,-0.007746,0.277837
100,15,0.014015,0.016310,0.281991
100,16,0.003358,0.003738,0.297646
100,17,-0.013312,-0.024871,0.278817
100,18,-0.028489,-0.036734,0.277775
100,19,-0.027897,-0.033237,0.302207
100,20,0.010541,0.000983,0.254813
100,21,-0.011472,-0.006632,0.284368
100,22,-0.002400,0.003770,0.262155
100,23,-0.008071,0.026734,0.290525
100,24,0.028930,-0.000681,0.298483
101,0,0.000000,0.000000,0.000000
101,1,0.007378,0.025002,0.306875
101,2,-0.025515,-0.045999,0.295313
101,3,0.009069,0.002623,0.300837
101,4,-0.012860,-0.022212,0.326175
101,5,0.183925,0.078559,0.600000
101,6,-0.183925,-0.078559,0.600000
101,7,0.005867,-0.007511,0.315829
101,8,0.010556,0.014641,0.297373
101,9,0.015091,-0.010622,0.324674
101,10,0.023615,-0.021616,0.288418
101,11,0.137944,0.058919,0.000000
101,12,-0.137944,-0.058919,0.000000
101,13,0.002006,-0.014410,0.289712
101,14,-0.010315,0.028306,0.289160
101,15,-0.004345,-0.007990,0.308211
101,16,-0.007483,-0.045980,0.303765
101,17,-0.008684,0.055242,0.291850
101,18,-0.010116,0.018665,0.331623
101,19,0.038030,-0.019327,0.291871
101,20,0.010564,0.014684,0.309933
101,21,-0.012694,-0.001997,0.314096
101,22,-0.005263,-0.008801,0.302102
101,23,0.012251,-0.002672,0.284517
101,24,-0.006174,-0.004233,0.300439
102,0,0.000000,0.000000,0.000000
102,1,-0.010748,-0.004430,0.290439
102,2,0.006624,-0.024983,0.286264
102,3,0.015659,-0.045220,0.302816
102,4,0.002536,-0.031309,0.301451
102,5,0.181055,0.084965,0.600000
102,6,-0.181055,-0.084965,0.600000
102,7,-0.042829,0.047289,0.329473
102,8,0.028135,-0.008311,0.313549
102,9,0.030250,0.011242,0.319333
102,10,0.019420,0.002761,0.305861
102,11,0.135791,0.063724,0.000000
102,12,-0.135791,-0.063724,0.000000
102,13,0.011496,-0.032762,0.308520
102,14,-0.004026,0.023081,0.291642
102,15,-0.002547,-0.007638,0.300912
102,16,0.018774,0.018229,0.290939
102,17,0.030537,0.008991,0.289984
102,18,0.009985,0.003648,0.261769
102,19,-0.008494,0.003024,0.240490
102,20,0.033857,-0.006051,0.320991
102,21,0.004048,0.003139,0.281423
102,22,0.011336,-0.003935,0.298313
102,23,-0.012904,-0.011712,0.325146
102,24,0.020093,0.012283,0.299677
103,0,0.000000,0.000000,0.000000
103,1,-0.004050,0.028908,0.285681
103,2,0.003595,-0.010172,0.305270
103,3,0.031189,-0.023561,0.316784
103,4,0.014850,-0.014658,0.314608
103,5,0.177962,0.091267,0.600000
103,6,-0.177962,-0.091267,0.600000
103,7,0.009893,0.008430,0.300225
103,8,0.001100,0.009744,0.285948
103,9,0.016842,-0.015851,0.342853
103,10,-0.010847,0.020730,0.270702
103,11,0.133471,0.068450,0.000000
103,12,-0.133471,-0.068450,0.000000
103,13,-0.028251,-0.013787,0.285951
103,14,0.024521,0.004615,0.254938
103,15,0.011299,0.018293,0.294406
103,16,-0.062968,-0.031868,0.249791
103,17,0.000916,-0.017182,0.282272
103,18,0.014744,-0.004485,0.301348
103,19,-0.018890,0.005111,0.295550
103,20,-0.009509,-0.013320,0.283660
103,21,-0.010726,-0.031181,0.326204
103,22,0.032047,0.015545,0.264805
103,23,-0.015806,-0.028702,0.321632
103,24,0.007347,0.027221,0.307044
104,0,0.000000,0.000000,0.000000
104,1,-0.001022,0.000603,0.304822
104,2,-0.012681,0.029434,0.278383
104,3,0.031048,0.016651,0.313146
104,4,0.004848,0.003268,0.300586
104,5,0.174649,0.097456,0.600000
104,6,-0.174649,-0.097456,0.600000
104,7,-0.000151,-0.014933,0.303449
104,8,0.020716,0.015364,0.303381
104,9,0.028106,0.053982,0.302491
104,10,0.002603,-0.015691,0.329429
104,11,0.130987,0.073092,0.000000
104,12,-0.130987,-0.073092,0.000000
104,13,-0.010001,-0.018936,0.293411
104,14,-0.016870,0.014900,0.316847
104,15,0.008889,-0.003508,0.277768
104,16,-0.016577,0.024032,0.284738
104,17,-0.035001,-0.014533,0.285158
104,18,0.032584,-0.010075,0.291090
104,19,-0.042641,0.003644,0.315512
104,20,-0.004673,0.002628,0.290346
104,21,0.016917,0.054753,0.296934
104,22,0.005035,-0.004215,0.282162
104,23,-0.002050,-0.000253,0.300046
104,24,-0.007885,0.027164,0.284861
105,0,0.000000,0.000000,0.000000
105,1,0.010399,0.018155,0.302275
105,2,0.022034,0.017271,0.298640
105,3,0.006099,-0.018620,0.255147
105,4,0.005640,-0.013795,0.300662
105,5,0.171121,0.103525,0.600000
105,6,-0.171121,-0.103525,0.600000
105,7,0.005632,0.013414,0.329255
105,8,0.000225,-0.020928,0.318910
105,9,0.015623,0.024562,0.263987
105,10,-0.006199,-0.026123,0.316256
105,11,0.128341,0.077644,0.000000
105,12,-0.128341,-0.077644,0.000000
105,13,0.005405,0.019524,0.310393
105,14,-0.001359,0.006070,0.302577
105,15,-0.012416,0.004297,0.282357
105,16,0.007961,0.002899,0.315141
105,17,-0.021296,-0.019635,0.301289
105,18,-0.013050,-0.016891,0.315587
105,19,0.021377,0.025319,0.281517
105,20,-0.005782,-0.000836,0.273262
105,21,-0.004436,0.013626,0.268287
105,22,0.028020,0.024174,0.308489
105,23,0.029702,0.012475,0.319855
105,24,-0.012431,-0.011993,0.254548
106,0,0.000000,0.000000,0.000000
106,1,0.025865,-0.038660,0.322526
106,2,0.003964,-0.010868,0.288021
106,3,-0.006600,-0.029645,0.308586
106,4,0.058666,-0.018684,0.289270
106,5,0.167383,0.109467,0.600000
106,6,-0.167383,-0.109467,0.600000
106,7,-0.001562,-0.047614,0.331415
106,8,-0.029217,-0.002961,0.307222
106,9,0.015592,-0.003965,0.294883
106,10,0.012465,-0.009342,0.304231
106,11,0.125537,0.082100,0.000000
106,12,-0.125537,-0.082100,0.000000
106,13,-0.000055,0.007406,0.332691
106,14,0.018714,0.003638,0.296143
106,15,0.002725,-0.028545,0.293165
106,16,-0.051600,-0.016303,0.263876
106,17,-0.002250,-0.021806,0.305184
106,18,0.010944,0.007437,0.261938
106,19,0.024688,0.008625,0.335709
106,20,0.026313,-0.042870,0.296397
106,21,0.013807,0.000539,0.332948
106,22,0.037579,0.004021,0.274413
106,23,0.003506,-0.007060,0.288340
106,24,0.048215,-0.040872,0.296858
107,0,0.000000,0.000000,0.000000
107,1,-0.006914,0.007246,0.305610
107,2,0.026637,0.009920,0.319052
107,3,-0.002812,-0.044376,0.346655
107,4,-0.014810,0.013123,0.309406
107,5,0.163438,0.115274,0.600000
107,6,-0.163438,-0.115274,0.600000
107,7,0.005119,0.009609,0.310983
107,8,0.015536,-0.003837,0.305244
107,9,-0.000290,-0.022345,0.278409
107,10,-0.004328,-0.000646,0.292969
107,11,0.122578,0.086455,0.000000
107,12,-0.122578,-0.086455,0.000000
107,13,0.012891,0.002495,0.332021
107,14,0.008559,-0.026607,0.325684
107,15,-0.008739,0.011691,0.303643
107,16,-0.013797,0.040162,0.286730
107,17,-0.021511,0.022143,0.309307
107,18,-0.029615,0.027765,0.272949
107,19,-0.032564,0.009802,0.329857
107,20,0.026982,-0.001199,0.300302
107,21,0.004274,0.014948,0.316649
107,22,0.022383,-0.023227,0.283142
107,23,-0.005719,-0.016722,0.335879
107,24,-0.025466,-0.001447,0.293547
108,0,0.000000,0.000000,0.000000
108,1,-0.003987,-0.059275,0.309950
108,2,0.009260,-0.021606,0.279219
108,3,-0.015322,0.030988,0.316455
108,4,-0.019111,-0.011314,0.330849
108,5,0.159292,0.120938,0.600000
108,6,-0.159292,-0.120938,0.600000
108,7,0.010483,-0.053775,0.265398
108,8,-0.020940,-0.014088,0.326053
108,9,-0.034606,0.036890,0.320211
108,10,-0.014110,0.010867,0.270846
108,11,0.119469,0.090704,0.000000
108,12,-0.119469,-0.090704,0.000000
108,13,0.002243,0.017277,0.323611
108,14,-0.018461,0.021378,0.292608
108,15,0.008979,-0.029724,0.282006
108,16,-0.014899,0.030496,0.285980
108,17,0.001303,-0.005579,0.298142
108,18,-0.001053,0.003842,0.340477
108,19,0.010741,-0.004612,0.287971
108,20,-0.026830,-0.013403,0.310872
108,21,-0.036683,0.008068,0.302069
108,22,-0.009392,-0.011144,0.290811
108,23,0.007977,-0.005009,0.297212
108,24,0.013669,-0.004483,0.267703
109,0,0.000000,0.000000,0.000000
109,1,0.009169,-0.005335,0.331897
109,2,0.021305,0.002686,0.277729
109,3,0.000227,0.008722,0.325716
109,4,0.012532,0.044142,0.331985
109,5,0.154949,0.126454,0.600000
109,6,-0.154949,-0.126454,0.600000
109,7,0.007872,-0.001459,0.295985
109,8,0.001969,-0.009239,0.353012
109,9,-0.023752,-0.008044,0.299672
109,10,-0.008143,0.016890,0.284234
109,11,0.116212,0.094841,0.000000
109,12,-0.116212,-0.094841,0.000000
109,13,0.000145,0.001968,0.326347
109,14,-0.017753,-0.012524,0.261814
109,15,-0.016739,0.034336,0.285174
109,16,0.004028,-0.017164,0.305414
109,17,-0.024533,-0.013677,0.307183
109,18,-0.010705,-0.008073,0.329728
109,19,0.010834,-0.002812,0.300395
109,20,-0.028105,0.008119,0.270231
109,21,-0.007811,0.024045,0.307403
109,22,-0.005695,0.004575,0.296463
109,23,0.007275,-0.007149,0.303651
109,24,0.004130,0.045731,0.333162
110,0,0.000000,0.000000,0.000000
110,1,-0.020175,-0.022251,0.317570
110,2,0.067865,0.030026,0.336938
110,3,-0.030502,0.009235,0.317345
110,4,0.035025,-0.023327,0.306259
110,5,0.150416,0.131814,0.600000
110,6,-0.150416,-0.131814,0.600000
110,7,-0.016137,0.024899,0.319954
110,8,-0.009894,0.001244,0.305704
110,9,0.003253,0.016699,0.302797
110,10,-0.001813,0.006347,0.253291
110,11,0.112812,0.098861,0.000000
110,12,-0.112812,-0.098861,0.000000
110,13,-0.003947,0.007205,0.345230
110,14,-0.007570,0.034025,0.299033
110,15,-0.014697,0.002720,0.306670
110,16,0.060539,0.023453,0.322642
110,17,-0.055367,-0.018500,0.319787
110,18,0.004198,-0.029003,0.309338
110,19,-0.026200,0.023944,0.328065
110,20,0.008181,-0.016202,0.283351
110,21,-0.035412,-0.019782,0.286103
110,22,0.025246,0.009839,0.295217
110,23,0.008615,0.007407,0.290617
110,24,-0.035089,0.004341,0.256837
111,0,0.000000,0.000000,0.000000
111,1,-0.025917,-0.032744,0.300128
111,2,-0.001699,0.014589,0.320573
111,3,-0.026760,-0.001280,0.290864
111,4,-0.016174,0.010942,0.308242
111,5,0.145698,0.137012,0.600000
111,6,-0.145698,-0.137012,0.600000
111,7,0.012205,0.004278,0.310580
111,8,-0.019573,0.006465,0.311868
111,9,0.015786,0.016639,0.319343
111,10,0.024003,0.026557,0.278792
111,11,0.109273,0.102759,0.000000
111,12,-0.109273,-0.102759,0.000000
111,13,-0.002384,-0.000493,0.290506
111,14,0.028633,0.009457,0.316186
111,15,0.033410,0.014795,0.275287
111,16,-0.007876,-0.012899,0.287134
111,17,-0.017005,-0.023176,0.293306
111,18,-0.040466,-0.020902,0.318689
111,19,-0.020489,0.012387,0.292446
111,20,-0.016829,0.007951,0.280996
111,21,-0.034919,0.026007,0.299568
111,22,0.005738,0.033178,0.306280
111,23,-0.008623,-0.043825,0.283890
111,24,-0.046194,-0.018964,0.299053
112,0,0.000000,0.000000,0.000000
112,1,-0.005916,-0.007077,0.277701
112,2,-0.013191,0.006019,0.266704
112,3,-0.013220,-0.003808,0.282837
112,4,-0.016655,0.016461,0.284206
112,5,0.140799,0.142041,0.600000
112,6,-0.140799,-0.142041,0.600000
112,7,-0.012110,0.016157,0.317167
112,8,-0.009409,-0.018780,0.287792
112,9,-0.003852,0.001842,0.320984
112,10,-0.014962,-0.029888,0.317655
112,11,0.105600,0.106530,0.000000
112,12,-0.105600,-0.106530,0.000000
112,13,0.020283,-0.003587,0.306069
112,14,0.002031,-0.000105,0.321492
112,15,0.005894,0.000406,0.277653
112,16,-0.002647,0.010785,0.287844
112,17,-0.012097,-0.013692,0.297440
112,18,-0.047655,-0.003322,0.307878
112,19,-0.027232,0.023035,0.294367
112,20,0.045900,0.046247,0.283019
112,21,0.003940,0.028184,0.287024
112,22,0.001243,0.004623,0.275276
112,23,0.000416,-0.000616,0.317774
112,24,0.023237,0.016096,0.291657
113,0,0.000000,0.000000,0.000000
113,1,-0.024421,-0.000097,0.294962
113,2,0.026018,-0.002430,0.330090
113,3,0.017829,0.018464,0.301423
113,4,-0.033027,0.007376,0.312428
113,5,0.135728,0.146894,0.600000
113,6,-0.135728,-0.146894,0.600000
113,7,-0.007472,0.007969,0.323884
113,8,-0.011663,-0.019139,0.309371
113,9,0.015984,-0.012487,0.350740
113,10,-0.026419,-0.014102,0.300902
113,11,0.101796,0.110171,0.000000
113,12,-0.101796,-0.110171,0.000000
113,13,0.011409,-0.029508,0.331305
113,14,-0.002414,0.005247,0.317648
113,15,0.010024,0.026926,0.318827
113,16,-0.033545,-0.024962,0.288000
113,17,-0.001777,0.010021,0.274046
113,18,0.020412,0.021075,0.314974
113,19,-0.026788,-0.001114,0.277794
113,20,-0.025127,0.017090,0.290114
113,21,0.031754,0.006344,0.290800
113,22,0.009753,-0.022598,0.287699
113,23,-0.010480,0.004742,0.275142
113,24,-0.001560,0.017547,0.309585
114,0,0.000000,0.000000,0.000000
114,1,0.004901,-0.013744,0.294084
114,2,0.001726,0.010568,0.327657
114,3,-0.010655,-0.027064,0.251337
114,4,0.019913,0.016189,0.297211
114,5,0.130489,0.151567,0.600000
114,6,-0.130489,-0.151567,0.600000
114,7,0.007079,0.025388,0.317426
114,8,-0.026601,-0.018897,0.258913
114,9,0.001998,0.007268,0.278143
114,10,-0.010571,0.002530,0.313258
114,11,0.097867,0.113675,0.000000
114,12,-0.097867,-0.113675,0.000000
114,13,0.004133,-0.012817,0.301517
114,14,0.025966,-0.003026,0.296367
114,15,0.044246,0.012171,0.291938
114,16,-0.004784,0.017688,0.344038
114,17,-0.031613,0.014632,0.298875
114,18,-0.015230,0.031034,0.263505
114,19,-0.015479,0.028854,0.290003
114,20,0.013537,0.012827,0.277982
114,21,-0.018247,-0.014220,0.307078
114,22,0.004209,0.005308,0.313978
114,23,-0.006312,-0.039460,0.286243
114,24,0.000722,-0.026785,0.307461
115,0,0.000000,0.000000,0.000000
115,1,-0.001835,0.002044,0.309969
115,2,-0.000365,0.026447,0.342900
115,3,0.004112,0.011659,0.260131
115,4,0.004487,0.003039,0.315356
115,5,0.125090,0.156053,0.600000
115,6,-0.125090,-0.156053,0.600000
115,7,-0.012471,-0.011198,0.312883
115,8,-0.013212,-0.009638,0.309977
115,9,0.013571,-0.000646,0.307114
115,10,-0.035273,-0.006954,0.259701
115,11,0.093817,0.117040,0.000000
115,12,-0.093817,-0.117040,0.000000
115,13,-0.009613,-0.015130,0.276367
115,14,-0.004753,0.005418,0.292647
115,15,-0.012261,-0.036743,0.263537
115,16,-0.021780,-0.011754,0.312626
115,17,0.000213,0.000487,0.292616
115,18,0.001630,-0.041072,0.315945
115,19,0.003992,-0.027137,0.268195
115,20,-0.032184,0.011967,0.284719
115,21,-0.000304,-0.039347,0.302295
115,22,-0.005839,-0.013817,0.288445
115,23,0.004441,0.008274,0.279665
115,24,-0.044254,0.038741,0.277116
116,0,0.000000,0.000000,0.000000
116,1,-0.005800,0.004033,0.301366
116,2,0.009697,0.022908,0.297535
116,3,-0.009739,0.027259,0.345696
116,4,0.011117,0.000786,0.284163
116,5,0.119536,0.160347,0.600000
116,6,-0.119536,-0.160347,0.600000
116,7,0.019702,-0.016108,0.329621
116,8,0.015611,0.002746,0.319825
116,9,-0.008098,-0.022974,0.291334
116,10,0.012585,0.001916,0.298198
116,11,0.089652,0.120260,0.000000
116,12,-0.089652,-0.120260,0.000000
116,13,0.003612,-0.025876,0.286689
116,14,0.020456,-0.003399,0.323014
116,15,0.000959,0.001346,0.304624
116,16,-0.000197,0.008754,0.310180
116,17,-0.002214,-0.023911,0.330359
116,18,0.000801,-0.006553,0.258046
116,19,0.002251,-0.010826,0.320064
116,20,0.023128,-0.005365,0.325576
116,21,0.000617,0.067655,0.303261
116,22,-0.007258,0.029640,0.279645
116,23,-0.011240,-0.003088,0.321155
116,24,0.010879,0.013964,0.277353
117,0,0.000000,0.000000,0.000000
117,1,-0.016646,0.019091,0.306861
117,2,-0.003168,0.011513,0.305198
117,3,0.018593,-0.003976,0.293697
117,4,0.009602,0.004367,0.286752
117,5,0.113835,0.164443,0.600000
117,6,-0.113835,-0.164443,0.600000
117,7,-0.010676,0.002701,0.318344
117,8,0.014313,-0.005605,0.271691
117,9,0.025504,-0.015843,0.311021
117,10,0.006612,0.008433,0.292824
117,11,0.085376,0.123332,0.000000
117,12,-0.085376,-0.123332,0.000000
117,13,0.001709,0.022484,0.339043
117,14,-0.049513,-0.007790,0.313619
117,15,0.018465,-0.008584,0.306185
117,16,-0.026388,0.011256,0.286904
117,17,0.026546,-0.016252,0.329731
117,18,-0.004879,-0.019477,0.302424
117,19,0.025421,-0.019954,0.312747
117,20,-0.007438,-0.000728,0.328612
117,21,-0.020826,0.040708,0.302991
117,22,-0.023674,-0.004360,0.328358
117,23,0.007089,-0.010126,0.299227
117,24,-0.004357,0.013327,0.318554
118,0,0.000000,0.000000,0.000000
118,1,0.000761,-0.019858,0.279335
118,2,-0.009760,0.015618,0.278728
118,3,0.044800,-0.000646,0.322184
118,4,0.018799,0.014062,0.284139
118,5,0.107994,0.168337,0.600000
118,6,-0.107994,-0.168337,0.600000
118,7,0.014609,0.025493,0.272566
118,8,-0.007112,0.020284,0.271391
118,9,-0.006942,-0.000296,0.295057
118,10,-0.002691,-0.023863,0.292488
118,11,0.080995,0.126253,0.000000
118,12,-0.080995,-0.126253,0.000000
118,13,0.020345,-0.030026,0.297669
118,14,0.008318,-0.006172,0.280824
118,15,-0.014047,-0.009819,0.295392
118,16,0.017258,0.008343,0.298651
118,17,0.019291,-0.003873,0.325586
118,18,0.028256,0.014423,0.348718
118,19,-0.004294,-0.018369,0.317180
118,20,0.020417,0.029728,0.293150
118,21,0.001534,0.021111,0.300882
118,22,0.019198,-0.008707,0.276446
118,23,-0.013949,-0.023853,0.292760
118,24,0.007955,-0.029957,0.322432
119,0,0.000000,0.000000,0.000000
119,1,-0.016044,-0.023507,0.291731
119,2,0.011941,0.002901,0.270970
119,3,-0.009959,0.025186,0.298495
119,4,0.035244,0.022377,0.309547
119,5,0.102020,0.172023,0.600000
119,6,-0.102020,-0.172023,0.600000
119,7,0.018392,0.011613,0.304401
119,8,-0.012531,-0.005266,0.309473
119,9,-0.040639,-0.004851,0.295406
119,10,0.004629,0.001313,0.315615
119,11,0.076515,0.129017,0.000000
119,12,-0.076515,-0.129017,0.000000
119,13,0.011868,-0.000245,0.297425
119,14,0.018738,0.009231,0.301602
119,15,-0.006325,-0.004637,0.301542
119,16,-0.007251,-0.014676,0.296762
119,17,0.013369,-0.028799,0.324536
119,18,-0.017770,-0.023895,0.293422
119,19,-0.003431,-0.000158,0.274461
119,20,-0.027868,0.032911,0.287262
119,21,-0.019864,-0.011631,0.299652
119,22,0.029851,-0.026763,0.295302
119,23,-0.053113,0.003523,0.306301
119,24,-0.026468,0.015219,0.297474
120,0,0.000000,0.000000,0.000000
120,1,-0.003755,0.022705,0.315482
120,2,0.004805,0.022646,0.310175
120,3,0.004171,0.020296,0.284091
120,4,0.028294,0.005923,0.248038
120,5,0.095920,0.175498,0.600000
120,6,-0.095920,-0.175498,0.600000
120,7,-0.000273,-0.015718,0.295605
120,8,0.028297,0.005176,0.348160
120,9,-0.012401,-0.000524,0.306456
120,10,0.021353,0.002580,0.317102
120,11,0.071940,0.131623,0.000000
120,12,-0.071940,-0.131623,0.000000
120,13,-0.021369,0.010362,0.342745
120,14,0.015580,0.002640,0.299851
120,15,0.027157,0.001660,0.314827
120,16,-0.004461,0.000091,0.296260
120,17,-0.008458,0.002620,0.322459
120,18,-0.013976,0.009664,0.314382
120,19,0.035851,-0.006188,0.250667
120,20,-0.019991,0.026223,0.289235
120,21,-0.006226,-0.034628,0.312430
120,22,-0.003094,-0.030750,0.319320
120,23,-0.010068,-0.019129,0.294873
120,24,0.011081,-0.005150,0.269542
121,0,0.000000,0.000000,0.000000
121,1,-0.010809,0.031823,0.295000
121,2,-0.015770,0.040773,0.298559
121,3,0.008899,-0.006092,0.317442
121,4,0.000984,-0.017901,0.322072
121,5,0.089702,0.178756,0.600000
121,6,-0.089702,-0.178756,0.600000
121,7,0.008558,0.001323,0.302870
121,8,-0.004330,-0.000931,0.295655
121,9,-0.009491,-0.039022,0.318025
121,10,-0.027355,-0.003106,0.330069
121,11,0.067276,0.134067,0.000000
121,12,-0.067276,-0.134067,0.000000
121,13,0.002745,-0.026081,0.302302
121,14,0.002826,-0.020199,0.327311
121,15,-0.003107,0.017354,0.308865
121,16,0.018144,0.019331,0.347913
121,17,0.010150,-0.036017,0.312459
121,18,-0.012811,-0.018412,0.227586
121,19,-0.002753,0.012369,0.311125
121,20,-0.018868,-0.008070,0.304515
121,21,-0.010701,0.045537,0.291653
121,22,0.012362,0.005628,0.317013
121,23,-0.011380,-0.016369,0.307786
121,24,-0.006686,0.018617,0.308459
122,0,0.000000,0.000000,0.000000
122,1,-0.004973,0.010355,0.278960
122,2,0.007066,0.007005,0.289461
122,3,-0.007694,0.044159,0.313798
122,4,0.000586,-0.000632,0.320829
122,5,0.083373,0.181794,0.600000
122,6,-0.083373,-0.181794,0.600000
122,7,-0.020940,0.021410,0.308503
122,8,0.007105,0.024371,0.281216
122,9,-0.048819,-0.002647,0.256480
122,10,-0.007090,-0.001858,0.287675
122,11,0.062530,0.136345,0.000000
122,12,-0.062530,-0.136345,0.000000
122,13,0.002736,-0.012079,0.303155
122,14,0.012710,0.003323,0.308066
122,15,-0.021491,0.025299,0.304488
122,16,-0.010456,-0.008114,0.294216
122,17,-0.031745,0.007884,0.316330
122,18,0.024281,0.013709,0.312691
122,19,-0.019225,0.002365,0.334289
122,20,-0.004289,-0.011957,0.290311
122,21,-0.012392,0.054468,0.324527
122,22,-0.009662,-0.011492,0.296867
122,23,0.025276,0.008583,0.303061
122,24,-0.004256,-0.007588,0.266661
123,0,0.000000,0.000000,0.000000
123,1,0.004914,-0.006555,0.315654
123,2,-0.007909,-0.022558,0.256946
123,3,-0.033232,0.000634,0.257885
123,4,-0.017122,0.010219,0.278584
123,5,0.076942,0.184608,0.600000
123,6,-0.076942,-0.184608,0.600000
123,7,-0.023340,-0.011029,0.308206
123,8,-0.001671,-0.011874,0.311674
123,9,0.009825,-0.005273,0.321745
123,10,-0.001710,0.007107,0.275620
123,11,0.057706,0.138456,0.000000
123,12,-0.057706,-0.138456,0.000000
123,13,0.031484,0.010303,0.298457
123,14,0.016336,-0.010540,0.300968
123,15,0.011104,0.018581,0.330159
123,16,0.017926,-0.022667,0.270565
123,17,-0.029059,-0.010213,0.277200
123,18,0.021404,-0.023234,0.331972
123,19,-0.015568,0.002418,0.267496
123,20,0.023568,0.000474,0.312451
123,21,0.043781,0.019429,0.315112
123,22,0.005684,0.027167,0.303423
123,23,0.008600,-0.003144,0.268446
123,24,-0.035409,-0.009882,0.299260
124,0,0.000000,0.000000,0.000000
124,1,-0.017048,-0.017475,0.278991
124,2,0.023967,-0.002943,0.275129
124,3,-0.025455,0.001071,0.286978
124,4,-0.016764,-0.033422,0.298243
124,5,0.070416,0.187194,0.600000
124,6,-0.070416,-0.187194,0.600000
124,7,-0.041489,0.023447,0.293050
124,8,-0.012407,0.012871,0.295026
124,9,-0.026386,0.004186,0.294766
124,10,-0.000243,-0.023880,0.301690
124,11,0.052812,0.140396,0.000000
124,12,-0.052812,-0.140396,0.000000
124,13,-0.000483,-0.000426,0.297456
124,14,-0.000889,0.013912,0.304677
124,15,0.018480,-0.036725,0.309289
124,16,0.007485,0.013505,0.277931
124,17,-0.021961,-0.017631,0.272547
124,18,-0.008491,0.031896,0.284074
124,19,0.009424,0.010926,0.289505
124,20,-0.003459,-0.015288,0.293222
124,21,0.054559,0.034913,0.270543
124,22,0.001380,-0.047993,0.304077
124,23,-0.019467,0.010258,0.295938
124,24,0.021686,-0.017550,0.285599
125,0,0.000000,0.000000,0.000000
125,1,0.024868,0.029126,0.299707
125,2,0.014198,-0.014896,0.285271
125,3,-0.012793,0.051250,0.300675
125,4,-0.009037,-0.035351,0.338820
125,5,0.063803,0.189550,0.600000
125,6,-0.063803,-0.189550,0.600000
125,7,0.005504,0.011843,0.266564
125,8,0.021246,-0.004511,0.287860
125,9,0.013270,0.030348,0.313891
125,10,-0.004154,0.016295,0.284314
125,11,0.047852,0.142162,0.000000
125,12,-0.047852,-0.142162,0.000000
125,13,-0.002642,-0.026293,0.334709
125,14,-0.007421,-0.027316,0.307368
125,15,0.023060,-0.019461,0.292722
125,16,-0.005832,0.026324,0.289259
125,17,0.050185,0.012843,0.321979
125,18,-0.019337,0.005603,0.280352
125,19,0.001794,-0.023284,0.315743
125,20,-0.018571,0.024006,0.278235
125,21,0.003000,0.015587,0.294706
125,22,0.003841,0.024551,0.296396
125,23,0.016642,-0.041489,0.311244
125,24,0.026602,-0.008875,0.270974
126,0,0.000000,0.000000,0.000000
126,1,0.041813,-0.028630,0.270384
126,2,-0.000902,0.009635,0.328683
126,3,-0.003192,0.005924,0.313788
126,4,0.012677,0.012611,0.303230
126,5,0.057111,0.191672,0.600000
126,6,-0.057111,-0.191672,0.600000
126,7,0.006472,0.008462,0.279957
126,8,-0.001294,0.017200,0.272600
126,9,-0.026284,-0.002323,0.290765
126,10,0.022497,0.000302,0.296174
126,11,0.042834,0.143754,0.000000
126,12,-0.042834,-0.143754,0.000000
126,13,-0.023923,-0.036068,0.277859
126,14,0.003677,0.027846,0.328874
126,15,-0.018204,-0.008862,0.305757
126,16,-0.006572,0.023365,0.314764
126,17,-0.006953,0.028217,0.278073
126,18,0.005624,-0.046869,0.312095
126,19,-0.038026,0.007207,0.261771
126,20,0.025476,0.000153,0.278037
126,21,0.010504,-0.015896,0.250891
126,22,0.003295,0.020919,0.296331
126,23,0.027452,0.013489,0.319638
126,24,0.012303,0.015085,0.287731
127,0,0.000000,0.000000,0.000000
127,1,0.000318,0.015516,0.295961
127,2,0.000479,-0.022301,0.317368
127,3,0.025096,-0.028064,0.278756
127,4,0.041830,-0.019765,0.320766
127,5,0.050350,0.193559,0.600000
127,6,-0.050350,-0.193559,0.600000
127,7,0.012287,0.043524,0.303207
127,8,-0.003458,-0.022436,0.302700
127,9,0.023397,-0.002128,0.320936
127,10,0.014629,0.022817,0.263727
127,11,0.037762,0.145169,0.000000
127,12,-0.037762,-0.145169,0.000000
127,13,-0.035758,0.024786,0.279806
127,14,0.004144,-0.008554,0.296599
127,15,0.021774,0.014076,0.305668
127,16,0.017255,-0.024654,0.265930
127,17,0.007164,0.019742,0.269413
127,18,-0.001652,0.030555,0.320447
127,19,0.014098,0.014662,0.273919
127,20,0.000686,0.010335,0.303517
127,21,-0.021698,-0.027189,0.313421
127,22,0.017456,0.000204,0.321596
127,23,-0.022751,0.023968,0.322221
127,24,0.044411,-0.007662,0.305316
128,0,0.000000,0.000000,0.000000
128,1,0.014844,-0.019081,0.280711
128,2,0.001552,0.020572,0.262949
128,3,-0.018964,-0.000836,0.257399
128,4,-0.020348,-0.000867,0.295678
128,5,0.043526,0.195206,0.600000
128,6,-0.043526,-0.195206,0.600000
128,7,0.002268,-0.001398,0.332891
128,8,-0.013141,0.001261,0.320950
128,9,0.010225,-0.010936,0.304298
128,10,0.026450,0.014561,0.316560
128,11,0.032644,0.146405,0.000000
128,12,-0.032644,-0.146405,0.000000
128,13,-0.014503,0.010458,0.303202
128,14,0.032263,-0.003312,0.305882
128,15,-0.037748,0.005742,0.312906
128,16,-0.005825,-0.023013,0.297707
128,17,-0.010942,0.021155,0.278881
128,18,-0.002922,0.019888,0.296549
128,19,-0.017777,-0.010937,0.292672
128,20,-0.001963,-0.006114,0.326149
128,21,0.033526,-0.027643,0.310099
128,22,0.029829,-0.010962,0.324550
128,23,-0.014284,0.007160,0.289005
128,24,0.001608,-0.011756,0.320051
129,0,0.000000,0.000000,0.000000
129,1,0.000918,0.012656,0.336673
129,2,0.016839,-0.027250,0.288722
129,3,0.030471,0.007769,0.298942
129,4,-0.008773,0.017810,0.297786
129,5,0.036648,0.196614,0.600000
129,6,-0.036648,-0.196614,0.600000
129,7,-0.004650,-0.011648,0.296496
129,8,-0.041443,0.036976,0.269396
129,9,-0.017461,-0.033215,0.302834
129,10,-0.000728,0.011400,0.283008
129,11,0.027486,0.147460,0.000000
129,12,-0.027486,-0.147460,0.000000
129,13,0.026776,-0.010380,0.274208
129,14,0.014379,0.011312,0.321376
129,15,0.016653,-0.009080,0.314726
129,16,-0.021574,-0.027968,0.336395
129,17,-0.031211,0.044959,0.312106
129,18,-0.010250,-0.035921,0.301644
129,19,-0.013479,-0.027375,0.301607
129,20,-0.019403,-0.034468,0.271029
129,21,-0.009707,0.000440,0.273813
129,22,-0.031833,0.011856,0.328026
129,23,-0.017875,0.023660,0.281242
129,24,0.038871,-0.006930,0.318307
130,0,0.000000,0.000000,0.000000
130,1,-0.016553,0.011443,0.305363
130,2,-0.011297,0.002292,0.277315
130,3,0.000128,0.017374,0.277713
130,4,0.025273,-0.037616,0.307802
130,5,0.029726,0.197779,0.600000
130,6,-0.029726,-0.197779,0.600000
130,7,0.009218,0.021446,0.332779
130,8,0.004017,-0.003420,0.299710
130,9,0.030389,-0.026780,0.289558
130,10,-0.012044,0.003445,0.279016
130,11,0.022294,0.148334,0.000000
130,12,-0.022294,-0.148334,0.000000
130,13,-0.008631,0.004620,0.317939
130,14,-0.008637,0.032649,0.288596
130,15,0.034634,0.023130,0.297403
130,16,0.007045,0.004371,0.334644
130,17,-0.020658,0.025590,0.289605
130,18,-0.030160,-0.032461,0.311888
130,19,0.005039,0.018270,0.342284
130,20,-0.005317,-0.007154,0.271361
130,21,0.025148,0.005039,0.227296
130,22,0.002119,0.010652,0.291496
130,23,0.030393,-0.007173,0.283362
130,24,-0.042933,-0.021535,0.312120
131,0,0.000000,0.000000,0.000000
131,1,-0.013592,-0.017382,0.278645
131,2,0.025120,-0.008099,0.304580
131,3,0.021271,-0.007656,0.320363
131,4,-0.011223,-0.008369,0.294619
131,5,0.022767,0.198700,0.600000
131,6,-0.022767,-0.198700,0.600000
131,7,0.016154,0.023726,0.279359
131,8,-0.012437,0.022476,0.299000
131,9,-0.015995,0.022918,0.291083
131,10,0.013899,0.005644,0.276348
131,11,0.017075,0.149025,0.000000
131,12,-0.017075,-0.149025,0.000000
131,13,-0.016518,-0.017049,0.310674
131,14,0.004237,-0.012881,0.280415
131,15,-0.008843,0.003893,0.326232
131,16,-0.027234,-0.016639,0.303661
131,17,-0.000666,-0.025136,0.332134
131,18,0.022387,-0.012964,0.308363
131,19,0.002402,-0.004094,0.307060
131,20,0.035327,-0.000175,0.323279
131,21,0.016588,-0.014768,0.331896
131,22,0.027923,0.007007,0.293056
131,23,-0.020341,0.002359,0.299035
131,24,0.026845,-0.017799,0.308254
132,0,0.000000,0.000000,0.000000
132,1,-0.010560,-0.012345,0.289243
132,2,0.012755,0.005278,0.290874
132,3,0.003536,-0.014785,0.290295
132,4,0.003189,-0.014201,0.279141
132,5,0.015779,0.199377,0.600000
132,6,-0.015779,-0.199377,0.600000
132,7,0.026271,0.003127,0.299676
132,8,-0.001284,-0.009046,0.293783
132,9,0.042692,0.010952,0.285929
132,10,0.033203,-0.012977,0.322722
132,11,0.011834,0.149532,0.000000
132,12,-0.011834,-0.149532,0.000000
132,13,-0.008689,0.005852,0.300740
132,14,0.003137,0.000225,0.292395
132,15,0.003942,0.029380,0.292634
132,16,-0.023551,-0.029441,0.278567
132,17,-0.036195,-0.041624,0.309859
132,18,0.011320,0.005600,0.272821
132,19,-0.001394,0.002748,0.302616
132,20,0.019702,0.010030,0.302972
132,21,0.021552,0.012612,0.312367
132,22,0.008836,-0.007053,0.332503
132,23,0.001743,-0.025497,0.305043
132,24,0.006468,0.040934,0.292342
133,0,0.000000,0.000000,0.000000
133,1,0.006919,0.016015,0.309725
133,2,0.015351,0.005474,0.315416
133,3,-0.038479,0.029130,0.301902
133,4,-0.012977,0.021498,0.301356
133,5,0.008773,0.199808,0.600000
133,6,-0.008773,-0.199808,0.600000
133,7,-0.022962,0.002253,0.311490
133,8,-0.025293,-0.025540,0.306364
133,9,-0.015547,0.004940,0.280010
133,10,-0.012148,-0.016247,0.306467
133,11,0.006579,0.149856,0.000000
133,12,-0.006579,-0.149856,0.000000
133,13,-0.002911,-0.014259,0.336940
133,14,0.004147,-0.013176,0.288964
133,15,-0.017472,0.022231,0.276418
133,16,-0.005300,0.021693,0.281790
133,17,-0.022404,0.005756,0.321277
133,18,-0.018892,-0.009926,0.310232
133,19,-0.000716,-0.003845,0.289626
133,20,0.007395,-0.035958,0.346487
133,21,-0.017503,0.018578,0.283121
133,22,0.011557,-0.016120,0.323060
133,23,0.020203,-0.008316,0.310634
133,24,-0.013757,0.012442,0.316815
134,0,0.000000,0.000000,0.000000
134,1,-0.021608,-0.029575,0.310723
134,2,-0.026568,-0.024726,0.284126
134,3,-0.012920,0.008578,0.319305
134,4,0.008569,-0.004163,0.301364
134,5,0.001755,0.199992,0.600000
134,6,-0.001755,-0.199992,0.600000
134,7,-0.005288,0.001107,0.293729
134,8,0.022996,-0.020902,0.325330
134,9,0.019615,-0.041497,0.327886
134,10,0.003086,0.011359,0.283728
134,11,0.001316,0.149994,0.000000
134,12,-0.001316,-0.149994,0.000000
134,13,0.021235,0.042089,0.315728
134,14,0.036638,-0.008185,0.297641
134,15,-0.040290,0.006800,0.281143
134,16,-0.020811,-0.000641,0.297839
134,17,-0.034666,-0.012850,0.292869
134,18,0.039342,0.018900,0.299048
134,19,0.012569,-0.017579,0.295977
134,20,-0.006733,0.024917,0.287476
134,21,-0.027575,0.017524,0.298280
134,22,0.016309,-0.011236,0.280779
134,23,-0.007994,0.026981,0.319844
134,24,-0.026998,0.023174,0.316577
135,0,0.000000,0.000000,0.000000
135,1,0.006113,0.008931,0.299429
135,2,0.017714,-0.002363,0.293247
135,3,0.010177,-0.000986,0.264907
135,4,-0.023797,-0.004495,0.343453
135,5,-0.005265,0.199931,0.600000
135,6,0.005265,-0.199931,0.600000
135,7,0.004335,0.011864,0.281435
135,8,0.022892,0.018191,0.300689
135,9,-0.028100,-0.043888,0.293955
135,10,-0.005310,-0.008042,0.270734
135,11,-0.003948,0.149948,0.000000
135,12,0.003948,-0.149948,0.000000
135,13,0.026219,0.052313,0.288302
135,14,-0.008439,-0.024842,0.275119
135,15,-0.037048,-0.005074,0.308299
135,16,-0.004552,-0.014065,0.288458
135,17,0.006154,0.000689,0.306595
135,18,-0.007188,-0.008627,0.307493
135,19,-0.002105,-0.001287,0.271765
135,20,0.016718,-0.015943,0.338731
135,21,-0.010977,-0.012352,0.288729
135,22,0.014403,-0.006449,0.285272
135,23,0.004820,0.015940,0.324859
135,24,0.026099,-0.002218,0.285956
136,0,0.000000,0.000000,0.000000
136,1,0.020324,-0.006171,0.281075
136,2,-0.011821,-0.002230,0.318786
136,3,0.031484,-0.002119,0.311154
136,4,0.029656,-0.025131,0.281854
136,5,-0.012278,0.199623,0.600000
136,6,0.012278,-0.199623,0.600000
136,7,0.003662,-0.013918,0.307884
136,8,-0.016088,-0.005851,0.305674
136,9,0.028889,-0.001468,0.311063
136,10,-0.005885,0.029457,0.289101
136,11,-0.009208,0.149717,0.000000
136,12,0.009208,-0.149717,0.000000
136,13,0.009876,0.011001,0.286117
136,14,-0.018478,-0.001271,0.311098
136,15,0.035623,-0.016572,0.302229
136,16,0.004732,-0.011049,0.296983
136,17,-0.015616,-0.002820,0.306277
136,18,0.020353,-0.001411,0.296832
136,19,0.024444,-0.027942,0.269368
136,20,0.002920,-0.012927,0.318923
136,21,0.005956,-0.001900,0.334933
136,22,0.029151,-0.037069,0.313573
136,23,0.022231,-0.011634,0.291479
136,24,-0.004900,-0.005353,0.338690
137,0,0.000000,0.000000,0.000000
137,1,0.021819,-0.019912,0.291349
137,2,0.007596,0.022372,0.288551
137,3,-0.007026,0.000044,0.278094
137,4,0.021296,0.014103,0.306698
137,5,-0.019276,0.199069,0.600000
137,6,0.019276,-0.199069,0.600000
137,7,0.006876,0.007065,0.300650
137,8,0.014473,-0.029715,0.298262
137,9,0.023160,0.008137,0.314372
137,10,-0.026127,-0.001731,0.294171
137,11,-0.014457,0.149302,0.000000
137,12,0.014457,-0.149302,0.000000
137,13,-0.011251,-0.027271,0.291591
137,14,-0.003140,0.025190,0.280477
137,15,0.001103,-0.001546,0.308341
137,16,0.004429,-0.003950,0.271350
137,17,-0.009001,0.016643,0.313587
137,18,0.004220,-0.018214,0.346405
137,19,0.023554,-0.032055,0.314540
137,20,0.028058,0.001873,0.320288
137,21,0.010845,0.009640,0.334837
137,22,-0.005249,-0.008066,0.310540
137,23,0.006998,-0.001162,0.329244
137,24,-0.004274,0.024800,0.312007
138,0,0.000000,0.000000,0.000000
138,1,0.007738,-0.004194,0.285956
138,2,-0.012442,0.026109,0.296826
138,3,-0.002955,-0.022229,0.285127
138,4,-0.004750,-0.018060,0.318259
138,5,-0.026250,0.198270,0.600000
138,6,0.026250,-0.198270,0.600000
138,7,-0.024108,0.020384,0.284897
138,8,-0.036002,0.001003,0.295016
138,9,0.011060,-0.017669,0.305857
138,10,0.022727,0.021790,0.312641
138,11,-0.019688,0.148702,0.000000
138,12,0.019688,-0.148702,0.000000
138,13,0.030839,-0.040840,0.280132
138,14,-0.007419,-0.017135,0.325765
138,15,0.019666,-0.007697,0.304342
138,16,-0.007699,0.034747,0.270169
138,17,-0.001283,0.010881,0.286923
138,18,0.000889,0.032351,0.278172
138,19,-0.015743,-0.021223,0.293065
138,20,0.039357,0.009509,0.277004
138,21,-0.018147,0.032289,0.307361
138,22,0.005098,-0.005261,0.290815
138,23,0.015347,-0.004353,0.303468
138,24,0.007761,-0.000899,0.325991
139,0,0.000000,0.000000,0.000000
139,1,0.021761,0.032640,0.367548
139,2,-0.016905,0.005131,0.288258
139,3,-0.028052,-0.017606,0.297584
139,4,-0.007318,-0.002775,0.307063
139,5,-0.033192,0.197226,0.600000
139,6,0.033192,-0.197226,0.600000
139,7,-0.006554,0.007108,0.298979
139,8,0.020858,0.011096,0.287499
139,9,0.003233,0.004536,0.331690
139,10,-0.016523,0.020803,0.321020
139,11,-0.024894,0.147920,0.000000
139,12,0.024894,-0.147920,0.000000
139,13,-0.001514,-0.003443,0.291607
139,14,-0.028795,0.015663,0.251510
139,15,-0.009187,-0.019906,0.293233
139,16,0.000170,0.003047,0.307676
139,17,0.008103,-0.007699,0.286897
139,18,0.008490,0.034174,0.298086
139,19,-0.031376,-0.050067,0.269380
139,20,0.029324,0.025880,0.278231
139,21,-0.016731,-0.022570,0.302796
139,22,0.011110,0.022548,0.328882
139,23,0.027757,0.016854,0.331161
139,24,-0.005139,-0.017432,0.291999
140,0,0.000000,0.000000,0.000000
140,1,-0.003904,0.015757,0.288242
140,2,0.021383,-0.031221,0.294188
140,3,-0.000951,0.034602,0.291770
140,4,0.010919,0.020066,0.306096
140,5,-0.040093,0.195940,0.600000
140,6,0.040093,-0.195940,0.600000
140,7,-0.018821,-0.031712,0.307869
140,8,0.027249,0.011976,0.317050
140,9,-0.009065,-0.004977,0.303861
140,10,-0.002671,-0.026455,0.317440
140,11,-0.030070,0.146955,0.000000
140,12,0.030070,-0.146955,0.000000
140,13,-0.000737,-0.012699,0.287666
140,14,0.005801,-0.026115,0.304479
140,15,-0.001843,-0.037731,0.328213
140,16,-0.016900,0.012154,0.294355
140,17,-0.009006,0.011570,0.284972
140,18,0.013501,0.020033,0.273635
140,19,-0.002453,0.010790,0.264114
140,20,-0.015649,0.007307,0.269801
140,21,0.008713,-0.007011,0.322348
140,22,-0.008457,-0.005923,0.287445
140,23,0.002009,-0.038735,0.298483
140,24,-0.044021,-0.035876,0.307754
141,0,0.000000,0.000000,0.000000
141,1,-0.005369,-0.012008,0.298196
141,2,-0.013213,-0.015155,0.266129
141,3,0.013620,0.011901,0.318664
141,4,-0.007139,-0.007957,0.306181
141,5,-0.046945,0.194412,0.600000
141,6,0.046945,-0.194412,0.600000
141,7,-0.004092,0.041742,0.316155
141,8,0.041947,0.008142,0.297652
141,9,0.011042,-0.006855,0.313996
141,10,0.001515,0.013330,0.339338
141,11,-0.035209,0.145809,0.000000
141,12,0.035209,-0.145809,0.000000
141,13,-0.002545,0.008827,0.320579
141,14,0.019588,-0.042165,0.304154
141,15,-0.015051,0.008320,0.301989
141,16,0.029108,0.008340,0.301272
141,17,-0.004918,0.015604,0.297186
141,18,0.039172,0.006602,0.330386
141,19,0.009337,-0.020113,0.324700
141,20,-0.009417,-0.001809,0.294052
141,21,0.018029,0.033698,0.272531
141,22,0.020896,0.002109,0.322817
141,23,0.007383,-0.008025,0.299685
141,24,-0.010521,-0.016425,0.277647
142,0,0.000000,0.000000,0.000000
142,1,0.021922,0.002338,0.297426
142,2,0.004254,-0.041373,0.290059
142,3,0.019237,0.037403,0.299183
142,4,-0.019027,-0.037804,0.315741
142,5,-0.053739,0.192645,0.600000
142,6,0.053739,-0.192645,0.600000
142,7,0.010224,-0.023642,0.318826
142,8,-0.016844,0.001653,0.335002
142,9,0.002387,-0.002940,0.369856
142,10,-0.002284,-0.010911,0.303937
142,11,-0.040304,0.144484,0.000000
142,12,0.040304,-0.144484,0.000000
142,13,-0.000650,-0.029190,0.315823
142,14,-0.008280,-0.002115,0.304731
142,15,0.001327,0.024976,0.266688
142,16,0.048816,-0.004943,0.326412
142,17,0.019367,0.034223,0.336797
142,18,-0.019075,0.022710,0.268059
142,19,-0.013136,-0.002840,0.294893
142,20,-0.011471,-0.015523,0.269975
142,21,-0.017585,-0.012288,0.317276
142,22,-0.008474,0.029022,0.336581
142,23,0.010347,-0.012782,0.316887
142,24,-0.017313,0.027961,0.313229
143,0,0.000000,0.000000,0.000000
143,1,0.023430,0.036366,0.311694
143,2,0.006202,0.010242,0.311697
143,3,-0.022704,0.022817,0.304798
143,4,0.002988,-0.003574,0.264262
143,5,-0.060467,0.190640,0.600000
143,6,0.060467,-0.190640,0.600000
143,7,-0.013511,0.016908,0.276385
143,8,0.010650,-0.018164,0.283581
143,9,0.032881,-0.004202,0.261237
143,10,0.022170,0.031848,0.335785
143,11,-0.045350,0.142980,0.000000
143,12,0.045350,-0.142980,0.000000
143,13,0.019036,-0.007462,0.329631
143,14,0.019613,-0.010607,0.336858
143,15,0.031246,0.032421,0.280699
143,16,-0.018598,0.004169,0.283693
143,17,0.040710,0.032513,0.267583
143,18,0.021988,-0.022894,0.306766
143,19,0.012112,-0.008951,0.296702
143,20,-0.021070,-0.027748,0.297081
143,21,-0.015392,0.003713,0.284693
143,22,0.006963,0.014212,0.321153
143,23,0.025896,-0.049862,0.275913
143,24,0.044155,0.032120,0.292469
144,0,0.000000,0.000000,0.000000
144,1,0.031377,0.007910,0.284979
144,2,-0.015444,-0.011859,0.321510
144,3,-0.000946,0.002805,0.302725
144,4,0.002162,0.012916,0.319606
144,5,-0.067120,0.188401,0.600000
144,6,0.067120,-0.188401,0.600000
144,7,0.003812,-0.002761,0.296798
144,8,-0.011870,0.014080,0.284401
144,9,-0.021272,0.009665,0.312322
144,10,-0.002766,-0.023581,0.337015
144,11,-0.050340,0.141301,0.000000
144,12,0.050340,-0.141301,0.000000
144,13,-0.006521,0.013672,0.311514
144,14,-0.027483,0.003463,0.299694
144,15,-0.000166,0.011784,0.314506
144,16,0.018462,0.011274,0.312838
144,17,-0.005937,0.019213,0.288736
144,18,-0.008144,-0.015933,0.287040
144,19,-0.020327,-0.015120,0.317922
144,20,0.021085,-0.000764,0.231234
144,21,0.006147,0.006303,0.307938
144,22,-0.007913,-0.002208,0.301842
144,23,-0.002167,-0.018294,0.313134
144,24,0.006493,-0.013082,0.339059
145,0,0.000000,0.000000,0.000000
145,1,0.035582,0.009295,0.318905
145,2,-0.012379,-0.006067,0.282627
145,3,0.021955,0.024100,0.317927
145,4,-0.047204,0.011044,0.316896
145,5,-0.073690,0.185929,0.600000
145,6,0.073690,-0.185929,0.600000
145,7,0.006101,0.005786,0.325299
145,8,0.001366,-0.022546,0.317922
145,9,0.000963,-0.035258,0.331303
145,10,-0.001294,0.021489,0.259218
145,11,-0.055268,0.139447,0.000000
145,12,0.055268,-0.139447,0.000000
145,13,0.021738,-0.030406,0.309301
145,14,-0.003904,-0.013514,0.280808
145,15,0.037138,0.016987,0.311283
145,16,0.017424,0.019006,0.306372
145,17,-0.002675,0.009721,0.291502
145,18,0.003654,0.007074,0.308469
145,19,0.036337,0.021880,0.320130
145,20,-0.012652,0.014449,0.293715
145,21,-0.008803,-0.005570,0.316145
145,22,-0.019751,-0.001644,0.319021
145,23,-0.005651,0.011057,0.275141
145,24,-0.021243,-0.010901,0.286902
146,0,0.000000,0.000000,0.000000
146,1,-0.003089,-0.002398,0.295053
146,2,-0.041039,0.001643,0.283954
146,3,0.039891,-0.025082,0.277848
146,4,-0.020954,-0.005166,0.302885
146,5,-0.080170,0.183229,0.600000
146,6,0.080170,-0.183229,0.600000
146,7,0.036294,0.044573,0.306236
146,8,0.003156,-0.022070,0.282080
146,9,0.001683,-0.008014,0.279823
146,10,0.003999,0.010774,0.316482
146,11,-0.060127,0.137422,0.000000
146,12,0.060127,-0.137422,0.000000
146,13,0.022380,-0.019590,0.307595
146,14,0.000063,-0.005858,0.281060
146,15,-0.012617,0.031386,0.288405
146,16,0.027044,-0.001953,0.288843
146,17,0.009215,-0.027280,0.295213
146,18,-0.001364,0.009343,0.296548
146,19,-0.002249,-0.027164,0.300404
146,20,-0.007819,0.000408,0.276528
146,21,-0.008118,-0.010663,0.300091
146,22,0.001451,-0.003387,0.272568
146,23,0.006456,0.011054,0.279364
146,24,-0.011992,0.016717,0.298640
147,0,0.000000,0.000000,0.000000
147,1,0.035577,0.005395,0.295990
147,2,0.015934,-0.005168,0.294503
147,3,-0.031567,0.011430,0.298205
147,4,0.006680,0.015948,0.343701
147,5,-0.086551,0.180302,0.600000
147,6,0.086551,-0.180302,0.600000
147,7,0.028354,-0.000062,0.292875
147,8,0.005572,-0.019169,0.303836
147,9,0.007644,0.005104,0.315964
147,10,0.007733,0.028471,0.339259
147,11,-0.064913,0.135227,0.000000
147,12,0.064913,-0.135227,0.000000
147,13,0.001465,-0.028559,0.288591
147,14,-0.010910,-0.017786,0.310232
147,15,-0.013141,-0.009516,0.307078
147,16,0.004669,0.000627,0.304369
147,17,-0.013919,0.015996,0.284522
147,18,0.010299,-0.029003,0.299271
147,19,0.020003,0.019552,0.282223
147,20,0.001248,0.013570,0.291208
147,21,-0.020275,-0.020962,0.312445
147,22,0.030865,0.031021,0.307050
147,23,0.004283,-0.020263,0.279950
147,24,0.012230,0.001240,0.288993
148,0,0.000000,0.000000,0.000000
148,1,-0.030021,0.040017,0.296142
148,2,-0.007484,0.011945,0.300512
148,3,-0.017689,0.015695,0.236217
148,4,0.004956,0.012601,0.330018
148,5,-0.092825,0.177154,0.600000
148,6,0.092825,-0.177154,0.600000
148,7,0.001336,-0.027746,0.289726
148,8,0.016131,0.007201,0.319290
148,9,0.011336,0.004004,0.312009
148,10,0.013229,-0.016786,0.315561
148,11,-0.069619,0.132865,0.000000
148,12,0.069619,-0.132865,0.000000
148,13,-0.012576,0.020751,0.258821
148,14,-0.014360,0.013192,0.309594
148,15,-0.011465,0.035154,0.317698
148,16,0.030975,0.020933,0.320486
148,17,0.011138,-0.021253,0.302799
148,18,0.005463,0.027277,0.331815
148,19,-0.025301,0.016807,0.313314
148,20,0.012390,0.007096,0.288999
148,21,0.020250,-0.022879,0.300339
148,22,0.010163,-0.036171,0.352869
148,23,-0.039976,0.008594,0.306156
148,24,0.029266,0.027046,0.270285
149,0,0.000000,0.000000,0.000000
149,1,0.002334,0.012542,0.328113
149,2,-0.020550,0.013125,0.318245
149,3,0.001651,0.007441,0.299012
149,4,-0.013594,-0.014671,0.297401
149,5,-0.098985,0.173787,0.600000
149,6,0.098985,-0.173787,0.600000
149,7,-0.027555,-0.013354,0.308823
149,8,-0.022916,-0.007866,0.328314
149,9,-0.007317,-0.005860,0.294975
149,10,-0.003942,0.010048,0.282349
149,11,-0.074239,0.130340,0.000000
149,12,0.074239,-0.130340,0.000000
149,13,0.017473,0.007141,0.305625
149,14,0.000751,0.029829,0.313085
149,15,0.012351,-0.010360,0.324628
149,16,0.041203,-0.006603,0.280429
149,17,0.025067,0.005533,0.308876
149,18,0.008437,0.035523,0.328610
149,19,0.067272,0.004067,0.326476
149,20,0.002204,-0.000692,0.313387
149,21,-0.004182,0.003946,0.334549
149,22,-0.022159,0.014853,0.290587
149,23,0.026711,-0.021380,0.253821
149,24,-0.025207,-0.027135,0.288791
150,0,0.000000,0.000000,0.000000
150,1,-0.025067,0.007632,0.276381
150,2,0.006512,-0.015936,0.325675
150,3,-0.003046,-0.012551,0.304847
150,4,-0.034279,0.008527,0.284685
150,5,-0.105023,0.170206,0.600000
150,6,0.105023,-0.170206,0.600000
150,7,-0.002191,0.001255,0.316426
150,8,-0.004085,-0.007864,0.282821
150,9,0.016510,-0.016171,0.257601
150,10,0.036961,-0.015866,0.290626
150,11,-0.078767,0.127655,0.000000
150,12,0.078767,-0.127655,0.000000
150,13,0.010983,0.006104,0.301404
150,14,0.001953,-0.005961,0.276149
150,15,0.042773,0.030956,0.297248
150,16,-0.004866,0.000892,0.273473
150,17,0.039585,-0.023681,0.323281
150,18,-0.001342,-0.055527,0.298768
150,19,0.018918,-0.018174,0.302883
150,20,0.012197,-0.007154,0.304649
150,21,-0.036072,0.009610,0.252850
150,22,0.026298,-0.031618,0.314022
150,23,-0.043554,-0.019030,0.323586
150,24,0.021365,-0.022467,0.328231
151,0,0.000000,0.000000,0.000000
151,1,-0.017406,0.007285,0.302621
151,2,-0.009029,0.021023,0.301575
151,3,0.031193,0.004444,0.323776
151,4,0.039330,0.003580,0.294887
151,5,-0.110932,0.166416,0.600000
151,6,0.110932,-0.166416,0.600000
151,7,0.020926,0.017620,0.302789
151,8,0.015678,-0.009573,0.274907
151,9,0.023476,0.014094,0.293573
151,10,-0.031618,0.028340,0.299384
151,11,-0.083199,0.124812,0.000000
151,12,0.083199,-0.124812,0.000000
151,13,-0.005510,-0.007543,0.316481
151,14,0.029369,0.008056,0.302341
151,15,0.000331,0.006312,0.310906
151,16,-0.030015,0.027505,0.283036
151,17,-0.007577,-0.020251,0.299323
151,18,0.027676,0.007251,0.308075
151,19,-0.024769,0.020096,0.324217
151,20,0.006956,-0.020873,0.306074
151,21,0.017270,0.008494,0.317096
151,22,0.008361,0.023010,0.291246
151,23,0.010547,0.015023,0.310132
151,24,-0.020409,-0.044302,0.319813
152,0,0.000000,0.000000,0.000000
152,1,0.051113,0.022128,0.315702
152,2,-0.027318,0.021077,0.319930
152,3,-0.001215,0.049446,0.275507
152,4,0.018143,-0.005406,0.318962
152,5,-0.116703,0.162420,0.600000
152,6,0.116703,-0.162420,0.600000
152,7,0.034072,0.001233,0.270042
152,8,0.031726,-0.021833,0.333291
152,9,-0.014078,-0.021890,0.298309
152,10,0.018127,-0.000591,0.299546
152,11,-0.087528,0.121815,0.000000
152,12,0.087528,-0.121815,0.000000
152,13,0.036384,0.010586,0.319206
152,14,0.030760,0.001673,0.283543
152,15,-0.000600,0.032728,0.323398
152,16,0.014511,0.029762,0.338856
152,17,-0.001940,-0.014583,0.305232
152,18,0.009984,-0.021187,0.289537
152,19,-0.006564,-0.021616,0.284405
152,20,0.004915,-0.010853,0.302734
152,21,-0.019858,-0.037369,0.321128
152,22,-0.047330,-0.022255,0.297436
152,23,0.004526,0.007545,0.281732
152,24,-0.012771,0.019020,0.271712
153,0,0.000000,0.000000,0.000000
153,1,0.000895,0.033193,0.284206
153,2,-0.002230,-0.000723,0.306517
153,3,-0.020454,-0.008024,0.294647
153,4,0.024671,0.024958,0.305172
153,5,-0.122332,0.158224,0.600000
153,6,0.122332,-0.158224,0.600000
153,7,-0.002922,0.014922,0.357428
153,8,-0.001856,0.031514,0.312664
153,9,-0.004258,-0.011252,0.298493
153,10,0.020730,-0.010456,0.281802
153,11,-0.091749,0.118668,0.000000
153,12,0.091749,-0.118668,0.000000
153,13,0.005071,-0.016551,0.282410
153,14,0.014048,0.016829,0.304376
153,15,-0.006153,-0.013337,0.278865
153,16,0.020799,-0.028446,0.291780
153,17,0.003798,0.014345,0.298230
153,18,0.001199,0.003071,0.266062
153,19,0.000897,-0.020080,0.306481
153,20,0.001654,0.025184,0.316678
153,21,-0.008448,0.026238,0.265179
153,22,0.011389,0.002446,0.295891
153,23,-0.031762,-0.011091,0.276858
153,24,-0.014745,-0.037762,0.301592
154,0,0.000000,0.000000,0.000000
154,1,-0.013431,-0.043214,0.263401
154,2,-0.006821,0.005226,0.321972
154,3,0.015161,0.009113,0.333914
154,4,0.024955,0.023891,0.333624
154,5,-0.127809,0.153834,0.600000
154,6,0.127809,-0.153834,0.600000
154,7,0.028151,-0.005806,0.276650
154,8,0.025336,-0.000502,0.302186
154,9,-0.015984,0.018042,0.306455
154,10,0.007752,0.002716,0.288426
154,11,-0.095857,0.115375,0.000000
154,12,0.095857,-0.115375,0.000000
154,13,0.010193,0.014282,0.296105
154,14,-0.008728,-0.007021,0.268126
154,15,0.030649,-0.002834,0.319654
154,16,0.003717,-0.020080,0.309422
154,17,-0.022206,-0.033966,0.299744
154,18,0.026284,-0.009425,0.297935
154,19,0.026916,0.004164,0.284075
154,20,-0.007746,-0.006757,0.301006
154,21,-0.011410,-0.021429,0.331769
154,22,-0.015899,0.001537,0.277617
154,23,-0.001865,-0.014726,0.319783
154,24,-0.011663,0.026200,0.297656
155,0,0.000000,0.000000,0.000000
155,1,0.004699,-0.029142,0.328890
155,2,0.023868,-0.000873,0.292018
155,3,-0.019013,0.018718,0.292500
155,4,-0.028871,-0.004426,0.275576
155,5,-0.133129,0.149254,0.600000
155,6,0.133129,-0.149254,0.600000
155,7,-0.004457,0.003316,0.311660
155,8,-0.028984,0.005604,0.299301
155,9,0.008736,0.015718,0.289603
155,10,0.006127,-0.034557,0.266583
155,11,-0.099847,0.111940,0.000000
155,12,0.099847,-0.111940,0.000000
155,13,0.016539,0.002462,0.311591
155,14,0.022243,-0.026912,0.276524
155,15,-0.013677,0.003916,0.308677
155,16,0.003918,-0.013085,0.332040
155,17,-0.006049,0.010261,0.281098
155,18,0.002010,-0.018306,0.322078
155,19,-0.020062,-0.029699,0.292183
155,20,-0.012302,-0.015746,0.296035
155,21,-0.011467,-0.010300,0.313194
155,22,-0.025213,-0.027501,0.290622
155,23,-0.020414,-0.018464,0.328357
155,24,0.000226,-0.010374,0.285718
156,0,0.000000,0.000000,0.000000
156,1,0.002543,0.031875,0.291996
156,2,0.030989,0.014882,0.311549
156,3,-0.014600,0.011435,0.293097
156,4,-0.021252,-0.007875,0.318511
156,5,-0.138285,0.144490,0.600000
156,6,0.138285,-0.144490,0.600000
156,7,-0.045811,-0.029786,0.337617
156,8,0.012540,0.002708,0.293548
156,9,0.000653,-0.029655,0.299873
156,10,0.001468,0.016308,0.289699
156,11,-0.103714,0.108367,0.000000
156,12,0.103714,-0.108367,0.000000
156,13,-0.026028,-0.003565,0.289119
156,14,0.011732,0.007630,0.326312
156,15,-0.031379,-0.000689,0.280420
156,16,0.004591,-0.043507,0.309969
156,17,-0.000105,-0.000196,0.298080
156,18,0.006451,0.005369,0.283624
156,19,-0.012771,0.017188,0.288589
156,20,-0.042528,-0.033457,0.286183
156,21,0.021493,-0.032947,0.290360
156,22,0.002446,0.020375,0.313440
156,23,0.043625,-0.018044,0.283569
156,24,0.033363,0.044661,0.314547
157,0,0.000000,0.000000,0.000000
157,1,-0.004707,-0.025388,0.323653
157,2,-0.036752,-0.008030,0.303848
157,3,0.031935,-0.002290,0.290220
157,4,-0.011120,0.013518,0.289217
157,5,-0.143271,0.139548,0.600000
157,6,0.143271,-0.139548,0.600000
157,7,0.037555,-0.012030,0.335045
157,8,-0.015387,0.021899,0.312770
157,9,-0.009377,-0.015613,0.287656
157,10,-0.026424,-0.000440,0.285170
157,11,-0.107453,0.104661,0.000000
157,12,0.107453,-0.104661,0.000000
157,13,-0.011209,-0.014088,0.276935
157,14,-0.035118,-0.045682,0.313524
157,15,0.017458,-0.007706,0.265297
157,16,-0.001954,-0.009140,0.292780
157,17,-0.015039,0.018382,0.289268
157,18,0.011083,-0.022654,0.313401
157,19,-0.027683,0.006242,0.308257
157,20,0.034733,-0.000801,0.278901
157,21,-0.024158,0.016480,0.317931
157,22,0.000971,0.000388,0.280637
157,23,0.009971,0.014117,0.262910
157,24,0.005612,-0.023011,0.306934
158,0,0.000000,0.000000,0.000000
158,1,0.002945,-0.000891,0.288057
158,2,0.027590,-0.009147,0.335072
158,3,0.003806,0.001123,0.298718
158,4,-0.020241,-0.010848,0.275400
158,5,-0.148080,0.134434,0.600000
158,6,0.148080,-0.134434,0.600000
158,7,0.010105,-0.045327,0.307668
158,8,0.009307,-0.011610,0.313044
158,9,-0.006832,-0.017764,0.293469
158,10,0.042872,-0.024966,0.281823
158,11,-0.111060,0.100825,0.000000
158,12,0.111060,-0.100825,0.000000
158,13,-0.002321,0.000957,0.297430
158,14,-0.018178,-0.016634,0.268788
158,15,0.008298,-0.016619,0.301521
158,16,0.006883,-0.005436,0.302420
158,17,-0.016571,-0.012024,0.269359
158,18,-0.019512,0.008618,0.314220
158,19,-0.042144,-0.027392,0.323795
158,20,-0.021912,0.004103,0.302234
158,21,0.037273,-0.040321,0.277416
158,22,0.015216,0.003303,0.311323
158,23,0.005385,-0.013973,0.268002
158,24,0.015149,-0.008333,0.287132
159,0,0.000000,0.000000,0.000000
159,1,0.010046,0.000246,0.330848
159,2,-0.003473,-0.021780,0.325564
159,3,0.006713,-0.020286,0.310286
159,4,0.011313,-0.011796,0.281067
159,5,-0.152706,0.129154,0.600000
159,6,0.152706,-0.129154,0.600000
159,7,0.001582,-0.001798,0.283876
159,8,-0.004066,-0.011599,0.307158
159,9,0.018324,0.024512,0.311429
159,10,-0.000175,-0.006939,0.307097
159,11,-0.114530,0.096866,0.000000
159,12,0.114530,-0.096866,0.000000
159,13,-0.033245,0.034524,0.287759
159,14,0.005314,0.002923,0.323348
159,15,-0.012389,-0.001800,0.280961
159,16,-0.011494,0.027813,0.349614
159,17,0.030286,0.023684,0.295355
159,18,-0.009939,0.015580,0.298747
159,19,-0.036120,-0.009211,0.323334
159,20,0.051100,0.011488,0.293620
159,21,-0.013700,0.014630,0.309553
159,22,0.018964,-0.002659,0.298827
159,23,-0.037905,-0.001570,0.302636
159,24,-0.008320,-0.004591,0.319142
160,0,0.000000,0.000000,0.000000
160,1,-0.039559,0.018126,0.317280
160,2,-0.004611,0.008370,0.287429
160,3,-0.000699,-0.003967,0.298414
160,4,0.024389,-0.024630,0.298734
160,5,-0.157145,0.123715,0.600000
160,6,0.157145,-0.123715,0.600000
160,7,-0.033607,-0.028661,0.297282
160,8,0.011332,-0.030405,0.299654
160,9,-0.003646,0.026861,0.294623
160,10,0.002332,0.034731,0.290626
160,11,-0.117859,0.092787,0.000000
160,12,0.117859,-0.092787,0.000000
160,13,0.004243,-0.008281,0.337863
160,14,-0.008705,0.016971,0.301121
160,15,-0.014471,-0.009214,0.342363
160,16,-0.013302,0.012458,0.277936
160,17,0.001525,0.008828,0.328678
160,18,0.014220,-0.025495,0.308806
160,19,0.044359,0.016162,0.293225
160,20,0.004678,0.016952,0.280680
160,21,0.033023,-0.007725,0.332755
160,22,0.013109,0.004133,0.317572
160,23,-0.018586,-0.001376,0.309919
160,24,0.043070,-0.019074,0.291863
161,0,0.000000,0.000000,0.000000
161,1,-0.004788,-0.026893,0.271782
161,2,-0.022254,0.029136,0.291183
161,3,0.033224,0.011072,0.308217
161,4,-0.014260,0.001938,0.323119
161,5,-0.161390,0.118124,0.600000
161,6,0.161390,-0.118124,0.600000
161,7,-0.019823,0.028662,0.296778
161,8,-0.003519,-0.003372,0.306934
161,9,0.016875,0.007131,0.291254
161,10,0.022962,0.015591,0.332180
161,11,-0.121042,0.088593,0.000000
161,12,0.121042,-0.088593,0.000000
161,13,-0.002453,0.010449,0.304098
161,14,0.028938,0.024750,0.288973
161,15,0.001290,0.003090,0.275475
161,16,-0.004161,0.022132,0.314067
161,17,0.004225,-0.019975,0.310560
161,18,-0.003699,-0.011085,0.280074
161,19,0.021849,0.008461,0.298624
161,20,-0.009135,0.026222,0.285329
161,21,0.014713,-0.007148,0.285399
161,22,0.005859,-0.013589,0.294235
161,23,-0.019237,-0.034474,0.311805
161,24,-0.012204,0.002157,0.269533
162,0,0.000000,0.000000,0.000000
162,1,0.003879,-0.020766,0.254906
162,2,-0.025510,-0.012939,0.309743
162,3,-0.011327,-0.010619,0.263080
162,4,-0.010441,0.009494,0.310062
162,5,-0.165436,0.112388,0.600000
162,6,0.165436,-0.112388,0.600000
162,7,0.018415,-0.000289,0.288388
162,8,-0.032036,0.014816,0.283399
162,9,-0.021526,-0.015997,0.284584
162,10,-0.002753,0.027332,0.308983
162,11,-0.124077,0.084291,0.000000
162,12,0.124077,-0.084291,0.000000
162,13,-0.036669,0.000769,0.307278
162,14,-0.003017,0.019617,0.337370
162,15,0.004408,-0.008435,0.303708
162,16,0.020828,0.000575,0.294282
162,17,-0.003981,0.038473,0.289345
162,18,0.004577,0.029818,0.298557
162,19,-0.001953,0.003794,0.326100
162,20,0.014418,0.002665,0.303370
162,21,0.010416,-0.027164,0.264672
162,22,-0.031462,-0.005230,0.306742
162,23,-0.015201,0.007504,0.311495
162,24,0.006893,0.019063,0.295911
163,0,0.000000,0.000000,0.000000
163,1,-0.030439,0.032113,0.305008
163,2,0.016538,0.005927,0.295157
163,3,0.005837,0.018741,0.265893
163,4,-0.015639,0.021547,0.273858
163,5,-0.169278,0.106513,0.600000
163,6,0.169278,-0.106513,0.600000
163,7,-0.007364,-0.032335,0.276357
163,8,0.006042,-0.006333,0.277676
163,9,0.040731,-0.023939,0.287551
163,10,-0.014182,0.007090,0.326767
163,11,-0.126959,0.079884,0.000000
163,12,0.126959,-0.079884,0.000000
163,13,0.013353,0.001627,0.283272
163,14,0.020180,-0.025048,0.266187
163,15,-0.028764,-0.039523,0.278423
163,16,0.018254,0.014556,0.307828
163,17,0.000501,0.013595,0.298959
163,18,0.021379,0.039368,0.284563
163,19,-0.022284,-0.001401,0.271799
163,20,0.020234,-0.010072,0.293673
163,21,0.002398,0.000560,0.342176
163,22,-0.002956,-0.064690,0.303750
163,23,0.008914,0.007330,0.285395
163,24,0.001730,-0.020914,0.333129
164,0,0.000000,0.000000,0.000000
164,1,-0.006320,0.010972,0.289739
164,2,0.026908,0.001424,0.313735
164,3,0.010320,0.011135,0.309681
164,4,0.004523,0.013815,0.317931
164,5,-0.172912,0.100506,0.600000
164,6,0.172912,-0.100506,0.600000
164,7,-0.032437,0.016611,0.284883
164,8,0.016039,0.022554,0.291058
164,9,0.000429,0.002606,0.311390
164,10,0.012483,0.013148,0.291218
164,11,-0.129684,0.075380,0.000000
164,12,0.129684,-0.075380,0.000000
164,13,-0.010567,-0.019706,0.299360
164,14,0.015888,0.009305,0.314128
164,15,-0.001379,-0.008138,0.285713
164,16,0.010186,-0.029505,0.267541
164,17,-0.008849,0.011854,0.286927
164,18,-0.002097,0.011301,0.262738
164,19,-0.020563,-0.039343,0.285531
164,20,-0.025906,0.009611,0.318764
164,21,-0.016388,0.044037,0.280086
164,22,-0.003045,0.029472,0.315244
164,23,0.028665,-0.009770,0.275647
164,24,-0.027663,0.022736,0.317557
165,0,0.000000,0.000000,0.000000
165,1,-0.007633,0.006515,0.311920
165,2,-0.000483,0.043332,0.303532
165,3,-0.008611,0.019559,0.263729
165,4,0.011447,-0.032153,0.290800
165,5,-0.176333,0.094376,0.600000
165,6,0.176333,-0.094376,0.600000
165,7,-0.023478,0.020081,0.290739
165,8,-0.019223,0.004601,0.341757
165,9,-0.020756,0.016861,0.322940
165,10,0.035470,0.004015,0.270173
165,11,-0.132249,0.070782,0.000000
165,12,0.132249,-0.070782,0.000000
165,13,0.001967,0.001965,0.304813
165,14,0.034052,-0.025750,0.296671
165,15,0.016758,-0.021927,0.287715
165,16,-0.016791,-0.004267,0.308517
165,17,-0.013654,0.009817,0.294043
165,18,-0.010007,-0.006067,0.323208
165,19,0.018965,0.023038,0.338380
165,20,-0.020792,0.021092,0.297150
165,21,-0.021724,-0.003104,0.292617
165,22,0.034201,-0.003266,0.315036
165,23,-0.013780,-0.013255,0.279958
165,24,0.020470,0.000395,0.296745
166,0,0.000000,0.000000,0.000000
166,1,-0.029828,-0.005647,0.281155
166,2,-0.013239,-0.035353,0.307161
166,3,0.030281,-0.002855,0.295944
166,4,0.047767,-0.013872,0.278384
166,5,-0.179536,0.088130,0.600000
166,6,0.179536,-0.088130,0.600000
166,7,-0.027970,-0.018447,0.308517
166,8,-0.014551,-0.011672,0.289953
166,9,-0.012937,0.025629,0.319651
166,10,-0.009435,-0.010941,0.311890
166,11,-0.134652,0.066097,0.000000
166,12,0.134652,-0.066097,0.000000
166,13,0.021795,-0.014857,0.284419
166,14,0.004955,-0.032897,0.314737
166,15,0.011165,0.004501,0.307218
166,16,0.018869,-0.025156,0.324920
166,17,0.017746,-0.023639,0.286913
166,18,0.035477,-0.025132,0.319304
166,19,-0.012026,0.024716,0.319302
166,20,0.011342,0.019767,0.289149
166,21,0.019376,-0.006928,0.275929
166,22,-0.003543,0.014492,0.308362
166,23,0.031224,0.038333,0.302750
166,24,-0.012194,-0.019218,0.322862
167,0,0.000000,0.000000,0.000000
167,1,-0.009188,-0.016695,0.281113
167,2,0.004265,-0.019742,0.271917
167,3,-0.012187,-0.047271,0.310101
167,4,0.004170,0.035590,0.315388
167,5,-0.182518,0.081775,0.600000
167,6,0.182518,-0.081775,0.600000
167,7,0.005179,0.013264,0.291621
167,8,-0.041195,-0.030504,0.307128
167,9,0.000695,0.016316,0.302776
167,10,0.021775,-0.029283,0.336054
167,11,-0.136889,0.061331,0.000000
167,12,0.136889,-0.061331,0.000000
167,13,-0.002279,0.003229,0.328801
167,14,-0.014386,-0.024827,0.280665
167,15,0.013819,-0.014153,0.347632
167,16,0.061833,-0.020764,0.303628
167,17,0.003739,-0.005731,0.309974
167,18,-0.002441,-0.035300,0.345746
167,19,-0.048926,0.010331,0.288030
167,20,0.015549,-0.022035,0.304178
167,21,-0.029003,-0.004627,0.300827
167,22,0.007821,-0.014247,0.292870
167,23,-0.006527,-0.005298,0.296207
167,24,0.012627,0.000811,0.321776
168,0,0.000000,0.000000,0.000000
168,1,0.012829,0.009786,0.330133
168,2,-0.036598,0.035085,0.288433
168,3,-0.042159,0.024290,0.320718
168,4,-0.003718,-0.007472,0.268152
168,5,-0.185276,0.075319,0.600000
168,6,0.185276,-0.075319,0.600000
168,7,-0.030952,0.002114,0.332022
168,8,0.000255,0.006412,0.281073
168,9,-0.003527,-0.007604,0.301016
168,10,-0.015501,-0.014821,0.277173
168,11,-0.138957,0.056489,0.000000
168,12,0.138957,-0.056489,0.000000
168,13,0.022997,-0.004117,0.307736
168,14,-0.009332,0.030742,0.315884
168,15,0.004556,0.040576,0.307413
168,16,0.018179,0.007464,0.302922
168,17,0.027003,-0.009027,0.296428
168,18,0.016709,-0.004035,0.290499
168,19,-0.026858,0.000799,0.302483
168,20,0.056229,-0.026437,0.309384
168,21,-0.022314,0.009415,0.283575
168,22,0.010544,-0.011017,0.277346
168,23,0.024809,-0.003153,0.304559
168,24,-0.007698,0.006645,0.314062
169,0,0.000000,0.000000,0.000000
169,1,-0.036537,0.003437,0.268257
169,2,-0.005264,-0.005101,0.291160
169,3,-0.003064,0.010206,0.307971
169,4,0.012573,-0.022764,0.273487
169,5,-0.187805,0.068770,0.600000
169,6,0.187805,-0.068770,0.600000
169,7,-0.028245,0.009126,0.324366
169,8,0.001206,-0.036005,0.297872
169,9,-0.016174,-0.013077,0.302760
169,10,-0.013090,-0.014535,0.289366
169,11,-0.140854,0.051578,0.000000
169,12,0.140854,-0.051578,0.000000
169,13,0.033166,0.013970,0.321853
169,14,-0.023342,-0.023768,0.288076
169,15,0.026437,-0.026271,0.277482
169,16,-0.040245,-0.006499,0.312065
169,17,0.011809,-0.049797,0.271974
169,18,-0.007005,0.013944,0.302867
169,19,-0.021715,0.006869,0.317343
169,20,-0.021330,-0.009715,0.318674
169,21,0.022986,-0.035003,0.290650
169,22,-0.014066,-0.000233,0.318132
169,23,-0.025821,-0.034883,0.286279
169,24,-0.006270,-0.031773,0.303994
170,0,0.000000,0.000000,0.000000
170,1,-0.004860,0.000255,0.275935
170,2,-0.016122,-0.011613,0.284084
170,3,-0.019551,0.004662,0.313442
170,4,-0.021181,-0.028943,0.294096
170,5,-0.190103,0.062137,0.600000
170,6,0.190103,-0.062137,0.600000
170,7,0.011458,-0.013827,0.289329
170,8,0.011846,-0.010541,0.278050
170,9,0.001949,-0.037294,0.289055
170,10,0.013157,0.015395,0.286709
170,11,-0.142577,0.046603,0.000000
170,12,0.142577,-0.046603,0.000000
170,13,0.001677,-0.001678,0.301011
170,14,-0.006073,-0.011529,0.311356
170,15,-0.019092,-0.006481,0.305368
170,16,-0.006735,0.043542,0.324594
170,17,-0.008133,-0.004057,0.302736
170,18,-0.054282,-0.011315,0.253957
170,19,0.004528,-0.008304,0.334219
170,20,-0.011511,-0.015340,0.279467
170,21,0.032550,-0.002169,0.326805
170,22,-0.006253,-0.032277,0.282670
170,23,0.019081,0.031204,0.318472
170,24,0.000678,0.000625,0.289445
171,0,0.000000,0.000000,0.000000
171,1,0.006512,0.005272,0.273173
171,2,-0.016350,-0.006101,0.305105
171,3,0.025766,0.030570,0.311840
171,4,-0.000349,0.001006,0.297985
171,5,-0.192166,0.055427,0.600000
171,6,0.192166,-0.055427,0.600000
171,7,0.032602,-0.007843,0.299988
171,8,0.001913,0.019498,0.296666
171,9,0.006094,-0.007113,0.337524
171,10,-0.001887,-0.008106,0.322455
171,11,-0.144125,0.041570,0.000000
171,12,0.144125,-0.041570,0.000000
171,13,-0.035892,0.024725,0.271875
171,14,0.007055,0.019021,0.276388
171,15,0.010351,-0.013498,0.297537
171,16,0.001097,-0.012518,0.284863
171,17,-0.008078,0.015391,0.287362
171,18,0.023635,0.053782,0.299540
171,19,0.015735,0.014989,0.304040
171,20,0.007859,0.021976,0.295877
171,21,0.013799,-0.028847,0.319339
171,22,0.016432,0.005480,0.279760
171,23,-0.010403,-0.020610,0.293153
171,24,-0.021058,-0.008138,0.292806
172,0,0.000000,0.000000,0.000000
172,1,0.018370,0.012450,0.328158
172,2,0.013683,0.018094,0.311233
172,3,0.031755,0.009449,0.278357
172,4,0.019402,-0.023249,0.297256
172,5,-0.193993,0.048649,0.600000
172,6,0.193993,-0.048649,0.600000
172,7,0.002529,0.026046,0.298295
172,8,-0.018793,-0.006673,0.281585
172,9,0.009929,-0.009548,0.309085
172,10,0.022730,-0.003519,0.314488
172,11,-0.145495,0.036487,0.000000
172,12,0.145495,-0.036487,0.000000
172,13,0.015799,-0.057172,0.280368
172,14,-0.006947,-0.025598,0.310546
172,15,-0.028523,-0.017327,0.298943
172,16,-0.030201,-0.002748,0.321663
172,17,-0.050741,0.010150,0.270050
172,18,-0.027362,-0.000530,0.309072
172,19,-0.003145,0.015661,0.300246
172,20,-0.009650,0.002780,0.293983
172,21,0.003494,0.011370,0.340885
172,22,0.022183,0.005099,0.287590
172,23,0.038299,0.015657,0.292325
172,24,0.005430,-0.027430,0.316688
173,0,0.000000,0.000000,0.000000
173,1,-0.004488,0.017660,0.299601
173,2,0.005389,0.025695,0.290717
173,3,0.010708,0.000906,0.341743
173,4,0.003100,0.029059,0.278701
173,5,-0.195581,0.041811,0.600000
173,6,0.195581,-0.041811,0.600000
173,7,-0.003067,-0.003990,0.297773
173,8,0.004269,0.009268,0.289572
173,9,0.004404,0.040692,0.305916
173,10,-0.029437,0.004091,0.296404
173,11,-0.146686,0.031358,0.000000
173,12,0.146686,-0.031358,0.000000
173,13,0.024412,-0.001158,0.312155
173,14,0.018502,-0.005707,0.358951
173,15,0.018998,-0.019282,0.278545
173,16,0.004028,0.014828,0.302745
173,17,-0.016783,-0.006269,0.284155
173,18,0.023688,-0.004059,0.320753
173,19,0.010578,0.013760,0.299205
173,20,-0.006175,-0.010190,0.290974
173,21,-0.027270,-0.015122,0.314530
173,22,0.031495,-0.021744,0.299459
173,23,0.015765,0.008727,0.333868
173,24,0.023952,-0.002593,0.308697
174,0,0.000000,0.000000,0.000000
174,1,-0.022721,-0.006999,0.293522
174,2,-0.002177,-0.022646,0.318118
174,3,-0.008502,-0.020132,0.247182
174,4,-0.024759,-0.026782,0.291609
174,5,-0.196928,0.034922,0.600000
174,6,0.196928,-0.034922,0.600000
174,7,0.039678,-0.029174,0.330052
174,8,-0.002168,-0.019961,0.307163
174,9,-0.021911,0.010828,0.305927
174,10,-0.007173,0.001726,0.310432
174,11,-0.147696,0.026191,0.000000
174,12,0.147696,-0.026191,0.000000
174,13,-0.004404,0.002116,0.271419
174,14,-0.042747,-0.000109,0.280604
174,15,-0.000291,-0.012838,0.309256
174,16,-0.022197,0.002767,0.315219
174,17,0.010061,-0.010817,0.284289
174,18,0.021212,-0.007532,0.293309
174,19,0.001381,-0.007803,0.275617
174,20,0.046562,0.009770,0.258890
174,21,-0.006763,0.001718,0.314268
174,22,0.001455,-0.022236,0.287076
174,23,0.006185,0.019330,0.304346
174,24,-0.006735,0.017548,0.326407
175,0,0.000000,0.000000,0.000000
175,1,0.002125,0.009574,0.306453
175,2,0.022192,-0.019167,0.309149
175,3,-0.015574,-0.012254,0.287386
175,4,0.004896,0.007266,0.314661
175,5,-0.198032,0.027989,0.600000
175,6,0.198032,-0.027989,0.600000
175,7,-0.022998,-0.027297,0.298212
175,8,-0.001192,0.018259,0.307505
175,9,-0.015303,0.025482,0.278075
175,10,-0.015993,0.037058,0.308862
175,11,-0.148524,0.020992,0.000000
175,12,0.148524,-0.020992,0.000000
175,13,-0.041271,0.007344,0.302185
175,14,0.011070,-0.027340,0.291738
175,15,-0.030051,-0.008954,0.299246
175,16,0.008548,-0.028359,0.295302
175,17,0.023467,-0.005819,0.322123
175,18,0.012324,-0.036981,0.303488
175,19,0.010896,-0.015932,0.310115
175,20,0.011794,-0.040976,0.282458
175,21,-0.010306,0.012014,0.295004
175,22,-0.005915,-0.002503,0.286517
175,23,-0.005378,0.031177,0.306888
175,24,0.021187,0.038657,0.305424
176,0,0.000000,0.000000,0.000000
176,1,-0.015591,0.006138,0.293703
176,2,0.026206,-0.000594,0.279674
176,3,-0.005811,0.013445,0.291700
176,4,-0.029353,-0.022713,0.289646
176,5,-0.198892,0.021022,0.600000
176,6,0.198892,-0.021022,0.600000
176,7,-0.002115,0.000946,0.298997
176,8,0.020731,-0.014563,0.299313
176,9,-0.005762,0.000621,0.265863
176,10,-0.014147,-0.039325,0.322644
176,11,-0.149169,0.015767,0.000000
176,12,0.149169,-0.015767,0.000000
176,13,0.023584,-0.010377,0.330475
176,14,-0.008122,-0.022958,0.300439
176,15,0.027322,-0.016041,0.278986
176,16,0.017359,0.002595,0.283225
176,17,0.033667,0.018609,0.295130
176,18,-0.006949,0.004849,0.302044
176,19,-0.021606,-0.001805,0.322451
176,20,-0.001503,-0.028198,0.299592
176,21,-0.013810,-0.010525,0.306506
176,22,0.009940,-0.018913,0.317459
176,23,-0.011389,0.055576,0.311772
176,24,-0.007654,-0.014480,0.307077
177,0,0.000000,0.000000,0.000000
177,1,0.011297,0.011963,0.321162
177,2,0.034845,-0.021849,0.271810
177,3,0.018420,-0.005542,0.313232
177,4,0.003317,-0.027883,0.274075
177,5,-0.199507,0.014029,0.600000
177,6,0.199507,-0.014029,0.600000
177,7,0.017866,-0.046189,0.324050
177,8,-0.002816,0.007829,0.268376
177,9,0.017029,-0.012252,0.246657
177,10,0.022263,-0.031244,0.303601
177,11,-0.149631,0.010522,0.000000
177,12,0.149631,-0.010522,0.000000
177,13,-0.000914,0.004507,0.306540
177,14,-0.005555,0.008352,0.321345
177,15,0.019277,0.012823,0.288868
177,16,0.004819,-0.017767,0.293920
177,17,-0.031131,0.018846,0.322941
177,18,0.004272,-0.015259,0.347566
177,19,-0.030769,-0.021750,0.279554
177,20,0.001888,-0.012200,0.304760
177,21,0.027121,0.002739,0.308271
177,22,-0.021626,0.011041,0.305936
177,23,0.030899,-0.026549,0.346359
177,24,0.027890,0.013115,0.307000
178,0,0.000000,0.000000,0.000000
178,1,0.008233,0.022524,0.300852
178,2,0.013239,0.000445,0.311927
178,3,0.001081,0.017461,0.304588
178,4,0.001830,0.026821,0.291858
178,5,-0.199877,0.007019,0.600000
178,6,0.199877,-0.007019,0.600000
178,7,0.015985,0.023488,0.302521
178,8,0.001866,-0.019153,0.309777
178,9,-0.001512,0.008334,0.279856
178,10,0.014923,0.046421,0.282761
178,11,-0.149908,0.005264,0.000000
178,12,0.149908,-0.005264,0.000000
178,13,0.000581,0.030534,0.311533
178,14,-0.009103,0.008564,0.291653
178,15,-0.015875,-0.013042,0.290817
178,16,-0.035010,0.013312,0.305799
178,17,0.017779,0.011390,0.295430
178,18,-0.019702,0.002736,0.302970
178,19,-0.010482,0.009629,0.286282
178,20,0.002575,0.018920,0.318536
178,21,0.009310,0.046060,0.310013
178,22,0.026096,-0.010826,0.344962
178,23,-0.016531,0.015025,0.339164
178,24,0.012980,0.002755,0.282205
179,0,0.000000,0.000000,0.000000
179,1,-0.002287,-0.015870,0.297742
179,2,0.027577,0.036018,0.296272
179,3,-0.029682,0.010258,0.345983
179,4,0.028423,0.017155,0.315863
179,5,-0.200000,-0.000000,0.600000
179,6,0.200000,0.000000,0.600000
179,7,0.021796,-0.019494,0.295455
179,8,0.010676,-0.009678,0.267583
179,9,-0.035062,0.024799,0.294826
179,10,0.006419,0.006526,0.307517
179,11,-0.150000,-0.000000,0.000000
179,12,0.150000,0.000000,0.000000
179,13,-0.011163,0.004420,0.325130
179,14,-0.009274,-0.011990,0.291823
179,15,0.001773,0.031164,0.286128
179,16,-0.019284,-0.013632,0.303622
179,17,-0.006053,0.029862,0.273388
179,18,0.034007,-0.020952,0.308457
179,19,0.005306,-0.005385,0.287592
179,20,0.023251,-0.000316,0.289553
179,21,0.017237,0.008657,0.301139
179,22,-0.014999,-0.004590,0.322132
179,23,0.013573,0.039716,0.326017
179,24,0.006226,-0.013078,0.325003
